dataset,regime,seed,M_density,classes_without_expert,proxy_coverage,fallback_count,mean_selected_teachers,cache_sha256,M_sha256,proxy_sha256,proxy_labels_sha256,teachers_sha256,artifact_creation_commit
mnist,iid,42,1.0,[],1.0,0,10.0,1c4c00d5a8782ab5dc03a856baacc1e6bb134e73805febca3945c8bb2e4a855b,80f93e8c7d0e1e083e6aab0b073011d858d092951eb4bb2d595cd43173e04704,d6100cfa5d3571a1ff2c6b7927e7a5cc702b95806e13423a2da32c102d68c20d,c675c07ca4b404432cdfca8572fe34493de68ea756a4b3ee7c70ec17714a925c,6dfc4565af07a760e65caf28804d7b2a05a1276379c941a460d4d758aa75662b,7ec812be75663f47fb1c9726f93e3688d8b157f3
mnist,iid,43,0.98,[],1.0,0,9.8,8ac88c9f1a75ccda0684de74cb99754aec0a00b42071fed4220bc725afbd5a03,c71a836fb18c224322482aff09b171a1f8d84ddad62b65d79efc561e33930e21,107efb320922a5311b91b47974f03876544bfaeb39719aa1e062bfdf103fd6e0,0ef12c320cfa1f93a852406370e80eb0b1e4b1731704727c3a1f9b691f1c9e9f,4d84e29cf932a59834e98485c4a1c0519f66fd3383a702e56dae0373970ea054,7ec812be75663f47fb1c9726f93e3688d8b157f3
mnist,iid,44,1.0,[],1.0,0,10.0,2be687a7dd5628056a9971fbdadae93b40c89d02a356ccc1b2d8b00bafeb221a,80f93e8c7d0e1e083e6aab0b073011d858d092951eb4bb2d595cd43173e04704,0c710d4d5b2c5e064b2444fd8c0541add01b6425e0bc35a453b2dc93767844dd,a96d9b64b59dbeb37ade490f77bbe3b7b6d8967aca976988020a1c572b3711a9,b7a100e1560fb882e665a2e617204ff4b513343c65b2daf81536dc7c287822b7,7ec812be75663f47fb1c9726f93e3688d8b157f3
mnist,alpha1p0,42,0.85,[],1.0,0,8.5,1ee8a9739c99917174c92d57423b9aa95a139d3c9001f26cf1f675650f598b41,1769e55a274edd8fde7ce78f67c69efc41f316699db14eb618a7a583ee1a4d45,d6100cfa5d3571a1ff2c6b7927e7a5cc702b95806e13423a2da32c102d68c20d,c675c07ca4b404432cdfca8572fe34493de68ea756a4b3ee7c70ec17714a925c,8f6fc695626a5c3c1823f09af98766c72629c61a550214fa723842e15c24341b,7ec812be75663f47fb1c9726f93e3688d8b157f3
mnist,alpha1p0,43,0.87,[],1.0,0,8.7,ff04b0252c3ccff7e7c9e843e924552abc98cfd604fac7fc737af84621655cd7,fbffb618aec84f560646af13acf9311ec6545311c1069781e5769e1ea4da706f,107efb320922a5311b91b47974f03876544bfaeb39719aa1e062bfdf103fd6e0,0ef12c320cfa1f93a852406370e80eb0b1e4b1731704727c3a1f9b691f1c9e9f,8dcd84e3a19a03edd4e991afcd4b0d2502c7273144ca1c24ce573c6d4f913325,7ec812be75663f47fb1c9726f93e3688d8b157f3
mnist,alpha1p0,44,0.83,[],1.0,0,8.3,c2b2687c5bac374406192f0e0c7b62a74251251a0245f84a6d21cc2170d2aae2,0650d165310dbc4d98971a03727dec20db2324f54decbfd7940ca9962cbcd167,0c710d4d5b2c5e064b2444fd8c0541add01b6425e0bc35a453b2dc93767844dd,a96d9b64b59dbeb37ade490f77bbe3b7b6d8967aca976988020a1c572b3711a9,b0fbe1316aa06b3aca2623bea591e6cf1c7163d67fa54355217ef7c31d59cdcd,7ec812be75663f47fb1c9726f93e3688d8b157f3
mnist,alpha0p5,42,0.73,[],1.0,0,7.3,67ba36a524103132452e244163fa770344870afabeada27dd648b46b93ab881c,3ae930a3d455fc72ab3b3be5987cdf360256a9dad8863ce77738b057cc6ceadd,d6100cfa5d3571a1ff2c6b7927e7a5cc702b95806e13423a2da32c102d68c20d,c675c07ca4b404432cdfca8572fe34493de68ea756a4b3ee7c70ec17714a925c,453ba4e63eb5ee11585ef01de40201eb01fb6e643bc931118457688a948082e3,7ec812be75663f47fb1c9726f93e3688d8b157f3
mnist,alpha0p5,43,0.73,[],1.0,0,7.3,f68e0135bfb79bc81d8248bcca893ffc6452b860d96435aecd30e9ff55b8074a,04143945fb8e4442c3455972f3dcbb27819a04f68401bb1f636c2028c1f9ff7f,107efb320922a5311b91b47974f03876544bfaeb39719aa1e062bfdf103fd6e0,0ef12c320cfa1f93a852406370e80eb0b1e4b1731704727c3a1f9b691f1c9e9f,cf62998e98fe35b56945ad5104a874d7a628fa06594902858bf6a257ad254fbd,7ec812be75663f47fb1c9726f93e3688d8b157f3
mnist,alpha0p5,44,0.76,[],1.0,0,7.6,811d590e26b98e5ce2a005c04ccba0033f209e6b7e3daf41b3766e1c12636339,99905278cc3440f8f543b794a44a1dcc228233c140cf853ac7b5d388880577c6,0c710d4d5b2c5e064b2444fd8c0541add01b6425e0bc35a453b2dc93767844dd,a96d9b64b59dbeb37ade490f77bbe3b7b6d8967aca976988020a1c572b3711a9,470ce07455d6d7e0cde3cf30d38ff77856ad0bc88900036a6d4c3a856031588f,7ec812be75663f47fb1c9726f93e3688d8b157f3
mnist,alpha0p1,42,0.48,[],1.0,0,4.8,e20270ca96acb6652f0c3bd9824939b190449f09c353f40c10ebacac5452d657,06ed36d10f15ccf7d7bc7d3dd31476e9709437718660aac1fbc95b258373e375,d6100cfa5d3571a1ff2c6b7927e7a5cc702b95806e13423a2da32c102d68c20d,c675c07ca4b404432cdfca8572fe34493de68ea756a4b3ee7c70ec17714a925c,6eceb1fefed5da7b66b3c267c5cb7bff4557d9bd50123e8cabce5c5cd03392e9,7ec812be75663f47fb1c9726f93e3688d8b157f3
mnist,alpha0p1,43,0.33,[],1.0,0,3.3,534c78641db8e07d8d24964810b19631b672c312ac678b1a44ebe23829d83e4b,0e10ee09fa72d5f2b61998dc3b779b1e97ec24bbbb6e1e8656f809def1ae2a1c,107efb320922a5311b91b47974f03876544bfaeb39719aa1e062bfdf103fd6e0,0ef12c320cfa1f93a852406370e80eb0b1e4b1731704727c3a1f9b691f1c9e9f,0efbabb8e1061ca1a7d7bd9d6678485502879366459f4798290b6873831603a3,7ec812be75663f47fb1c9726f93e3688d8b157f3
mnist,alpha0p1,44,0.41,[],1.0,0,4.1,89e2b2babe994a4bc9dc9c00465e2203d56ed18e4e614d4f39a8bdae3a52889a,4d75b0676840088df372a47c165d585d1ede45e6b38daecb354187587ffaa225,0c710d4d5b2c5e064b2444fd8c0541add01b6425e0bc35a453b2dc93767844dd,a96d9b64b59dbeb37ade490f77bbe3b7b6d8967aca976988020a1c572b3711a9,83d243fd50792fea03232d27bf0e9f3974100529c12348fea5eba55e938aea42,7ec812be75663f47fb1c9726f93e3688d8b157f3
mnist,multi,42,0.2,[],1.0,0,2.0,df755563875f48ca7042b61a8f6fd26adcb9555d23216d014b2fa0d6f57af456,ce4b9886dc3da23c4ec80937dca96608fe5f8454c6299680143dd031516e5403,d6100cfa5d3571a1ff2c6b7927e7a5cc702b95806e13423a2da32c102d68c20d,c675c07ca4b404432cdfca8572fe34493de68ea756a4b3ee7c70ec17714a925c,b7905d7f5b33a5561983473d5f8af70e781cc5550f11e1fd38ed0b5a95f6ac65,7ec812be75663f47fb1c9726f93e3688d8b157f3
mnist,multi,43,0.2,[],1.0,0,2.0,ab3fe9d7045f342f924b2635027b6e7e98aedd53875b0bb9bb2ed05a70bea231,ce4b9886dc3da23c4ec80937dca96608fe5f8454c6299680143dd031516e5403,107efb320922a5311b91b47974f03876544bfaeb39719aa1e062bfdf103fd6e0,0ef12c320cfa1f93a852406370e80eb0b1e4b1731704727c3a1f9b691f1c9e9f,8e7e70b7a70ff2616a03dbd4b702b195a185ebc65430cfdc9a03bb76e6928766,7ec812be75663f47fb1c9726f93e3688d8b157f3
mnist,multi,44,0.2,[],1.0,0,2.0,e00f27b557db655dd0a0aada07c39075616fd95678bd62130f3d170502d068a2,ce4b9886dc3da23c4ec80937dca96608fe5f8454c6299680143dd031516e5403,0c710d4d5b2c5e064b2444fd8c0541add01b6425e0bc35a453b2dc93767844dd,a96d9b64b59dbeb37ade490f77bbe3b7b6d8967aca976988020a1c572b3711a9,ae9fb4bacdd335c6e02c364ee58972625b9a70b8f849d8a13dd0195f74b5ecf6,7ec812be75663f47fb1c9726f93e3688d8b157f3
mnist,single,42,0.1,[],1.0,0,1.0,b5b53cb4ddb7392674cbb61f9a3f87565d7efa226164b2234b4d3d25ed2ccc8a,e6f1e0016bd69e5208d7779bafd908447f0ffbf5bd505201465dc3d9494ee864,d6100cfa5d3571a1ff2c6b7927e7a5cc702b95806e13423a2da32c102d68c20d,c675c07ca4b404432cdfca8572fe34493de68ea756a4b3ee7c70ec17714a925c,3552bcdc8c0a30bf9f0c55af78280333a8b35a316372c779e125387e9084357d,7ec812be75663f47fb1c9726f93e3688d8b157f3
mnist,single,43,0.1,[],1.0,0,1.0,a9ca4e4e309199cb5e678efb6ee0c82e505303b6e94aaa64eb073f8edb7ba586,e6f1e0016bd69e5208d7779bafd908447f0ffbf5bd505201465dc3d9494ee864,107efb320922a5311b91b47974f03876544bfaeb39719aa1e062bfdf103fd6e0,0ef12c320cfa1f93a852406370e80eb0b1e4b1731704727c3a1f9b691f1c9e9f,7f93687a31d849d1b0cd500c08c9b1024034ac2e0fb7883d2bdce3d4b5dbf80c,7ec812be75663f47fb1c9726f93e3688d8b157f3
mnist,single,44,0.1,[],1.0,0,1.0,903d5c20c5303780503007d818c6635a60e9ae7c6dca69bec9c12960238a9504,e6f1e0016bd69e5208d7779bafd908447f0ffbf5bd505201465dc3d9494ee864,0c710d4d5b2c5e064b2444fd8c0541add01b6425e0bc35a453b2dc93767844dd,a96d9b64b59dbeb37ade490f77bbe3b7b6d8967aca976988020a1c572b3711a9,b14a9d2fc9d7f41b3efe0e2938d8fde02ef8e67068ac0cff38aa3400df834fe4,7ec812be75663f47fb1c9726f93e3688d8b157f3
fmnist,iid,42,0.84,[6],0.9,1000,8.4,11f2a57ac7ab8b260a04aee442bd9113ffd4c757a1885314e2713bc07532585d,057549e5b22e8d5a5258dac530d5e87654ab28b81ca368095db268cba296593a,aa87fb2b4d24946ad5c94ef0f1a84aade8c60c333a8e794e81c010e4a202506a,1f50734fff13fb3a38b67f2458855d5abf7c3f2c44e5854886e8419c50ebe421,d56df31da18e706358ae34c64d66378a54390deb19dca52c7858076cc127389f,7ec812be75663f47fb1c9726f93e3688d8b157f3
fmnist,iid,43,0.76,[6],0.9,1000,7.6,d2db20c014f018c6d1b499dc41833e16ffd868b260b44a02cae77e851d26d72b,825876b0d474d45d9bc98df9d6cc7479d12957ac856cbd1f3b3b7efd3c8e55a7,8c10e8dabb252578e55d8ceadb12f9b772d83f07a663edb06566b4924cf6d961,eecbcffdb3e52099e26ebd2485d479a2553a52a6901356aed1ef3b69e9218818,23132553eaa2d304d16c6dd16a5632f1291b702399ad526be43ff5538c3b7b86,7ff045e85bdcdcb19da695baf49045e3320a14d4
fmnist,iid,44,0.8,[6],0.9,1000,8.0,e7169a2b15de5fbd761d720bd03abf6b7e5caa82f9359dd3848268d4aebf693c,9ddda7b4e88c4257d9e04a7ec98f634bb22469cbe3da21d3243126fbec3889cc,56169d4fdedbe0732b5f4cc31ed6d66f01e7e1069f3e908130357af6f5652296,a25cfd1d4a95d4f7a5edf37eefaaa8cfce5b3a5a5bd3b7fc84fc495052c80a57,7cec8cc20525dae28779cb0408513ee294a96f8956690f7baf361aa4fca81e2a,7ff045e85bdcdcb19da695baf49045e3320a14d4
fmnist,alpha1p0,42,0.63,[],1.0,0,6.3,eb662a1351013584635740f166236c6183703e915024b589fe4f7cb6ef40e271,45161d3d81583743f3ef8a7f856a947d65089dceebaae90382edbb9449e69ad1,aa87fb2b4d24946ad5c94ef0f1a84aade8c60c333a8e794e81c010e4a202506a,1f50734fff13fb3a38b67f2458855d5abf7c3f2c44e5854886e8419c50ebe421,ecf0796e80539147cf597e0492ed5421e424af45bb8c6f06492f6e5942726439,7ec812be75663f47fb1c9726f93e3688d8b157f3
fmnist,alpha1p0,43,0.71,[],1.0,0,7.1,73def971a2a1c29fdabc16124b77beb9011e4be4eb24fbaacd07c4bab9143525,cca1df8b70663f0f4e33e98b1ddae9913b8913e88f4d6a8609494e7039c28b6c,8c10e8dabb252578e55d8ceadb12f9b772d83f07a663edb06566b4924cf6d961,eecbcffdb3e52099e26ebd2485d479a2553a52a6901356aed1ef3b69e9218818,3f41b3f031a5d09d729f54a8321123d2c42cf97d2a0cb86b52381e3eed57f81e,7ff045e85bdcdcb19da695baf49045e3320a14d4
fmnist,alpha1p0,44,0.74,[],1.0,0,7.4,a7e04e10a278a041fa68c771fa9c98d8916cb2f3831289eff95fd5e2a9ca6230,5ac7a53b6128e21ea0477cb372e4a56daf4f6f82226f3a6fe28ad079114814da,56169d4fdedbe0732b5f4cc31ed6d66f01e7e1069f3e908130357af6f5652296,a25cfd1d4a95d4f7a5edf37eefaaa8cfce5b3a5a5bd3b7fc84fc495052c80a57,c4d5954b4f13056feea5316ed8590a576bb05175e882898cdcd37ab1a4e36062,7ff045e85bdcdcb19da695baf49045e3320a14d4
fmnist,alpha0p5,42,0.6,[],1.0,0,6.0,20674465bc735deb70814ebfac924ec77394ab8ef02c262433abc96c7060bf61,b769e384e9d5ae7ac5cc1c63468f1dd82541d0003deae819dedc295f4c75f61f,aa87fb2b4d24946ad5c94ef0f1a84aade8c60c333a8e794e81c010e4a202506a,1f50734fff13fb3a38b67f2458855d5abf7c3f2c44e5854886e8419c50ebe421,ae62b839e2f4022947785d58ae954191a1322b455485ff57faff66674ac6f174,7ec812be75663f47fb1c9726f93e3688d8b157f3
fmnist,alpha0p5,43,0.57,[],1.0,0,5.7,2a057311d99ac3f194298094a9bbf40cf6097b66fad43ca4fd46d89a36b9d586,75deb844b9a7e241e896c1c951fb1cd435d473dead215f5c9fa74bee72170ce0,8c10e8dabb252578e55d8ceadb12f9b772d83f07a663edb06566b4924cf6d961,eecbcffdb3e52099e26ebd2485d479a2553a52a6901356aed1ef3b69e9218818,2d060af58e448745459d672f561eb437b0d828015c9eb6a8965d77c1690c89e9,7ff045e85bdcdcb19da695baf49045e3320a14d4
fmnist,alpha0p5,44,0.66,[],1.0,0,6.6,b81389a3da5ca7673413ccd30ccd9b50d31d325183da5e7643bbdac06426d0f3,857a25bd92266db7695da7c8c651f01e785d89bd91b00dc100646971a665bb00,56169d4fdedbe0732b5f4cc31ed6d66f01e7e1069f3e908130357af6f5652296,a25cfd1d4a95d4f7a5edf37eefaaa8cfce5b3a5a5bd3b7fc84fc495052c80a57,ba4441daaacbb1f6446fc0edbe6f08923d5f391492d492bda056de469433ff93,7ff045e85bdcdcb19da695baf49045e3320a14d4
fmnist,alpha0p1,42,0.35,[],1.0,0,3.5,ce2bf18f0d9889cb3d556494fa23be0fe9b556fbed2e0ce78a454b06ea98f885,1d5f60b4392151c74d5e6f97cf77eac708c7c3ca5e82c276e71b1eb2f052d577,aa87fb2b4d24946ad5c94ef0f1a84aade8c60c333a8e794e81c010e4a202506a,1f50734fff13fb3a38b67f2458855d5abf7c3f2c44e5854886e8419c50ebe421,3257d958db2713716ddebed651d7333262542aeddb7e60b18bf9cce28726c0f6,7ff045e85bdcdcb19da695baf49045e3320a14d4
fmnist,alpha0p1,43,0.38,[],1.0,0,3.8,4789b5133591bc0eb275a2285796cc8a66586e764bdeca50de645b6db0db73d6,71a8c9248302350eb7ac28adb94bc15c293486b4e8058a10079bdb72962804b5,8c10e8dabb252578e55d8ceadb12f9b772d83f07a663edb06566b4924cf6d961,eecbcffdb3e52099e26ebd2485d479a2553a52a6901356aed1ef3b69e9218818,08d8cd1b1648ea18d99e75a429058baa24da951450ec144da55f3cd7a106b7ee,7ff045e85bdcdcb19da695baf49045e3320a14d4
fmnist,alpha0p1,44,0.42,[],1.0,0,4.2,774771f37d7ff253d090474398a8c62c845efec21dbd006f76cde7cfc97957b2,6a9aa8491e74ec75c7cf558640a5e2c0e3da77c11b35ae0cb96809f7192314f6,56169d4fdedbe0732b5f4cc31ed6d66f01e7e1069f3e908130357af6f5652296,a25cfd1d4a95d4f7a5edf37eefaaa8cfce5b3a5a5bd3b7fc84fc495052c80a57,12db8a5da4705d5d6a4dff260c0d5fa7dabe3fc3819addc3b4f620b61894e055,7ff045e85bdcdcb19da695baf49045e3320a14d4
fmnist,multi,42,0.2,[],1.0,0,2.0,6d10b27dfaace9c4a5feee2285dee50606a90e7786e709b69a487aaf14e902d6,ce4b9886dc3da23c4ec80937dca96608fe5f8454c6299680143dd031516e5403,aa87fb2b4d24946ad5c94ef0f1a84aade8c60c333a8e794e81c010e4a202506a,1f50734fff13fb3a38b67f2458855d5abf7c3f2c44e5854886e8419c50ebe421,e1ac5ff26e33af915fe7565ac30181188ca7604abe97f1210f765d1ec1b1027a,7ff045e85bdcdcb19da695baf49045e3320a14d4
fmnist,multi,43,0.2,[],1.0,0,2.0,d7e372943c8cefd690b4c3f86847f56783ad27f230c06c93b659f4ced9a20803,ce4b9886dc3da23c4ec80937dca96608fe5f8454c6299680143dd031516e5403,8c10e8dabb252578e55d8ceadb12f9b772d83f07a663edb06566b4924cf6d961,eecbcffdb3e52099e26ebd2485d479a2553a52a6901356aed1ef3b69e9218818,ca5c6c92f08a2fae5302616c94f040d1f76968d1dc9af056a010dc2f95c2bef2,7ff045e85bdcdcb19da695baf49045e3320a14d4
fmnist,multi,44,0.2,[],1.0,0,2.0,d4833ed743c2fd17384c1be96b47d29968f87f23895aed4c099af547b4f59361,ce4b9886dc3da23c4ec80937dca96608fe5f8454c6299680143dd031516e5403,56169d4fdedbe0732b5f4cc31ed6d66f01e7e1069f3e908130357af6f5652296,a25cfd1d4a95d4f7a5edf37eefaaa8cfce5b3a5a5bd3b7fc84fc495052c80a57,f22ececba2ebf23ebb9a1a59307e96e17b393ed8be0dafddd8660c425104e09b,7ff045e85bdcdcb19da695baf49045e3320a14d4
fmnist,single,42,0.1,[],1.0,0,1.0,1944f74bb5cfec71f7352901b31e26b9002b539aeee6e16b26bc16662319aa65,e6f1e0016bd69e5208d7779bafd908447f0ffbf5bd505201465dc3d9494ee864,aa87fb2b4d24946ad5c94ef0f1a84aade8c60c333a8e794e81c010e4a202506a,1f50734fff13fb3a38b67f2458855d5abf7c3f2c44e5854886e8419c50ebe421,9749cc4ed1d5c9ee33c94fdb00671be991da2edc22dc00545438c55571f9b5aa,7ff045e85bdcdcb19da695baf49045e3320a14d4
fmnist,single,43,0.1,[],1.0,0,1.0,52f3cfdd6fc3f7cde0f491f8d9a2856977cdf26a4c756ae607619d987aa00d6c,e6f1e0016bd69e5208d7779bafd908447f0ffbf5bd505201465dc3d9494ee864,8c10e8dabb252578e55d8ceadb12f9b772d83f07a663edb06566b4924cf6d961,eecbcffdb3e52099e26ebd2485d479a2553a52a6901356aed1ef3b69e9218818,fa44d6ee1c3e061ea1c167c723aa69a4906f8cd654b80af08076a5160cf4ee66,7ff045e85bdcdcb19da695baf49045e3320a14d4
fmnist,single,44,0.1,[],1.0,0,1.0,a0d714f7bc71ad4493f0e5464bb6a5f65205d7082adf9c71bfb90ec754807d5e,e6f1e0016bd69e5208d7779bafd908447f0ffbf5bd505201465dc3d9494ee864,56169d4fdedbe0732b5f4cc31ed6d66f01e7e1069f3e908130357af6f5652296,a25cfd1d4a95d4f7a5edf37eefaaa8cfce5b3a5a5bd3b7fc84fc495052c80a57,096b32e4fa08b27162bcc21b284ce6ec97447dd5809e2e213e6432d459147d93,7ff045e85bdcdcb19da695baf49045e3320a14d4
cifar,iid,42,0.55,[3],0.9,1000,5.5,d2636da84362f05b2a0ab8ebb5039b941c6b9310b42eddd0e6007451ba624b46,a549aff87e6ef58b5926807f91025e7e405b52c4fe466412a04e29956c72609c,66af2fbb33f1e089245500600db030610ac3b47e91dba7cbb7dbf193a5c1ef13,117be76002e0123f5252e2b78c50cbfb9fcbe971247b5af9c3e1b9dfba92df89,c767ebe865a86b56d6d01724465c016633b77846ecec3a9e6ce3ff7316a0cee0,7ff045e85bdcdcb19da695baf49045e3320a14d4
cifar,iid,43,0.47,[3],0.9,1000,4.7,313d08a4063e2e70f69684825648a6997881288513eb04c35886ca8ab551e5ca,11f91107f69eaf1c882605cd16eb48579ee7dfc8e92323ee1b304604abe55df7,bed4be8cbbddf6b7e019ee5f865d0201821d40925ca2b78a28d00ef0bde4d7bb,70730ee6b1ff4436096773eaa579a3febb5bee8fe240bc9c1038b82de74afdcb,a30466d84c2167613d3936acbd9088e0b788aa8aff26cd30c780c904ff62a213,7ff045e85bdcdcb19da695baf49045e3320a14d4
cifar,iid,44,0.52,[3],0.9,1000,5.2,2c264eb2b010463c5e733bb95ad9ab1809529bedec649fec20beca0919e18402,059be922475ef12f58bc3781d108bf6a3d24d8a5cf138278e605d74b6f4cc0d1,bb299879f6f7c5c2039d6b8d2a92bcc4d9457d5113e2928c6257cbe8e8881cd5,bbbb2fd925f2d965ef63c9d3518f3862a6f0d89340e133b6232a70cc41007adf,dd0b7c21f3390a3c6290873aa0dd656c1cdb6b9a68867a53bc613538294b7c3c,7ff045e85bdcdcb19da695baf49045e3320a14d4
cifar,alpha1p0,42,0.41,[],1.0,0,4.1,2fced72dc2506882a06adaefd23cf09c1932e340f877eea2188cd1df360bfb89,307c12102e5bfafaa4901428358ed03a348f46cc8bb17d41a8b8916ca9f0f084,66af2fbb33f1e089245500600db030610ac3b47e91dba7cbb7dbf193a5c1ef13,117be76002e0123f5252e2b78c50cbfb9fcbe971247b5af9c3e1b9dfba92df89,85cbfbe78a7794e3f29db17161717f45409cd516082aefb91ce5f350dcbed1fd,7ff045e85bdcdcb19da695baf49045e3320a14d4
cifar,alpha1p0,43,0.39,[2],0.9,1000,3.9,57cedbe6832891658c68c31967c118a76c45427dea92dce5983ff9569de4839a,6b72a8fb46f07739cf1f388e9162c046d4bf2a53517978e48460aa746fbd56f0,bed4be8cbbddf6b7e019ee5f865d0201821d40925ca2b78a28d00ef0bde4d7bb,70730ee6b1ff4436096773eaa579a3febb5bee8fe240bc9c1038b82de74afdcb,788d27dd7bc6ca4b47aaa10b5770124b6c705100c505eea636ec55dd5e5d8f6e,7ff045e85bdcdcb19da695baf49045e3320a14d4
cifar,alpha1p0,44,0.4,[],1.0,0,4.0,ac64e8a1ac9986df772a8f5f2448b636c350acd0251d36a811a43314d6a2a134,1304f9f4dc5506cdebd6eaee7f035494c59acfde2aa752f3ed9e8a0e585d0f8e,bb299879f6f7c5c2039d6b8d2a92bcc4d9457d5113e2928c6257cbe8e8881cd5,bbbb2fd925f2d965ef63c9d3518f3862a6f0d89340e133b6232a70cc41007adf,0b3b167af657ae0f58a8dcc1a35bc67468335a35e5b93fd2b53191d5c6a8a897,7ff045e85bdcdcb19da695baf49045e3320a14d4
cifar,alpha0p5,42,0.4,[],1.0,0,4.0,49787a4c00aa71a0b9d980bbbcb54e215aa71ff8388ef7d3c0f859811473975a,22761dd5334f162c8815801a3cf0f9fa93a691bd808e949c32b45509b9351ae9,66af2fbb33f1e089245500600db030610ac3b47e91dba7cbb7dbf193a5c1ef13,117be76002e0123f5252e2b78c50cbfb9fcbe971247b5af9c3e1b9dfba92df89,2ea2a4e9eaa7766e29332df4e0f6c6952a9c2d368fe3b823ef1cd548f8ef49b1,7ff045e85bdcdcb19da695baf49045e3320a14d4
cifar,alpha0p5,43,0.36,[],1.0,0,3.6,3c758e02bde055cf00d2396e9bb9a8600ce98dae355c6c1362d2eae1150220f2,f74c4e886f1bb9d5e5a81465e5ef7f9055ac94c042b4a7036b184efd4e860f9d,bed4be8cbbddf6b7e019ee5f865d0201821d40925ca2b78a28d00ef0bde4d7bb,70730ee6b1ff4436096773eaa579a3febb5bee8fe240bc9c1038b82de74afdcb,2fc598647e0765fbcc47fdbb6f9a524d5ad90605bf3bfc42e96fe6412ab5aefc,7ff045e85bdcdcb19da695baf49045e3320a14d4
cifar,alpha0p5,44,0.4,[],1.0,0,4.0,7f55bb4b9d019ca487a2b41eb1894bceaf615cbbadd0fea2a9c7816fcf7393b5,56af34dea0ba5c81cb73823e3b755b68c73e3e679efb7421d3f8eca00bbf26ef,bb299879f6f7c5c2039d6b8d2a92bcc4d9457d5113e2928c6257cbe8e8881cd5,bbbb2fd925f2d965ef63c9d3518f3862a6f0d89340e133b6232a70cc41007adf,0b3c3d7648649db7c7cadfaa0db3fec7ae9dc5e4f8623a0d31560f679ff24fe9,7ff045e85bdcdcb19da695baf49045e3320a14d4
cifar,alpha0p1,42,0.24,[],1.0,0,2.4,131d0b9efcd1c7294a6cc1cf94110c75b2bab77a718c2909d085900d8a7a96f6,34f84e2343874e1a7b9b815529aa22768f81a356597ec5e338c60b3904ca2c75,66af2fbb33f1e089245500600db030610ac3b47e91dba7cbb7dbf193a5c1ef13,117be76002e0123f5252e2b78c50cbfb9fcbe971247b5af9c3e1b9dfba92df89,390c6fe8c5e8a9f6f141b19b73a9f8591818896b9379163cea58e51e5fe53871,7ff045e85bdcdcb19da695baf49045e3320a14d4
cifar,alpha0p1,43,0.24,[],1.0,0,2.4,cc524a8ddd5e02a659e62aedf04a4b8066364d34da98c377c658ce77c4fab266,ad0320c63be8b9c50a5e28d376bbbd9e9c5f13fb47ba0982501f08b414baf9c6,bed4be8cbbddf6b7e019ee5f865d0201821d40925ca2b78a28d00ef0bde4d7bb,70730ee6b1ff4436096773eaa579a3febb5bee8fe240bc9c1038b82de74afdcb,3fa7ad6dc652a506ec081fa7f40e1603e3ba27591370aa88c8283da91f8c79bb,7ff045e85bdcdcb19da695baf49045e3320a14d4
cifar,alpha0p1,44,0.3,[],1.0,0,3.0,89288c8820f0afac2817cce5320a371303b0aabae735b81c82db7a423f39650a,cecf6fdcbdfae1fae44fbbe05658d49421ee7dab96cd38570c6de368e9311c01,bb299879f6f7c5c2039d6b8d2a92bcc4d9457d5113e2928c6257cbe8e8881cd5,bbbb2fd925f2d965ef63c9d3518f3862a6f0d89340e133b6232a70cc41007adf,d86e3ff7f861ffca9c4f54255eb64534f501d2c0c72a42709e4545277533dd48,7ff045e85bdcdcb19da695baf49045e3320a14d4
cifar,multi,42,0.2,[],1.0,0,2.0,cda92e09f816aadc89145939b2cfdec713c27790786ec486e5e9906a86ce436e,ce4b9886dc3da23c4ec80937dca96608fe5f8454c6299680143dd031516e5403,66af2fbb33f1e089245500600db030610ac3b47e91dba7cbb7dbf193a5c1ef13,117be76002e0123f5252e2b78c50cbfb9fcbe971247b5af9c3e1b9dfba92df89,7e91520cd1bd3704fa0ee1d4288474940cf632512f97a1f3747e55da92212b9d,7ff045e85bdcdcb19da695baf49045e3320a14d4
cifar,multi,43,0.2,[],1.0,0,2.0,670b210c0ef259ea1ea9a6b1b3fdea4af4bc44de1948cf723cedd6dbb171ed70,ce4b9886dc3da23c4ec80937dca96608fe5f8454c6299680143dd031516e5403,bed4be8cbbddf6b7e019ee5f865d0201821d40925ca2b78a28d00ef0bde4d7bb,70730ee6b1ff4436096773eaa579a3febb5bee8fe240bc9c1038b82de74afdcb,c35f7ba94ba3e08fbba93c89692cce1d1648dd89c05e98abceb6fcdf14446e02,7ff045e85bdcdcb19da695baf49045e3320a14d4
cifar,multi,44,0.2,[],1.0,0,2.0,5bd19ee96bf1557b01d3bf320e476e204611802733314de77baee1370dd372a6,ce4b9886dc3da23c4ec80937dca96608fe5f8454c6299680143dd031516e5403,bb299879f6f7c5c2039d6b8d2a92bcc4d9457d5113e2928c6257cbe8e8881cd5,bbbb2fd925f2d965ef63c9d3518f3862a6f0d89340e133b6232a70cc41007adf,520389a5afef8c0a4db5b17e98166fc7f7190e0972ec4465ebcad2dbdb476a2d,7ff045e85bdcdcb19da695baf49045e3320a14d4
cifar,single,42,0.1,[],1.0,0,1.0,df8172495f9d3fae3dc1d602b20cc4278ee8df7d87c004ad0754949c37f0bc7f,e6f1e0016bd69e5208d7779bafd908447f0ffbf5bd505201465dc3d9494ee864,66af2fbb33f1e089245500600db030610ac3b47e91dba7cbb7dbf193a5c1ef13,117be76002e0123f5252e2b78c50cbfb9fcbe971247b5af9c3e1b9dfba92df89,3867acffc2f48d359081df3a4703de65ff12b3b826addc68f3431f3d874fbb34,7ff045e85bdcdcb19da695baf49045e3320a14d4
cifar,single,43,0.1,[],1.0,0,1.0,b0e774132de58204419c2668a7ac2df2bbceb888e21808d3fb6686e76d27e693,e6f1e0016bd69e5208d7779bafd908447f0ffbf5bd505201465dc3d9494ee864,bed4be8cbbddf6b7e019ee5f865d0201821d40925ca2b78a28d00ef0bde4d7bb,70730ee6b1ff4436096773eaa579a3febb5bee8fe240bc9c1038b82de74afdcb,2d8c70f38b25db3f17dc09a20aa454563e3ec26c177e10ad52e9897880be538e,7ff045e85bdcdcb19da695baf49045e3320a14d4
cifar,single,44,0.1,[],1.0,0,1.0,4a19eeed7486a909cce5e44750f02af8885ca0d179d5ba1614e49333f1bab69a,e6f1e0016bd69e5208d7779bafd908447f0ffbf5bd505201465dc3d9494ee864,bb299879f6f7c5c2039d6b8d2a92bcc4d9457d5113e2928c6257cbe8e8881cd5,bbbb2fd925f2d965ef63c9d3518f3862a6f0d89340e133b6232a70cc41007adf,0cbe5de4cbe00da730cf4e729d00b09e064ec2c63e21600ed8afa447340c0494,7ff045e85bdcdcb19da695baf49045e3320a14d4
