dataset,regime,seed,method,proxy_size,batch_size,updates,examples_seen,run_id
mnist,shared_proxy,42,supervised_proxy_ce,10000,256,1200,300000,6a792410c5ba63055db3575f85b42ca16fffa14b758a2d201cd4bb1bda0dca12
mnist,shared_proxy,43,supervised_proxy_ce,10000,256,1200,300000,e69a479dabc5273740826cace6a7c5e95ed551e5d2a6588ec156444b8ca566c1
mnist,shared_proxy,44,supervised_proxy_ce,10000,256,1200,300000,5f9930aff87d271d407bcad753d8a1e416f1b2df949cd15cbf64c562ffadf4ae
fmnist,shared_proxy,42,supervised_proxy_ce,10000,256,1200,300000,49a3fb66aa97848bd80382256a0476b0fa1cdb3fc1ae43f80d83e46a7c64616c
fmnist,shared_proxy,43,supervised_proxy_ce,10000,256,1200,300000,22586331b46c794eece85deac5cf4e083b389e5b9640cf9d936f443e37847d3d
fmnist,shared_proxy,44,supervised_proxy_ce,10000,256,1200,300000,97f85f9d97baf224320013b328b44bec7def54d0aee2186ae8b9880db1a9e656
cifar,shared_proxy,42,supervised_proxy_ce,10000,256,1200,300000,86df58e23b62e62d03cb117d777ae2877b2827b4e3f6545b30ce0f318f774c5d
cifar,shared_proxy,43,supervised_proxy_ce,10000,256,1200,300000,ac4135f3c066f8e1019694dd1f0fec40ed9a2e2af237b678cbe161af161c1752
cifar,shared_proxy,44,supervised_proxy_ce,10000,256,1200,300000,40406ef0ff2512ec401c531613c69f7a80085603c57c26621d5970bf58eee3a5
mnist,iid,42,expert_prob,10000,256,1200,300000,9bc82c354ac078be
mnist,alpha1p0,42,expert_prob,10000,256,1200,300000,1d5cb3fb595a35f8
mnist,alpha0p5,42,expert_prob,10000,256,1200,300000,f2209cbb09508377
mnist,alpha0p1,42,expert_prob,10000,256,1200,300000,d9427415fddfb7dc
mnist,multi,42,expert_prob,10000,256,1200,300000,d2eabc31aba5005e
mnist,single,42,expert_prob,10000,256,1200,300000,9cf5cccd877e965c
mnist,iid,43,expert_prob,10000,256,1200,300000,a32a4765a0f13177
mnist,alpha1p0,43,expert_prob,10000,256,1200,300000,79c4344e2806e503
mnist,alpha0p5,43,expert_prob,10000,256,1200,300000,133745d7ef97778c
mnist,alpha0p1,43,expert_prob,10000,256,1200,300000,d78a0dac27b97e4e
mnist,multi,43,expert_prob,10000,256,1200,300000,d42eca86862ebedd
mnist,single,43,expert_prob,10000,256,1200,300000,27fb114f3b7d7acc
mnist,iid,44,expert_prob,10000,256,1200,300000,ed9d70c5453f65bd
mnist,alpha1p0,44,expert_prob,10000,256,1200,300000,18a721009ab5f2f6
mnist,alpha0p5,44,expert_prob,10000,256,1200,300000,23eaac99842b9e84
mnist,alpha0p1,44,expert_prob,10000,256,1200,300000,cc4acf0198322c91
mnist,multi,44,expert_prob,10000,256,1200,300000,514513f25daa1b3d
mnist,single,44,expert_prob,10000,256,1200,300000,0c88e9d2da5109c1
fmnist,iid,42,expert_prob,10000,256,1200,300000,a893354e6047afe2
fmnist,alpha1p0,42,expert_prob,10000,256,1200,300000,be206107d3b9963a
fmnist,alpha0p5,42,expert_prob,10000,256,1200,300000,a94e698fa3ce41b2
fmnist,alpha0p1,42,expert_prob,10000,256,1200,300000,f003b578acbead11
fmnist,multi,42,expert_prob,10000,256,1200,300000,1ae17f261134557f
fmnist,single,42,expert_prob,10000,256,1200,300000,d167fc214edc5c68
fmnist,iid,43,expert_prob,10000,256,1200,300000,9f917542ec1bb40f
fmnist,alpha1p0,43,expert_prob,10000,256,1200,300000,b98312a1293a366c
fmnist,alpha0p5,43,expert_prob,10000,256,1200,300000,a9382d7e110e1b4f
fmnist,alpha0p1,43,expert_prob,10000,256,1200,300000,89b7a98af918a190
fmnist,multi,43,expert_prob,10000,256,1200,300000,938891f0341da58b
fmnist,single,43,expert_prob,10000,256,1200,300000,e73aba17d579b084
fmnist,iid,44,expert_prob,10000,256,1200,300000,fdee26de7f721f8c
fmnist,alpha1p0,44,expert_prob,10000,256,1200,300000,81815007cc97fb81
fmnist,alpha0p5,44,expert_prob,10000,256,1200,300000,4fe5e732841bca5c
fmnist,alpha0p1,44,expert_prob,10000,256,1200,300000,0319b4e50dba203c
fmnist,multi,44,expert_prob,10000,256,1200,300000,393db1feef47cf9d
fmnist,single,44,expert_prob,10000,256,1200,300000,ab8e9ca45adc2256
cifar,iid,42,expert_prob,10000,256,1200,300000,b25818fe5626557a
cifar,alpha1p0,42,expert_prob,10000,256,1200,300000,647850f543c3374a
cifar,alpha0p5,42,expert_prob,10000,256,1200,300000,1a5ec00c049ea18a
cifar,alpha0p1,42,expert_prob,10000,256,1200,300000,b64a38c9c8e7fb27
cifar,multi,42,expert_prob,10000,256,1200,300000,e45d743ef17dcac0
cifar,single,42,expert_prob,10000,256,1200,300000,f384e4ed50945edc
cifar,iid,43,expert_prob,10000,256,1200,300000,732fa36ec846a6f7
cifar,alpha1p0,43,expert_prob,10000,256,1200,300000,342176127b0855ce
cifar,alpha0p5,43,expert_prob,10000,256,1200,300000,fcb2d6b803bea567
cifar,alpha0p1,43,expert_prob,10000,256,1200,300000,1ada48c9639e6d5c
cifar,multi,43,expert_prob,10000,256,1200,300000,cccf669675b00118
cifar,single,43,expert_prob,10000,256,1200,300000,9d78cd505aef877c
cifar,iid,44,expert_prob,10000,256,1200,300000,f048d10da4d4f8c5
cifar,alpha1p0,44,expert_prob,10000,256,1200,300000,3f9ec0095a44e2b6
cifar,alpha0p5,44,expert_prob,10000,256,1200,300000,43e1e8dbb73f2bc9
cifar,alpha0p1,44,expert_prob,10000,256,1200,300000,37aeec9803de227f
cifar,multi,44,expert_prob,10000,256,1200,300000,c75c2a10a08cf2fd
cifar,single,44,expert_prob,10000,256,1200,300000,5284426a3da466ef
cifar,shared_proxy,42,supervised_proxy_ce,100,100,1200,120000,3190d167404745bc509343a87d34eebe5d3b6ac0d91cf99f6dacd194f80e27d2
cifar,iid,42,expert_prob,100,100,1200,120000,da7b6ec3376d2c08
cifar,alpha0p1,42,expert_prob,100,100,1200,120000,70198bce1d864354
cifar,single,42,expert_prob,100,100,1200,120000,e2401c3829e09d4c
cifar,shared_proxy,42,supervised_proxy_ce,500,256,1200,300000,8588a035240f3e55cc608d8502f0a5dd28526507f2be33057aec4d53bba595af
cifar,iid,42,expert_prob,500,256,1200,300000,54137279e4a9b224
cifar,alpha0p1,42,expert_prob,500,256,1200,300000,fee8296ad0b5432a
cifar,single,42,expert_prob,500,256,1200,300000,c6d58c4fbb89382f
cifar,shared_proxy,42,supervised_proxy_ce,1000,256,1200,300000,25c35af941cbfc761e2daf27bb6e78580600ef827a220c61f0fe1b57cab972c3
cifar,iid,42,expert_prob,1000,256,1200,300000,b94ba5ca2553bfc5
cifar,alpha0p1,42,expert_prob,1000,256,1200,300000,640c473b279cba58
cifar,single,42,expert_prob,1000,256,1200,300000,2d4c87c3549f39e5
cifar,shared_proxy,42,supervised_proxy_ce,5000,256,1200,300000,d7c5b54faf0ee7155969a97c2e17988830842bfd5ed7ccfda682067a4aaeb488
cifar,iid,42,expert_prob,5000,256,1200,300000,8dfd89bf4b4933ff
cifar,alpha0p1,42,expert_prob,5000,256,1200,300000,6538e442d6f29345
cifar,single,42,expert_prob,5000,256,1200,300000,6980750e1eab8bd2
cifar,shared_proxy,43,supervised_proxy_ce,100,100,1200,120000,f0d05d7d758b709ca01be4ebab7177c8e819a1f7561e33f01c01c46e980675ac
cifar,iid,43,expert_prob,100,100,1200,120000,54be8f024e49d19e
cifar,alpha0p1,43,expert_prob,100,100,1200,120000,aacc2e9cbdfe6b39
cifar,single,43,expert_prob,100,100,1200,120000,11467004afb982b8
cifar,shared_proxy,43,supervised_proxy_ce,500,256,1200,300000,450e462119cb17304e21faa68f811d1e5c52cf02f38f316c95121c157a695aa9
cifar,iid,43,expert_prob,500,256,1200,300000,f49202f7a420bfc2
cifar,alpha0p1,43,expert_prob,500,256,1200,300000,cffb23147110ff2a
cifar,single,43,expert_prob,500,256,1200,300000,bd411a0f802bf1e8
cifar,shared_proxy,43,supervised_proxy_ce,1000,256,1200,300000,b53329337dec2e2d74ae59e1cfc8526cdac0d3c9c5e10f4306a2c2a48da5cd41
cifar,iid,43,expert_prob,1000,256,1200,300000,afeee36440d91f3c
cifar,alpha0p1,43,expert_prob,1000,256,1200,300000,f4616d936370f02f
cifar,single,43,expert_prob,1000,256,1200,300000,69288df85a676568
cifar,shared_proxy,43,supervised_proxy_ce,5000,256,1200,300000,c3cbb69fb5477a426c5f3fac47c6578b5e3fcb06cf655bb618f41b0df5726d2b
cifar,iid,43,expert_prob,5000,256,1200,300000,7a4195884a26de7f
cifar,alpha0p1,43,expert_prob,5000,256,1200,300000,636192297f453c5f
cifar,single,43,expert_prob,5000,256,1200,300000,66beffd34a6a9318
cifar,shared_proxy,44,supervised_proxy_ce,100,100,1200,120000,32f68ec1925440db9cabf3ee078a8438df26b658587de1040cdf76a952e07ae3
cifar,iid,44,expert_prob,100,100,1200,120000,2adfeaea012ffc17
cifar,alpha0p1,44,expert_prob,100,100,1200,120000,17a3b12ed320d59b
cifar,single,44,expert_prob,100,100,1200,120000,64027772f152c5b6
cifar,shared_proxy,44,supervised_proxy_ce,500,256,1200,300000,aa3db1f22e84b901e59edcce5f009d15815887a6c7b9c6dd0debe41e58138b51
cifar,iid,44,expert_prob,500,256,1200,300000,c418af63128e3e69
cifar,alpha0p1,44,expert_prob,500,256,1200,300000,62fac68a30ab80af
cifar,single,44,expert_prob,500,256,1200,300000,69bc90398f3a839f
cifar,shared_proxy,44,supervised_proxy_ce,1000,256,1200,300000,5f7d74246d0e567e82f2ee2f096e75b7a55bb28a0408f99c1b8263bd37d2ab3d
cifar,iid,44,expert_prob,1000,256,1200,300000,85e3d7f32064152a
cifar,alpha0p1,44,expert_prob,1000,256,1200,300000,9c42badf74541a9b
cifar,single,44,expert_prob,1000,256,1200,300000,d761a8630e8726f6
cifar,shared_proxy,44,supervised_proxy_ce,5000,256,1200,300000,81888981caf8bf3e9cae0c2e32c58d8c1bd65fcfbc2b6c702cc9ec3ee3e93350
cifar,iid,44,expert_prob,5000,256,1200,300000,0c0d42c1537f3b45
cifar,alpha0p1,44,expert_prob,5000,256,1200,300000,135b677b080bf767
cifar,single,44,expert_prob,5000,256,1200,300000,90d6a72f187e0e8a
