run_id,dataset,regime,seed,method,valid,reason
a9de3e3fa5f06018,cifar,alpha0p1,42,feddf_prob,True,
b64a38c9c8e7fb27,cifar,alpha0p1,42,expert_prob,True,
628816ccf6575c87,cifar,alpha0p1,42,expert_prob_sr,True,
00686f5118aeb695,cifar,alpha0p1,42,oracle_prob,True,
d650066873623ff7,cifar,alpha0p1,42,feddf_logit,True,
bb8cfa5cd29f2199,cifar,alpha0p1,42,oracle_logit,True,
f9a117fc96eb00c7,cifar,alpha0p1,42,confidence_logit,True,
4dc5010dc8c9e3f0,cifar,alpha0p1,42,consensus_logit,True,
86ca1aaa9aad7471,cifar,alpha0p1,42,energy_logit,True,
6869eda71ce63e5e,cifar,alpha0p1,42,expert_logit,True,
16fbdea328414ca8,cifar,alpha0p1,43,feddf_prob,True,
1ada48c9639e6d5c,cifar,alpha0p1,43,expert_prob,True,
a22684050910f5a4,cifar,alpha0p1,43,expert_prob_sr,True,
6afa9f7cfd9ff638,cifar,alpha0p1,43,oracle_prob,True,
e6d006cfc727d3f5,cifar,alpha0p1,43,feddf_logit,True,
3f0f1e59ff950c9e,cifar,alpha0p1,43,oracle_logit,True,
be2a4d0042b5c205,cifar,alpha0p1,44,feddf_prob,True,
37aeec9803de227f,cifar,alpha0p1,44,expert_prob,True,
5fb791d5c3fdef20,cifar,alpha0p1,44,expert_prob_sr,True,
a8fe0a2ce6881868,cifar,alpha0p1,44,oracle_prob,True,
c0f913d03f085f88,cifar,alpha0p1,44,feddf_logit,True,
63dcce5f980f6033,cifar,alpha0p1,44,oracle_logit,True,
e8ebfd1b97838513,cifar,alpha0p5,42,feddf_prob,True,
1a5ec00c049ea18a,cifar,alpha0p5,42,expert_prob,True,
313f884cd8366ccc,cifar,alpha0p5,42,expert_prob_sr,True,
5fc434b11f27e147,cifar,alpha0p5,42,oracle_prob,True,
d0e835345f988a49,cifar,alpha0p5,42,feddf_logit,True,
27dffcb093acc0f5,cifar,alpha0p5,42,oracle_logit,True,
90a9941ddd2f75b3,cifar,alpha0p5,42,confidence_logit,True,
dfcc3fe01062e5dc,cifar,alpha0p5,42,consensus_logit,True,
5ce600856a6236b5,cifar,alpha0p5,42,energy_logit,True,
70fd45cb24397f9c,cifar,alpha0p5,42,expert_logit,True,
97a3221726ba6a99,cifar,alpha0p5,43,feddf_prob,True,
fcb2d6b803bea567,cifar,alpha0p5,43,expert_prob,True,
649b5421aad84b2e,cifar,alpha0p5,43,expert_prob_sr,True,
1433645606357b07,cifar,alpha0p5,43,oracle_prob,True,
8ba70c907e4eeffa,cifar,alpha0p5,43,feddf_logit,True,
d056c98fd184e3c4,cifar,alpha0p5,43,oracle_logit,True,
b7f165e8e2e18b64,cifar,alpha0p5,44,feddf_prob,True,
43e1e8dbb73f2bc9,cifar,alpha0p5,44,expert_prob,True,
9e2d1b32bfb5f99b,cifar,alpha0p5,44,expert_prob_sr,True,
bc97d7978a92757f,cifar,alpha0p5,44,oracle_prob,True,
1e9c8ccd1e771ac7,cifar,alpha0p5,44,feddf_logit,True,
12aa7bc5bfd8ca62,cifar,alpha0p5,44,oracle_logit,True,
2857c6e300930494,cifar,alpha1p0,42,feddf_prob,True,
647850f543c3374a,cifar,alpha1p0,42,expert_prob,True,
901f3616ed554925,cifar,alpha1p0,42,expert_prob_sr,True,
bd0b8b1cafbe0b59,cifar,alpha1p0,42,oracle_prob,True,
6630d293af8401fd,cifar,alpha1p0,42,feddf_logit,True,
74970e4ab28b3d1a,cifar,alpha1p0,42,oracle_logit,True,
57f49129c270c132,cifar,alpha1p0,42,confidence_logit,True,
a20013e877156625,cifar,alpha1p0,42,consensus_logit,True,
6f9f51738222250d,cifar,alpha1p0,42,energy_logit,True,
78f7162f96a08885,cifar,alpha1p0,42,expert_logit,True,
91ad428d435968d6,cifar,alpha1p0,43,feddf_prob,True,
342176127b0855ce,cifar,alpha1p0,43,expert_prob,True,
7b7ee002fd688e63,cifar,alpha1p0,43,expert_prob_sr,True,
188b73fd6991bb7b,cifar,alpha1p0,43,oracle_prob,True,
f1e88c621a2262bb,cifar,alpha1p0,43,feddf_logit,True,
009ad8beb224298c,cifar,alpha1p0,43,oracle_logit,True,
029ecf7489812429,cifar,alpha1p0,44,feddf_prob,True,
3f9ec0095a44e2b6,cifar,alpha1p0,44,expert_prob,True,
cf3b68f26236ee46,cifar,alpha1p0,44,expert_prob_sr,True,
976891d6ce61e4cc,cifar,alpha1p0,44,oracle_prob,True,
de546cca3eaa3408,cifar,alpha1p0,44,feddf_logit,True,
44d02313966295d1,cifar,alpha1p0,44,oracle_logit,True,
a00f0c26cb8bbcde,cifar,iid,42,feddf_prob,True,
b25818fe5626557a,cifar,iid,42,expert_prob,True,
aadc4f910a8966d5,cifar,iid,42,expert_prob_sr,True,
c5960233e7e78787,cifar,iid,42,oracle_prob,True,
b0a9335fd8631103,cifar,iid,42,feddf_logit,True,
fda178d0340937a9,cifar,iid,42,oracle_logit,True,
4e5b4a12f4ba5ae2,cifar,iid,42,confidence_logit,True,
7dbe0444b9602f86,cifar,iid,42,consensus_logit,True,
ee203208439b0a48,cifar,iid,42,energy_logit,True,
9a081680d68fa9ae,cifar,iid,42,expert_logit,True,
e87c11f117ac21ff,cifar,iid,43,feddf_prob,True,
732fa36ec846a6f7,cifar,iid,43,expert_prob,True,
b91bf6f15b0520dd,cifar,iid,43,expert_prob_sr,True,
ebd4fe9dbb3a6e0a,cifar,iid,43,oracle_prob,True,
66b66282ed861eb0,cifar,iid,43,feddf_logit,True,
d7e3b9469fcd56bf,cifar,iid,43,oracle_logit,True,
fa2bcb5db7319c76,cifar,iid,44,feddf_prob,True,
f048d10da4d4f8c5,cifar,iid,44,expert_prob,True,
6b6e54aac0100371,cifar,iid,44,expert_prob_sr,True,
98037d56541a91a1,cifar,iid,44,oracle_prob,True,
04de2951944865c5,cifar,iid,44,feddf_logit,True,
70c8cf0445c1420f,cifar,iid,44,oracle_logit,True,
faf19ceb1b28e46e,cifar,multi,42,feddf_prob,True,
e45d743ef17dcac0,cifar,multi,42,expert_prob,True,
63cb0042b37a39fd,cifar,multi,42,expert_prob_sr,True,
8890e361e723bfaf,cifar,multi,42,oracle_prob,True,
2b1f3cf2af74e691,cifar,multi,42,feddf_logit,True,
dfcb4f0cd06f2dec,cifar,multi,42,oracle_logit,True,
d1edd9170634ba1b,cifar,multi,42,confidence_logit,True,
6973df2b8ea6cf7b,cifar,multi,42,consensus_logit,True,
7e45df5be148ac25,cifar,multi,42,energy_logit,True,
8f0e304de29f7a95,cifar,multi,42,expert_logit,True,
713d6b6a6dec828d,cifar,multi,43,feddf_prob,True,
cccf669675b00118,cifar,multi,43,expert_prob,True,
792d725e8dad193e,cifar,multi,43,expert_prob_sr,True,
0ef3f2f21cd2a102,cifar,multi,43,oracle_prob,True,
a622d7f9909526f2,cifar,multi,43,feddf_logit,True,
319503d2be798cfb,cifar,multi,43,oracle_logit,True,
b37afb16cfc0a581,cifar,multi,44,feddf_prob,True,
c75c2a10a08cf2fd,cifar,multi,44,expert_prob,True,
32eb9c6244b07d5b,cifar,multi,44,expert_prob_sr,True,
90b453e37aa2a237,cifar,multi,44,oracle_prob,True,
8cd7927a762a1601,cifar,multi,44,feddf_logit,True,
2da55c56165389a1,cifar,multi,44,oracle_logit,True,
dcc1cd8b8d9e76db,cifar,single,42,feddf_prob,True,
f384e4ed50945edc,cifar,single,42,expert_prob,True,
054560e06a5eca83,cifar,single,42,expert_prob_sr,True,
a331dc9eabe1e5b8,cifar,single,42,oracle_prob,True,
5d961fd8d996b192,cifar,single,42,feddf_logit,True,
28bbd20b734ca0ba,cifar,single,42,oracle_logit,True,
30fad745b10be4d3,cifar,single,43,feddf_prob,True,
9d78cd505aef877c,cifar,single,43,expert_prob,True,
209815128fc8fe36,cifar,single,43,expert_prob_sr,True,
d50362a1d4b30185,cifar,single,43,oracle_prob,True,
016e17606ae032ce,cifar,single,43,feddf_logit,True,
0ce85fdb9c38d1f1,cifar,single,43,oracle_logit,True,
b60b5aaedfc63c0a,cifar,single,44,feddf_prob,True,
5284426a3da466ef,cifar,single,44,expert_prob,True,
9b17057e89931026,cifar,single,44,expert_prob_sr,True,
5057abc673058bb2,cifar,single,44,oracle_prob,True,
a77ff94eb714a10b,cifar,single,44,feddf_logit,True,
c90017f9805aec2e,cifar,single,44,oracle_logit,True,
d9e89fd40a0db3ea,fmnist,alpha0p1,42,feddf_prob,True,
f003b578acbead11,fmnist,alpha0p1,42,expert_prob,True,
7445a77f2eaba59f,fmnist,alpha0p1,42,expert_prob_sr,True,
d1f61114c058d464,fmnist,alpha0p1,42,oracle_prob,True,
eaad1c21866e0c07,fmnist,alpha0p1,42,feddf_logit,True,
ac79ecf816739412,fmnist,alpha0p1,42,oracle_logit,True,
84aa3a7dc9c2fa76,fmnist,alpha0p1,42,confidence_logit,True,
1f432e9bb4c8eb67,fmnist,alpha0p1,42,consensus_logit,True,
39c61093264e6c1a,fmnist,alpha0p1,42,energy_logit,True,
ee4622118c8e53e8,fmnist,alpha0p1,42,expert_logit,True,
0f339439e469a9ed,fmnist,alpha0p1,43,feddf_prob,True,
89b7a98af918a190,fmnist,alpha0p1,43,expert_prob,True,
347239177a9e6dfd,fmnist,alpha0p1,43,expert_prob_sr,True,
6855966ae85d639d,fmnist,alpha0p1,43,oracle_prob,True,
c01e14c52eb9457b,fmnist,alpha0p1,43,feddf_logit,True,
5f6a723f7af6ec99,fmnist,alpha0p1,43,oracle_logit,True,
9b78d8c0f7d0569d,fmnist,alpha0p1,43,confidence_logit,True,
b13fe59f2f31a5f0,fmnist,alpha0p1,43,consensus_logit,True,
f7e294c466c25e39,fmnist,alpha0p1,43,energy_logit,True,
d6936aa789a071ad,fmnist,alpha0p1,43,expert_logit,True,
ca21d7e1641c3b6d,fmnist,alpha0p1,44,feddf_prob,True,
0319b4e50dba203c,fmnist,alpha0p1,44,expert_prob,True,
4be9e2408b94c0cb,fmnist,alpha0p1,44,expert_prob_sr,True,
454a77ebf6bf67c4,fmnist,alpha0p1,44,oracle_prob,True,
411b30d625d92426,fmnist,alpha0p1,44,feddf_logit,True,
926999dfb235a311,fmnist,alpha0p1,44,oracle_logit,True,
72841014e5991ecc,fmnist,alpha0p1,44,confidence_logit,True,
af0b30146e14b637,fmnist,alpha0p1,44,consensus_logit,True,
20ae6273d8b37e91,fmnist,alpha0p1,44,energy_logit,True,
34370c2c97f0388b,fmnist,alpha0p1,44,expert_logit,True,
75df60423010f895,fmnist,alpha0p5,42,feddf_prob,True,
a94e698fa3ce41b2,fmnist,alpha0p5,42,expert_prob,True,
edd7c54fe864b2a9,fmnist,alpha0p5,42,expert_prob_sr,True,
eedbba9dd59308f4,fmnist,alpha0p5,42,oracle_prob,True,
4de4a759c90872f0,fmnist,alpha0p5,42,feddf_logit,True,
ea9bb8b624780129,fmnist,alpha0p5,42,oracle_logit,True,
d2923696d94abde5,fmnist,alpha0p5,42,confidence_logit,True,
f0e0cbef23719b6e,fmnist,alpha0p5,42,consensus_logit,True,
9387030c8b6e5800,fmnist,alpha0p5,42,energy_logit,True,
e40b683092f7a593,fmnist,alpha0p5,42,expert_logit,True,
925a59ea8d0143c2,fmnist,alpha0p5,43,feddf_prob,True,
a9382d7e110e1b4f,fmnist,alpha0p5,43,expert_prob,True,
e7bd87226c652046,fmnist,alpha0p5,43,expert_prob_sr,True,
9309311bf9a7cb97,fmnist,alpha0p5,43,oracle_prob,True,
f3bc3d7e5cbb4acb,fmnist,alpha0p5,43,feddf_logit,True,
acac8afe47bf20bf,fmnist,alpha0p5,43,oracle_logit,True,
f9ad89368e1ebfbc,fmnist,alpha0p5,43,confidence_logit,True,
e6c7115bb24b0b52,fmnist,alpha0p5,43,consensus_logit,True,
724ed55362593dba,fmnist,alpha0p5,43,energy_logit,True,
e47c4480a07b5646,fmnist,alpha0p5,43,expert_logit,True,
bd30161cf5b0aeaf,fmnist,alpha0p5,44,feddf_prob,True,
4fe5e732841bca5c,fmnist,alpha0p5,44,expert_prob,True,
d402586b0ab9b100,fmnist,alpha0p5,44,expert_prob_sr,True,
c30f478ff960c420,fmnist,alpha0p5,44,oracle_prob,True,
5ac7898abb301455,fmnist,alpha0p5,44,feddf_logit,True,
b4cd97713252b444,fmnist,alpha0p5,44,oracle_logit,True,
e3f2ee9eff0d2a99,fmnist,alpha0p5,44,confidence_logit,True,
952697c72f522460,fmnist,alpha0p5,44,consensus_logit,True,
fcd5dcee0205527f,fmnist,alpha0p5,44,energy_logit,True,
48e16bdef4ab6476,fmnist,alpha0p5,44,expert_logit,True,
d42d35c0a068f3dc,fmnist,alpha1p0,42,feddf_prob,True,
be206107d3b9963a,fmnist,alpha1p0,42,expert_prob,True,
e59b5e501645941b,fmnist,alpha1p0,42,expert_prob_sr,True,
98b42d11fba448b5,fmnist,alpha1p0,42,oracle_prob,True,
749fed178afa09e1,fmnist,alpha1p0,42,feddf_logit,True,
3a0157dcfe5d2d3c,fmnist,alpha1p0,42,oracle_logit,True,
fd4814060ce10ff3,fmnist,alpha1p0,42,confidence_logit,True,
516de079fc06332d,fmnist,alpha1p0,42,consensus_logit,True,
a60581bb57e69639,fmnist,alpha1p0,42,energy_logit,True,
08383971858ae044,fmnist,alpha1p0,42,expert_logit,True,
23f187a69efd33f6,fmnist,alpha1p0,43,feddf_prob,True,
b98312a1293a366c,fmnist,alpha1p0,43,expert_prob,True,
3d73044bea5d30f8,fmnist,alpha1p0,43,expert_prob_sr,True,
e972c097c653d5ce,fmnist,alpha1p0,43,oracle_prob,True,
e104a8552b32d4ad,fmnist,alpha1p0,43,feddf_logit,True,
88020e3423038857,fmnist,alpha1p0,43,oracle_logit,True,
1f040ff6e65d29c0,fmnist,alpha1p0,43,confidence_logit,True,
3ae5b947059bcdd6,fmnist,alpha1p0,43,consensus_logit,True,
a3ba22be2422df85,fmnist,alpha1p0,43,energy_logit,True,
bbaf4389c6b58903,fmnist,alpha1p0,43,expert_logit,True,
804cc87340de6597,fmnist,alpha1p0,44,feddf_prob,True,
81815007cc97fb81,fmnist,alpha1p0,44,expert_prob,True,
e78d61971b9e4e5e,fmnist,alpha1p0,44,expert_prob_sr,True,
cb0d9dd9731954d3,fmnist,alpha1p0,44,oracle_prob,True,
f7567aeb7e842b49,fmnist,alpha1p0,44,feddf_logit,True,
ed283616f9067e56,fmnist,alpha1p0,44,oracle_logit,True,
8574d1f2101f2143,fmnist,alpha1p0,44,confidence_logit,True,
781614785a653a4a,fmnist,alpha1p0,44,consensus_logit,True,
ebff5650a046376a,fmnist,alpha1p0,44,energy_logit,True,
5b1f4f829a4a21c7,fmnist,alpha1p0,44,expert_logit,True,
37c69faf67040e53,fmnist,iid,42,feddf_prob,True,
a893354e6047afe2,fmnist,iid,42,expert_prob,True,
6fa09ca35c17f60d,fmnist,iid,42,expert_prob_sr,True,
9c0026a52c30a040,fmnist,iid,42,oracle_prob,True,
f4fb2218d388dced,fmnist,iid,42,feddf_logit,True,
c74227f7a462d768,fmnist,iid,42,oracle_logit,True,
4f597cb6e165aa99,fmnist,iid,42,confidence_logit,True,
ab0ddf392f1e4092,fmnist,iid,42,consensus_logit,True,
dc84c98c4c03718e,fmnist,iid,42,energy_logit,True,
d7598cdd5cdbb6e7,fmnist,iid,42,expert_logit,True,
e3ce02e81a31102c,fmnist,iid,43,feddf_prob,True,
9f917542ec1bb40f,fmnist,iid,43,expert_prob,True,
58ba9d6b1437c74f,fmnist,iid,43,expert_prob_sr,True,
0b049594ce1353e9,fmnist,iid,43,oracle_prob,True,
14d0015b3f9f9051,fmnist,iid,43,feddf_logit,True,
9ba41bf7e86421d9,fmnist,iid,43,oracle_logit,True,
526ce8717d41c330,fmnist,iid,43,confidence_logit,True,
42a8efc035fc8c25,fmnist,iid,43,consensus_logit,True,
d1333cce5165256f,fmnist,iid,43,energy_logit,True,
75d22f7938affba4,fmnist,iid,43,expert_logit,True,
bfbd813f77ac3bed,fmnist,iid,44,feddf_prob,True,
fdee26de7f721f8c,fmnist,iid,44,expert_prob,True,
ddac7c41f6623345,fmnist,iid,44,expert_prob_sr,True,
05e3d24c3760d4a4,fmnist,iid,44,oracle_prob,True,
43f9dab37ad9198d,fmnist,iid,44,feddf_logit,True,
17672c75c6ba8f26,fmnist,iid,44,oracle_logit,True,
3dedc03a142bb4be,fmnist,iid,44,confidence_logit,True,
bd3d0b2efa13e5d2,fmnist,iid,44,consensus_logit,True,
afedbf8531f92b9a,fmnist,iid,44,energy_logit,True,
ef261a8a6b01fcd9,fmnist,iid,44,expert_logit,True,
e1ac67186c293ec6,fmnist,multi,42,feddf_prob,True,
1ae17f261134557f,fmnist,multi,42,expert_prob,True,
b5e386de593a3387,fmnist,multi,42,expert_prob_sr,True,
8635fbed6b20214f,fmnist,multi,42,oracle_prob,True,
c518d5d5d782684b,fmnist,multi,42,feddf_logit,True,
ef23bcac577da509,fmnist,multi,42,oracle_logit,True,
6e4cf9e2da9a1a3b,fmnist,multi,42,confidence_logit,True,
58f434d7894607a6,fmnist,multi,42,consensus_logit,True,
dc5084192a9e6ae3,fmnist,multi,42,energy_logit,True,
3b53c9c6b8894bd7,fmnist,multi,42,expert_logit,True,
c72caa26e20d2ceb,fmnist,multi,43,feddf_prob,True,
938891f0341da58b,fmnist,multi,43,expert_prob,True,
bcc8c81d85f2294b,fmnist,multi,43,expert_prob_sr,True,
6501ab93d87857b0,fmnist,multi,43,oracle_prob,True,
8cdc7a5ce2c46b0c,fmnist,multi,43,feddf_logit,True,
551289fd4ceb7269,fmnist,multi,43,oracle_logit,True,
168a82295893ed4c,fmnist,multi,43,confidence_logit,True,
e7ae91326bd70e56,fmnist,multi,43,consensus_logit,True,
f15ec469cc571c63,fmnist,multi,43,energy_logit,True,
999235d2e3bd1c38,fmnist,multi,43,expert_logit,True,
ec0dd92c67c94986,fmnist,multi,44,feddf_prob,True,
393db1feef47cf9d,fmnist,multi,44,expert_prob,True,
54850265efe0762c,fmnist,multi,44,expert_prob_sr,True,
fa116c17331b2e03,fmnist,multi,44,oracle_prob,True,
8b5619e1467492ea,fmnist,multi,44,feddf_logit,True,
eeb7d4198c4a1924,fmnist,multi,44,oracle_logit,True,
b3eb8fd52667825d,fmnist,multi,44,confidence_logit,True,
2896b11b662c99b4,fmnist,multi,44,consensus_logit,True,
def8c9282be8be99,fmnist,multi,44,energy_logit,True,
71a2217a99f9324d,fmnist,multi,44,expert_logit,True,
44824a144c9525c5,fmnist,single,42,feddf_prob,True,
d167fc214edc5c68,fmnist,single,42,expert_prob,True,
08eabbd992538a57,fmnist,single,42,expert_prob_sr,True,
1bf1869b242b152c,fmnist,single,42,oracle_prob,True,
bf43a7bbd0410f90,fmnist,single,42,feddf_logit,True,
917488946fe48e61,fmnist,single,42,oracle_logit,True,
5829e244613cfec4,fmnist,single,42,confidence_logit,True,
5540e70f316b3157,fmnist,single,42,consensus_logit,True,
ec59f8482e80c410,fmnist,single,42,energy_logit,True,
99b441333e5bf3f5,fmnist,single,42,expert_logit,True,
b3da8b08e20abcef,fmnist,single,43,feddf_prob,True,
e73aba17d579b084,fmnist,single,43,expert_prob,True,
0d2bda7ebfd8f566,fmnist,single,43,expert_prob_sr,True,
1ba7b32f81110e9f,fmnist,single,43,oracle_prob,True,
c48ba5ab037c39aa,fmnist,single,43,feddf_logit,True,
09c178bb4ee615c5,fmnist,single,43,oracle_logit,True,
2f646cba63ac46ef,fmnist,single,43,confidence_logit,True,
fec5a40f26eec1d0,fmnist,single,43,consensus_logit,True,
ae7dc6816b60195d,fmnist,single,43,energy_logit,True,
09d275ff7b023dc9,fmnist,single,43,expert_logit,True,
cd05b1f48ae157c4,fmnist,single,44,feddf_prob,True,
ab8e9ca45adc2256,fmnist,single,44,expert_prob,True,
45d2e0d5b1a6931a,fmnist,single,44,expert_prob_sr,True,
40700dc4636bdaee,fmnist,single,44,oracle_prob,True,
084dd4c334767c68,fmnist,single,44,feddf_logit,True,
631932254a7a791e,fmnist,single,44,oracle_logit,True,
630e5c4fc6ca6778,fmnist,single,44,confidence_logit,True,
bdb763a84624b91b,fmnist,single,44,consensus_logit,True,
3a3a90c833fd947e,fmnist,single,44,energy_logit,True,
79edd7ca6a5e54df,fmnist,single,44,expert_logit,True,
fd302b0cd1665f65,mnist,alpha0p1,42,feddf_prob,True,
d9427415fddfb7dc,mnist,alpha0p1,42,expert_prob,True,
690075f851ef6b5b,mnist,alpha0p1,42,expert_prob_sr,True,
a70c36e629578fc0,mnist,alpha0p1,42,oracle_prob,True,
4211ab3ca951358a,mnist,alpha0p1,42,feddf_logit,True,
0425fb4bce2e031b,mnist,alpha0p1,42,oracle_logit,True,
53c0ccc232a56e7f,mnist,alpha0p1,42,confidence_logit,True,
6f4162cbf1b1bd10,mnist,alpha0p1,42,consensus_logit,True,
1081b63773e37f4b,mnist,alpha0p1,42,energy_logit,True,
b35c3f55c399a313,mnist,alpha0p1,42,expert_logit,True,
d8c95f97b83b20e2,mnist,alpha0p1,43,feddf_prob,True,
d78a0dac27b97e4e,mnist,alpha0p1,43,expert_prob,True,
25d33445f9cc1ca3,mnist,alpha0p1,43,expert_prob_sr,True,
6910d42687b1691c,mnist,alpha0p1,43,oracle_prob,True,
ceb53a4be583636f,mnist,alpha0p1,43,feddf_logit,True,
3d89c1aafe58ac69,mnist,alpha0p1,43,oracle_logit,True,
aa384a10c896f140,mnist,alpha0p1,43,confidence_logit,True,
075064b562201129,mnist,alpha0p1,43,consensus_logit,True,
e69d6e258cdddf29,mnist,alpha0p1,43,energy_logit,True,
5b8931eb0c3f81c0,mnist,alpha0p1,43,expert_logit,True,
088d73400827b025,mnist,alpha0p1,44,feddf_prob,True,
cc4acf0198322c91,mnist,alpha0p1,44,expert_prob,True,
e667c3e35d84b7d8,mnist,alpha0p1,44,expert_prob_sr,True,
e8871b2f0749cfe9,mnist,alpha0p1,44,oracle_prob,True,
63849b8e3a08d7b5,mnist,alpha0p1,44,feddf_logit,True,
7970529beaeb8427,mnist,alpha0p1,44,oracle_logit,True,
aa03a0a2c9457356,mnist,alpha0p1,44,confidence_logit,True,
f8b59906945a3575,mnist,alpha0p1,44,consensus_logit,True,
406fc4f5298abbdc,mnist,alpha0p1,44,energy_logit,True,
1ea6f18f70faee56,mnist,alpha0p1,44,expert_logit,True,
b4b9afcdf2ce45ad,mnist,alpha0p5,42,feddf_prob,True,
f2209cbb09508377,mnist,alpha0p5,42,expert_prob,True,
96e0ae5947cac9f4,mnist,alpha0p5,42,expert_prob_sr,True,
01f3665db7c1b177,mnist,alpha0p5,42,oracle_prob,True,
3ebe95153b060ea6,mnist,alpha0p5,42,feddf_logit,True,
ff3e68157b637807,mnist,alpha0p5,42,oracle_logit,True,
232019a88b07f3cf,mnist,alpha0p5,42,confidence_logit,True,
5ba1d39afe10e4a1,mnist,alpha0p5,42,consensus_logit,True,
a428163f7663f38c,mnist,alpha0p5,42,energy_logit,True,
f0bcde61d7afdc43,mnist,alpha0p5,42,expert_logit,True,
46e623736124825c,mnist,alpha0p5,43,feddf_prob,True,
133745d7ef97778c,mnist,alpha0p5,43,expert_prob,True,
3b70242bdc8a2540,mnist,alpha0p5,43,expert_prob_sr,True,
1dfe2d60f142f80d,mnist,alpha0p5,43,oracle_prob,True,
b537f3f807cd423e,mnist,alpha0p5,43,feddf_logit,True,
72d41d415809669c,mnist,alpha0p5,43,oracle_logit,True,
8f9075026165bdab,mnist,alpha0p5,43,confidence_logit,True,
02b6f070d4bf1f8c,mnist,alpha0p5,43,consensus_logit,True,
7ed0103ccf2afef7,mnist,alpha0p5,43,energy_logit,True,
1f65aeb93a68d944,mnist,alpha0p5,43,expert_logit,True,
975f282b321b9955,mnist,alpha0p5,44,feddf_prob,True,
23eaac99842b9e84,mnist,alpha0p5,44,expert_prob,True,
0ebf35ce24c0ad53,mnist,alpha0p5,44,expert_prob_sr,True,
04083fd7a69581e3,mnist,alpha0p5,44,oracle_prob,True,
c4535b293e125477,mnist,alpha0p5,44,feddf_logit,True,
623b5bf47ff948e6,mnist,alpha0p5,44,oracle_logit,True,
145efea3aa26c489,mnist,alpha0p5,44,confidence_logit,True,
b2d446a72a8fc260,mnist,alpha0p5,44,consensus_logit,True,
89453efca187e80e,mnist,alpha0p5,44,energy_logit,True,
d158dafe8b39f74c,mnist,alpha0p5,44,expert_logit,True,
5c63d62f03984ea2,mnist,alpha1p0,42,feddf_prob,True,
1d5cb3fb595a35f8,mnist,alpha1p0,42,expert_prob,True,
b9638230b92b67a0,mnist,alpha1p0,42,expert_prob_sr,True,
56a59f5fc1fa7eb2,mnist,alpha1p0,42,oracle_prob,True,
9192ef45fa94bcf9,mnist,alpha1p0,42,feddf_logit,True,
12f24074c6a85064,mnist,alpha1p0,42,oracle_logit,True,
442f56b475a76580,mnist,alpha1p0,42,confidence_logit,True,
7c68af7b8561bc20,mnist,alpha1p0,42,consensus_logit,True,
f239bf0fb6b47c6b,mnist,alpha1p0,42,energy_logit,True,
1189fb75fc4d4a12,mnist,alpha1p0,42,expert_logit,True,
8c4fa8842348ecd4,mnist,alpha1p0,43,feddf_prob,True,
79c4344e2806e503,mnist,alpha1p0,43,expert_prob,True,
b5f96ca8d1b5d8d2,mnist,alpha1p0,43,expert_prob_sr,True,
3ee5532d2e649db1,mnist,alpha1p0,43,oracle_prob,True,
7d8e412a1334f6e8,mnist,alpha1p0,43,feddf_logit,True,
a40939caaa866ebf,mnist,alpha1p0,43,oracle_logit,True,
6f4f9a55995519c4,mnist,alpha1p0,43,confidence_logit,True,
097e14e23469ed56,mnist,alpha1p0,43,consensus_logit,True,
24de7479c7865e40,mnist,alpha1p0,43,energy_logit,True,
6ff7db94a5c1fd52,mnist,alpha1p0,43,expert_logit,True,
5e64c8c14ab55789,mnist,alpha1p0,44,feddf_prob,True,
18a721009ab5f2f6,mnist,alpha1p0,44,expert_prob,True,
8ca25549a3576331,mnist,alpha1p0,44,expert_prob_sr,True,
0953ff10e244dd8c,mnist,alpha1p0,44,oracle_prob,True,
b98b982f9eafa6ec,mnist,alpha1p0,44,feddf_logit,True,
3f5891f6bedf0e31,mnist,alpha1p0,44,oracle_logit,True,
c58ed946c2236a89,mnist,alpha1p0,44,confidence_logit,True,
76cf43a082b7b4d0,mnist,alpha1p0,44,consensus_logit,True,
3e50965cb6cfcd0b,mnist,alpha1p0,44,energy_logit,True,
0f602383a9f62436,mnist,alpha1p0,44,expert_logit,True,
d87496c6477f8643,mnist,iid,42,feddf_prob,True,
9bc82c354ac078be,mnist,iid,42,expert_prob,True,
4345bd50ed9e7074,mnist,iid,42,expert_prob_sr,True,
527d8f17d82fd73c,mnist,iid,42,oracle_prob,True,
f3f7fcbb087554c7,mnist,iid,42,feddf_logit,True,
e9137cf541da17df,mnist,iid,42,oracle_logit,True,
9c650aad4e83ed55,mnist,iid,42,confidence_logit,True,
57c5dbd8af008c6c,mnist,iid,42,consensus_logit,True,
695ef93037f7ca54,mnist,iid,42,energy_logit,True,
4fe2719c1df3c2d7,mnist,iid,42,expert_logit,True,
097f5357e99483a8,mnist,iid,43,feddf_prob,True,
a32a4765a0f13177,mnist,iid,43,expert_prob,True,
c4b6112e88fd4f10,mnist,iid,43,expert_prob_sr,True,
8ef75a091d70a179,mnist,iid,43,oracle_prob,True,
d1f768028cc2ff1c,mnist,iid,43,feddf_logit,True,
a8b360ba6dc01a3c,mnist,iid,43,oracle_logit,True,
60d11e45bb72ff08,mnist,iid,43,confidence_logit,True,
19e244a4b9a4fb66,mnist,iid,43,consensus_logit,True,
12fe0ba01cbee9be,mnist,iid,43,energy_logit,True,
9a61f96ec8968a96,mnist,iid,43,expert_logit,True,
81b0e728d98d19c3,mnist,iid,44,feddf_prob,True,
ed9d70c5453f65bd,mnist,iid,44,expert_prob,True,
0214923722a2dd77,mnist,iid,44,expert_prob_sr,True,
2159f0970c38c9ba,mnist,iid,44,oracle_prob,True,
2cf8a9163a1164be,mnist,iid,44,feddf_logit,True,
a917fd671cc98a13,mnist,iid,44,oracle_logit,True,
7e31a3fba1ec195b,mnist,iid,44,confidence_logit,True,
241675afcbe24555,mnist,iid,44,consensus_logit,True,
4a51e2d50c1a700d,mnist,iid,44,energy_logit,True,
53d693d9e6211239,mnist,iid,44,expert_logit,True,
8dec28b0a6408e7b,mnist,multi,42,feddf_prob,True,
d2eabc31aba5005e,mnist,multi,42,expert_prob,True,
60923db11234e605,mnist,multi,42,expert_prob_sr,True,
3ae96d596ba5a68c,mnist,multi,42,oracle_prob,True,
0b3e5d3da2ed350d,mnist,multi,42,feddf_logit,True,
45cac312d61e5507,mnist,multi,42,oracle_logit,True,
54b98d88478319a3,mnist,multi,42,confidence_logit,True,
eb4c898e4c435d58,mnist,multi,42,consensus_logit,True,
566f07f192a2693b,mnist,multi,42,energy_logit,True,
6052301c72a9ceba,mnist,multi,42,expert_logit,True,
d9c55f15b6267d0e,mnist,multi,43,feddf_prob,True,
d42eca86862ebedd,mnist,multi,43,expert_prob,True,
9a17f328d8441bc1,mnist,multi,43,expert_prob_sr,True,
39d18b6121a5e257,mnist,multi,43,oracle_prob,True,
9e8473cb1ce51b76,mnist,multi,43,feddf_logit,True,
0001fce6c19b8801,mnist,multi,43,oracle_logit,True,
461fd29990055bf3,mnist,multi,43,confidence_logit,True,
922e429d23dcf563,mnist,multi,43,consensus_logit,True,
0386032652301a79,mnist,multi,43,energy_logit,True,
0866d10daa5fef93,mnist,multi,43,expert_logit,True,
63baf7db4eb05884,mnist,multi,44,feddf_prob,True,
514513f25daa1b3d,mnist,multi,44,expert_prob,True,
823c02188f2e65c3,mnist,multi,44,expert_prob_sr,True,
e0e83e43f52745a7,mnist,multi,44,oracle_prob,True,
35fd882ad9198f17,mnist,multi,44,feddf_logit,True,
123821e429cb7a59,mnist,multi,44,oracle_logit,True,
30bbc67a5ef07eaf,mnist,multi,44,confidence_logit,True,
1f372b59fb6b6060,mnist,multi,44,consensus_logit,True,
eae1771a810ae620,mnist,multi,44,energy_logit,True,
47a8fa576c828f4f,mnist,multi,44,expert_logit,True,
3724fea623593e4e,mnist,single,42,feddf_prob,True,
9cf5cccd877e965c,mnist,single,42,expert_prob,True,
89d722d990c06664,mnist,single,42,expert_prob_sr,True,
99837b4a7dd53a90,mnist,single,42,oracle_prob,True,
27e537ba1de330d8,mnist,single,42,feddf_logit,True,
7ef3dc77dd3f3b25,mnist,single,42,oracle_logit,True,
022e9d1452d5490f,mnist,single,42,confidence_logit,True,
30e91770bdbe8960,mnist,single,42,consensus_logit,True,
7abeba848341a83d,mnist,single,42,energy_logit,True,
84a4d2545c2b0ef5,mnist,single,42,expert_logit,True,
7d7a470acc65a531,mnist,single,43,feddf_prob,True,
27fb114f3b7d7acc,mnist,single,43,expert_prob,True,
7fbf2f593b5c1322,mnist,single,43,expert_prob_sr,True,
12026cbabced0705,mnist,single,43,oracle_prob,True,
dbbe406688b425cb,mnist,single,43,feddf_logit,True,
3e8f1d9a26fb6edc,mnist,single,43,oracle_logit,True,
d190fbdf18811abd,mnist,single,43,confidence_logit,True,
cc8d1516260ab268,mnist,single,43,consensus_logit,True,
db0090aea69a0d99,mnist,single,43,energy_logit,True,
dbc06768c552e4b8,mnist,single,43,expert_logit,True,
77fc3b9cf56a03d8,mnist,single,44,feddf_prob,True,
0c88e9d2da5109c1,mnist,single,44,expert_prob,True,
efd18aef92142fdd,mnist,single,44,expert_prob_sr,True,
4b7203578badf355,mnist,single,44,oracle_prob,True,
5c2e7760fffa79a1,mnist,single,44,feddf_logit,True,
7dfc4d42f04d618f,mnist,single,44,oracle_logit,True,
66d072fb610f9995,mnist,single,44,confidence_logit,True,
4da2634d624ed3da,mnist,single,44,consensus_logit,True,
c31c43ec48379384,mnist,single,44,energy_logit,True,
9fd379b145b4ffd0,mnist,single,44,expert_logit,True,
