dataset,regime,method,metric,mean,sd,n,seeds
mnist,iid,feddf_prob,student_test_accuracy,98.42333333333335,0.1222020185321544,3,"42,43,44"
mnist,iid,feddf_prob,student_test_nll,0.05005745828202923,0.005168321717473448,3,"42,43,44"
mnist,iid,expert_prob,student_test_accuracy,98.42333333333335,0.1222020185321544,3,"42,43,44"
mnist,iid,expert_prob,student_test_nll,0.04989531125399901,0.004888381992670253,3,"42,43,44"
mnist,iid,expert_prob_sr,student_test_accuracy,98.42333333333335,0.1222020185321544,3,"42,43,44"
mnist,iid,expert_prob_sr,student_test_nll,0.049839644681553635,0.0047923005772266,3,"42,43,44"
mnist,iid,oracle_prob,student_test_accuracy,98.54333333333334,0.2000833159794524,3,"42,43,44"
mnist,iid,oracle_prob,student_test_nll,0.0457631576729938,0.005312974210150934,3,"42,43,44"
mnist,iid,feddf_logit,student_test_accuracy,98.37666666666665,0.16653327995728917,3,"42,43,44"
mnist,iid,feddf_logit,student_test_nll,0.05091679497288223,0.005869129491070501,3,"42,43,44"
mnist,iid,oracle_logit,student_test_accuracy,98.49666666666667,0.2084066537645412,3,"42,43,44"
mnist,iid,oracle_logit,student_test_nll,0.046603294265658235,0.005452627268459259,3,"42,43,44"
mnist,alpha1p0,feddf_prob,student_test_accuracy,98.10333333333332,0.12741009902411166,3,"42,43,44"
mnist,alpha1p0,feddf_prob,student_test_nll,0.05877416992917806,0.0035676547028770443,3,"42,43,44"
mnist,alpha1p0,expert_prob,student_test_accuracy,98.22666666666667,0.07023769168568299,3,"42,43,44"
mnist,alpha1p0,expert_prob,student_test_nll,0.05402782554372673,0.0034419904837271137,3,"42,43,44"
mnist,alpha1p0,expert_prob_sr,student_test_accuracy,98.44666666666667,0.05131601439446932,3,"42,43,44"
mnist,alpha1p0,expert_prob_sr,student_test_nll,0.0504750843995522,0.003683907942672719,3,"42,43,44"
mnist,alpha1p0,oracle_prob,student_test_accuracy,98.45333333333332,0.04618802153517138,3,"42,43,44"
mnist,alpha1p0,oracle_prob,student_test_nll,0.04621834774074763,0.0035075286405650383,3,"42,43,44"
mnist,alpha1p0,feddf_logit,student_test_accuracy,98.01333333333334,0.14047538337137122,3,"42,43,44"
mnist,alpha1p0,feddf_logit,student_test_nll,0.0619849142911921,0.006024725520813468,3,"42,43,44"
mnist,alpha1p0,oracle_logit,student_test_accuracy,98.46000000000001,0.043588989435405755,3,"42,43,44"
mnist,alpha1p0,oracle_logit,student_test_nll,0.0463516517691857,0.0031220044930299245,3,"42,43,44"
mnist,alpha0p5,feddf_prob,student_test_accuracy,97.17666666666668,0.6600252520421775,3,"42,43,44"
mnist,alpha0p5,feddf_prob,student_test_nll,0.08804589462094008,0.017294118154664313,3,"42,43,44"
mnist,alpha0p5,expert_prob,student_test_accuracy,98.06,0.20952326839757435,3,"42,43,44"
mnist,alpha0p5,expert_prob,student_test_nll,0.06364837871105793,0.00893402320872787,3,"42,43,44"
mnist,alpha0p5,expert_prob_sr,student_test_accuracy,98.14,0.1252996408614197,3,"42,43,44"
mnist,alpha0p5,expert_prob_sr,student_test_nll,0.0644857894928592,0.01103142570465099,3,"42,43,44"
mnist,alpha0p5,oracle_prob,student_test_accuracy,98.39666666666668,0.08144527815246817,3,"42,43,44"
mnist,alpha0p5,oracle_prob,student_test_nll,0.04930831139328267,0.004050133437161925,3,"42,43,44"
mnist,alpha0p5,feddf_logit,student_test_accuracy,96.17666666666666,1.2837575056580302,3,"42,43,44"
mnist,alpha0p5,feddf_logit,student_test_nll,0.1198859174162149,0.03732225583205909,3,"42,43,44"
mnist,alpha0p5,oracle_logit,student_test_accuracy,98.39000000000001,0.12288205727444194,3,"42,43,44"
mnist,alpha0p5,oracle_logit,student_test_nll,0.05189392584552984,0.004756947288160251,3,"42,43,44"
mnist,alpha0p1,feddf_prob,student_test_accuracy,83.36000000000001,10.57113522759027,3,"42,43,44"
mnist,alpha0p1,feddf_prob,student_test_nll,0.4497387899518013,0.2616098066590162,3,"42,43,44"
mnist,alpha0p1,expert_prob,student_test_accuracy,98.69666666666667,0.13576941236277143,3,"42,43,44"
mnist,alpha0p1,expert_prob,student_test_nll,0.04949297057037083,0.006972355442255568,3,"42,43,44"
mnist,alpha0p1,expert_prob_sr,student_test_accuracy,98.51333333333334,0.24664414311581445,3,"42,43,44"
mnist,alpha0p1,expert_prob_sr,student_test_nll,0.08378824693524313,0.034684731474184854,3,"42,43,44"
mnist,alpha0p1,oracle_prob,student_test_accuracy,98.91666666666666,0.107857931249088,3,"42,43,44"
mnist,alpha0p1,oracle_prob,student_test_nll,0.04148457522814273,0.005185110685072283,3,"42,43,44"
mnist,alpha0p1,feddf_logit,student_test_accuracy,69.66666666666667,18.125179539340664,3,"42,43,44"
mnist,alpha0p1,feddf_logit,student_test_nll,1.0905456695159277,0.6711429600211476,3,"42,43,44"
mnist,alpha0p1,oracle_logit,student_test_accuracy,98.90666666666667,0.1871719352182178,3,"42,43,44"
mnist,alpha0p1,oracle_logit,student_test_nll,0.04250555807148774,0.00757542292561237,3,"42,43,44"
mnist,multi,feddf_prob,student_test_accuracy,55.32333333333334,2.1909891221394364,3,"42,43,44"
mnist,multi,feddf_prob,student_test_nll,1.1688975114504496,0.06855497468129206,3,"42,43,44"
mnist,multi,expert_prob,student_test_accuracy,98.8,0.10000000000000009,3,"42,43,44"
mnist,multi,expert_prob,student_test_nll,0.1157144559480948,0.016097158387024815,3,"42,43,44"
mnist,multi,expert_prob_sr,student_test_accuracy,98.45333333333332,0.18823743871327542,3,"42,43,44"
mnist,multi,expert_prob_sr,student_test_nll,0.2932440236808072,0.05135593139311104,3,"42,43,44"
mnist,multi,oracle_prob,student_test_accuracy,98.81666666666665,0.07767453465154245,3,"42,43,44"
mnist,multi,oracle_prob,student_test_nll,0.11062492334099461,0.0133537120468971,3,"42,43,44"
mnist,multi,feddf_logit,student_test_accuracy,39.95333333333333,3.398975335793618,3,"42,43,44"
mnist,multi,feddf_logit,student_test_nll,3.4918897179921466,0.19913335987125577,3,"42,43,44"
mnist,multi,oracle_logit,student_test_accuracy,98.80333333333334,0.13316656236959015,3,"42,43,44"
mnist,multi,oracle_logit,student_test_nll,0.12133411235465123,0.02462434754037675,3,"42,43,44"
mnist,single,feddf_prob,student_test_accuracy,9.973333333333334,0.2020725942163692,3,"42,43,44"
mnist,single,feddf_prob,student_test_nll,2.3025853771209714,1.2673477408312629e-05,3,"42,43,44"
mnist,single,expert_prob,student_test_accuracy,98.70333333333333,0.1422439219556762,3,"42,43,44"
mnist,single,expert_prob,student_test_nll,0.30366416846538197,0.03408168217427897,3,"42,43,44"
mnist,single,expert_prob_sr,student_test_accuracy,98.76333333333335,0.061101009266075985,3,"42,43,44"
mnist,single,expert_prob_sr,student_test_nll,0.2839577068885761,0.038392728754341736,3,"42,43,44"
mnist,single,oracle_prob,student_test_accuracy,98.70333333333333,0.1422439219556762,3,"42,43,44"
mnist,single,oracle_prob,student_test_nll,0.30366416846538197,0.03408168217427897,3,"42,43,44"
mnist,single,feddf_logit,student_test_accuracy,10.216666666666667,0.10969655114602885,3,"42,43,44"
mnist,single,feddf_logit,student_test_nll,6.214551177215576,2.4206309809652056,3,"42,43,44"
mnist,single,oracle_logit,student_test_accuracy,98.70333333333333,0.1422439219556762,3,"42,43,44"
mnist,single,oracle_logit,student_test_nll,0.30366416846538197,0.03408168217427897,3,"42,43,44"
fmnist,iid,feddf_prob,student_test_accuracy,88.74000000000001,0.1969771560359235,3,"42,43,44"
fmnist,iid,feddf_prob,student_test_nll,0.34665451862414676,0.015545840131767578,3,"42,43,44"
fmnist,iid,expert_prob,student_test_accuracy,88.80666666666667,0.11150485789118303,3,"42,43,44"
fmnist,iid,expert_prob,student_test_nll,0.3470316455006599,0.01632270877687971,3,"42,43,44"
fmnist,iid,expert_prob_sr,student_test_accuracy,87.54333333333332,0.33020195840324,3,"42,43,44"
fmnist,iid,expert_prob_sr,student_test_nll,1.4266179936726886,0.2540990800407197,3,"42,43,44"
fmnist,iid,oracle_prob,student_test_accuracy,89.40666666666667,0.2112660250332069,3,"42,43,44"
fmnist,iid,oracle_prob,student_test_nll,0.3278566673437754,0.019120545494043854,3,"42,43,44"
fmnist,iid,feddf_logit,student_test_accuracy,88.77000000000001,0.24576411454888838,3,"42,43,44"
fmnist,iid,feddf_logit,student_test_nll,0.3465636831323305,0.014864545158053086,3,"42,43,44"
fmnist,iid,oracle_logit,student_test_accuracy,89.33999999999999,0.3724244889907204,3,"42,43,44"
fmnist,iid,oracle_logit,student_test_nll,0.3267429481903712,0.017486646038611064,3,"42,43,44"
fmnist,alpha1p0,feddf_prob,student_test_accuracy,87.76333333333332,0.2098412098071619,3,"42,43,44"
fmnist,alpha1p0,feddf_prob,student_test_nll,0.3531983311573664,0.00600250503303619,3,"42,43,44"
fmnist,alpha1p0,expert_prob,student_test_accuracy,88.74666666666667,0.07023769168568299,3,"42,43,44"
fmnist,alpha1p0,expert_prob,student_test_nll,0.3773205910523732,0.011114662145762661,3,"42,43,44"
fmnist,alpha1p0,expert_prob_sr,student_test_accuracy,88.46,0.17578395831247315,3,"42,43,44"
fmnist,alpha1p0,expert_prob_sr,student_test_nll,1.0259948998769124,0.10006072852016515,3,"42,43,44"
fmnist,alpha1p0,oracle_prob,student_test_accuracy,89.62333333333333,0.07767453465154245,3,"42,43,44"
fmnist,alpha1p0,oracle_prob,student_test_nll,0.30972708880901334,0.0030431664917572954,3,"42,43,44"
fmnist,alpha1p0,feddf_logit,student_test_accuracy,86.87666666666667,1.4911852109424006,3,"42,43,44"
fmnist,alpha1p0,feddf_logit,student_test_nll,0.3785793659528096,0.03379097230137615,3,"42,43,44"
fmnist,alpha1p0,oracle_logit,student_test_accuracy,89.55000000000001,0.12767145334803995,3,"42,43,44"
fmnist,alpha1p0,oracle_logit,student_test_nll,0.3169430905063947,0.00369655160678317,3,"42,43,44"
fmnist,alpha0p5,feddf_prob,student_test_accuracy,85.75,0.9469424480928067,3,"42,43,44"
fmnist,alpha0p5,feddf_prob,student_test_nll,0.39831796515782675,0.03210746692146628,3,"42,43,44"
fmnist,alpha0p5,expert_prob,student_test_accuracy,88.89666666666668,0.9360733589486087,3,"42,43,44"
fmnist,alpha0p5,expert_prob,student_test_nll,0.3847650167544683,0.028209385916070938,3,"42,43,44"
fmnist,alpha0p5,expert_prob_sr,student_test_accuracy,88.05999999999999,0.9193475947648945,3,"42,43,44"
fmnist,alpha0p5,expert_prob_sr,student_test_nll,0.9665811054229737,0.30584954874964526,3,"42,43,44"
fmnist,alpha0p5,oracle_prob,student_test_accuracy,89.51666666666665,0.4079624165696311,3,"42,43,44"
fmnist,alpha0p5,oracle_prob,student_test_nll,0.3239157341877619,0.015164198270175107,3,"42,43,44"
fmnist,alpha0p5,feddf_logit,student_test_accuracy,84.93,1.2154011683390784,3,"42,43,44"
fmnist,alpha0p5,feddf_logit,student_test_nll,0.4258972787221273,0.04221872633358101,3,"42,43,44"
fmnist,alpha0p5,oracle_logit,student_test_accuracy,89.23,0.4479955356920413,3,"42,43,44"
fmnist,alpha0p5,oracle_logit,student_test_nll,0.33966936367352796,0.016843171273459797,3,"42,43,44"
fmnist,alpha0p1,feddf_prob,student_test_accuracy,64.71333333333334,14.826767460688567,3,"42,43,44"
fmnist,alpha0p1,feddf_prob,student_test_nll,0.9242388205210368,0.31322760682873374,3,"42,43,44"
fmnist,alpha0p1,expert_prob,student_test_accuracy,89.52666666666667,0.2107921567168341,3,"42,43,44"
fmnist,alpha0p1,expert_prob,student_test_nll,0.5095045478343964,0.04843120629375058,3,"42,43,44"
fmnist,alpha0p1,expert_prob_sr,student_test_accuracy,88.51999999999998,0.7350510186374788,3,"42,43,44"
fmnist,alpha0p1,expert_prob_sr,student_test_nll,1.2382448227087657,0.13057570552609182,3,"42,43,44"
fmnist,alpha0p1,oracle_prob,student_test_accuracy,89.88999999999999,0.4044749683231353,3,"42,43,44"
fmnist,alpha0p1,oracle_prob,student_test_nll,0.4440753270546595,0.03679947446141936,3,"42,43,44"
fmnist,alpha0p1,feddf_logit,student_test_accuracy,55.10999999999999,14.238384739850233,3,"42,43,44"
fmnist,alpha0p1,feddf_logit,student_test_nll,1.7942257780710857,1.2595752279813397,3,"42,43,44"
fmnist,alpha0p1,oracle_logit,student_test_accuracy,89.73666666666666,0.1379613472438299,3,"42,43,44"
fmnist,alpha0p1,oracle_logit,student_test_nll,0.5622648254553476,0.1434148586781678,3,"42,43,44"
fmnist,multi,feddf_prob,student_test_accuracy,39.06333333333333,3.4022982428548696,3,"42,43,44"
fmnist,multi,feddf_prob,student_test_nll,1.8870329577763874,0.05835780513484742,3,"42,43,44"
fmnist,multi,expert_prob,student_test_accuracy,90.03,0.3500000000000035,3,"42,43,44"
fmnist,multi,expert_prob,student_test_nll,1.7003504521687827,0.09190880606857448,3,"42,43,44"
fmnist,multi,expert_prob_sr,student_test_accuracy,89.97666666666667,0.33471380810079004,3,"42,43,44"
fmnist,multi,expert_prob_sr,student_test_nll,2.610021896298726,0.2750378621237846,3,"42,43,44"
fmnist,multi,oracle_prob,student_test_accuracy,89.96999999999998,0.44305755833751564,3,"42,43,44"
fmnist,multi,oracle_prob,student_test_nll,1.7424870854059857,0.06136887091185512,3,"42,43,44"
fmnist,multi,feddf_logit,student_test_accuracy,20.513333333333332,0.5477529856909344,3,"42,43,44"
fmnist,multi,feddf_logit,student_test_nll,7.166186055501302,1.2579710846325223,3,"42,43,44"
fmnist,multi,oracle_logit,student_test_accuracy,89.73,0.6536818798161694,3,"42,43,44"
fmnist,multi,oracle_logit,student_test_nll,1.8309132732391358,0.11908191838435635,3,"42,43,44"
fmnist,single,feddf_prob,student_test_accuracy,10.000000000000002,1.6996749443881478e-15,3,"42,43,44"
fmnist,single,feddf_prob,student_test_nll,2.3025855813344323,9.335012650352743e-07,3,"42,43,44"
fmnist,single,expert_prob,student_test_accuracy,90.29666666666665,0.35161532010612273,3,"42,43,44"
fmnist,single,expert_prob,student_test_nll,2.937379565684001,0.25859788535892375,3,"42,43,44"
fmnist,single,expert_prob_sr,student_test_accuracy,90.45333333333333,0.04509249752822972,3,"42,43,44"
fmnist,single,expert_prob_sr,student_test_nll,2.740965173115581,0.2155254285726891,3,"42,43,44"
fmnist,single,oracle_prob,student_test_accuracy,90.29666666666665,0.35161532010612273,3,"42,43,44"
fmnist,single,oracle_prob,student_test_nll,2.937379565684001,0.25859788535892375,3,"42,43,44"
fmnist,single,feddf_logit,student_test_accuracy,10.346666666666666,0.9298028464859276,3,"42,43,44"
fmnist,single,feddf_logit,student_test_nll,8.374461071777343,1.3088663530451234,3,"42,43,44"
fmnist,single,oracle_logit,student_test_accuracy,90.29666666666665,0.35161532010612273,3,"42,43,44"
fmnist,single,oracle_logit,student_test_nll,2.937379565684001,0.25859788535892375,3,"42,43,44"
cifar,iid,feddf_prob,student_test_accuracy,75.36,0.7301369734508708,3,"42,43,44"
cifar,iid,feddf_prob,student_test_nll,0.7335223841985067,0.032690220061742596,3,"42,43,44"
cifar,iid,expert_prob,student_test_accuracy,75.28333333333333,0.7105866121264406,3,"42,43,44"
cifar,iid,expert_prob,student_test_nll,0.7622028363068899,0.03330426301216335,3,"42,43,44"
cifar,iid,expert_prob_sr,student_test_accuracy,68.75,1.5850236591294136,3,"42,43,44"
cifar,iid,expert_prob_sr,student_test_nll,3.5324946506500243,0.7107141070144201,3,"42,43,44"
cifar,iid,oracle_prob,student_test_accuracy,76.37,0.4592385001282033,3,"42,43,44"
cifar,iid,oracle_prob,student_test_nll,0.705376170905431,0.017299315865296223,3,"42,43,44"
cifar,iid,feddf_logit,student_test_accuracy,75.21,0.42000000000000215,3,"42,43,44"
cifar,iid,feddf_logit,student_test_nll,0.7328482512633006,0.0320921892819779,3,"42,43,44"
cifar,iid,oracle_logit,student_test_accuracy,76.55666666666666,0.5225259164226531,3,"42,43,44"
cifar,iid,oracle_logit,student_test_nll,0.7002397745291392,0.011814437456371289,3,"42,43,44"
cifar,alpha1p0,feddf_prob,student_test_accuracy,74.17999999999999,1.2716524682475192,3,"42,43,44"
cifar,alpha1p0,feddf_prob,student_test_nll,0.7435420334339141,0.027170128808443328,3,"42,43,44"
cifar,alpha1p0,expert_prob,student_test_accuracy,75.55666666666667,1.3588352855785513,3,"42,43,44"
cifar,alpha1p0,expert_prob,student_test_nll,0.7653777619361878,0.03250581039781981,3,"42,43,44"
cifar,alpha1p0,expert_prob_sr,student_test_accuracy,72.77666666666667,1.6951204480311537,3,"42,43,44"
cifar,alpha1p0,expert_prob_sr,student_test_nll,2.465846400197347,0.48467846933583086,3,"42,43,44"
cifar,alpha1p0,oracle_prob,student_test_accuracy,76.60666666666667,0.7750053763254412,3,"42,43,44"
cifar,alpha1p0,oracle_prob,student_test_nll,0.6968602845509847,0.0012868081747667555,3,"42,43,44"
cifar,alpha1p0,feddf_logit,student_test_accuracy,72.82333333333334,0.8787111774259668,3,"42,43,44"
cifar,alpha1p0,feddf_logit,student_test_nll,0.7783066122214,0.026533102221893652,3,"42,43,44"
cifar,alpha1p0,oracle_logit,student_test_accuracy,76.46333333333332,0.6201075175591232,3,"42,43,44"
cifar,alpha1p0,oracle_logit,student_test_nll,0.7045426039377848,0.014366908540161304,3,"42,43,44"
cifar,alpha0p5,feddf_prob,student_test_accuracy,68.83666666666666,1.0885923632532692,3,"42,43,44"
cifar,alpha0p5,feddf_prob,student_test_nll,0.8881402170817058,0.01868841015124847,3,"42,43,44"
cifar,alpha0p5,expert_prob,student_test_accuracy,75.38,0.6668583057891655,3,"42,43,44"
cifar,alpha0p5,expert_prob,student_test_nll,0.7905251474380494,0.04696149873028218,3,"42,43,44"
cifar,alpha0p5,expert_prob_sr,student_test_accuracy,71.37333333333333,1.316447239099742,3,"42,43,44"
cifar,alpha0p5,expert_prob_sr,student_test_nll,2.7135889925638836,0.3778923035844726,3,"42,43,44"
cifar,alpha0p5,oracle_prob,student_test_accuracy,75.89333333333332,0.741440040281975,3,"42,43,44"
cifar,alpha0p5,oracle_prob,student_test_nll,0.7388271567344665,0.04929008322501471,3,"42,43,44"
cifar,alpha0p5,feddf_logit,student_test_accuracy,65.29666666666665,3.121607491875512,3,"42,43,44"
cifar,alpha0p5,feddf_logit,student_test_nll,1.008356170018514,0.034577171111637016,3,"42,43,44"
cifar,alpha0p5,oracle_logit,student_test_accuracy,75.15666666666667,0.9011844058422976,3,"42,43,44"
cifar,alpha0p5,oracle_logit,student_test_nll,0.786076459089915,0.07131698551566064,3,"42,43,44"
cifar,alpha0p1,feddf_prob,student_test_accuracy,47.81333333333333,9.889935962044106,3,"42,43,44"
cifar,alpha0p1,feddf_prob,student_test_nll,1.469691698773702,0.29801993759856454,3,"42,43,44"
cifar,alpha0p1,expert_prob,student_test_accuracy,76.37,1.3804347141389899,3,"42,43,44"
cifar,alpha0p1,expert_prob,student_test_nll,1.0287244489034018,0.11419608768254699,3,"42,43,44"
cifar,alpha0p1,expert_prob_sr,student_test_accuracy,69.62666666666667,3.586953210362983,3,"42,43,44"
cifar,alpha0p1,expert_prob_sr,student_test_nll,3.6734299149831138,0.45903410254946403,3,"42,43,44"
cifar,alpha0p1,oracle_prob,student_test_accuracy,72.31333333333333,2.582137357565113,3,"42,43,44"
cifar,alpha0p1,oracle_prob,student_test_nll,1.2107145736694334,0.1947526908843868,3,"42,43,44"
cifar,alpha0p1,feddf_logit,student_test_accuracy,35.27,10.848119652732452,3,"42,43,44"
cifar,alpha0p1,feddf_logit,student_test_nll,2.0619527886708577,0.4396310063750357,3,"42,43,44"
cifar,alpha0p1,oracle_logit,student_test_accuracy,74.20333333333332,0.310859024854246,3,"42,43,44"
cifar,alpha0p1,oracle_logit,student_test_nll,1.1708802766799928,0.0652736411499348,3,"42,43,44"
cifar,multi,feddf_prob,student_test_accuracy,48.230000000000004,5.140457178111692,3,"42,43,44"
cifar,multi,feddf_prob,student_test_nll,1.5014989054361978,0.1394495559200645,3,"42,43,44"
cifar,multi,expert_prob,student_test_accuracy,75.09666666666668,1.46565116359021,3,"42,43,44"
cifar,multi,expert_prob,student_test_nll,1.5757289653778077,0.011195816525286239,3,"42,43,44"
cifar,multi,expert_prob_sr,student_test_accuracy,73.78333333333332,1.30439002347202,3,"42,43,44"
cifar,multi,expert_prob_sr,student_test_nll,5.723361262003581,0.29844514746405715,3,"42,43,44"
cifar,multi,oracle_prob,student_test_accuracy,75.11666666666666,1.3134813791346032,3,"42,43,44"
cifar,multi,oracle_prob,student_test_nll,1.5118693726857504,0.04229343963623066,3,"42,43,44"
cifar,multi,feddf_logit,student_test_accuracy,36.83666666666667,7.6804448655877575,3,"42,43,44"
cifar,multi,feddf_logit,student_test_nll,1.8996747895558677,0.14081188032270994,3,"42,43,44"
cifar,multi,oracle_logit,student_test_accuracy,75.16666666666666,1.3996189957746803,3,"42,43,44"
cifar,multi,oracle_logit,student_test_nll,1.5216600765228272,0.049514636991388,3,"42,43,44"
cifar,single,feddf_prob,student_test_accuracy,9.473333333333333,1.1060440015358033,3,"42,43,44"
cifar,single,feddf_prob,student_test_nll,2.6126453875223796,0.15343675210920002,3,"42,43,44"
cifar,single,expert_prob,student_test_accuracy,78.75999999999999,1.2492797925204735,3,"42,43,44"
cifar,single,expert_prob,student_test_nll,1.7122937920888266,0.14269342428258958,3,"42,43,44"
cifar,single,expert_prob_sr,student_test_accuracy,79.33333333333333,0.7157047808512472,3,"42,43,44"
cifar,single,expert_prob_sr,student_test_nll,5.327596418253581,0.19573266807393597,3,"42,43,44"
cifar,single,oracle_prob,student_test_accuracy,78.75999999999999,1.2492797925204735,3,"42,43,44"
cifar,single,oracle_prob,student_test_nll,1.7122937920888266,0.14269342428258958,3,"42,43,44"
cifar,single,feddf_logit,student_test_accuracy,9.873333333333335,1.8443788475617835,3,"42,43,44"
cifar,single,feddf_logit,student_test_nll,2.685259525426229,0.38668913169735286,3,"42,43,44"
cifar,single,oracle_logit,student_test_accuracy,78.75999999999999,1.2492797925204735,3,"42,43,44"
cifar,single,oracle_logit,student_test_nll,1.7122937920888266,0.14269342428258958,3,"42,43,44"
mnist,iid,confidence_logit,student_test_accuracy,98.42,0.1473091986265631,3,"42,43,44"
mnist,iid,confidence_logit,student_test_nll,0.050627969011687625,0.005570926262181567,3,"42,43,44"
mnist,iid,consensus_logit,student_test_accuracy,98.46333333333334,0.125033328890071,3,"42,43,44"
mnist,iid,consensus_logit,student_test_nll,0.049324783582333435,0.004280510816045423,3,"42,43,44"
mnist,iid,energy_logit,student_test_accuracy,98.51,0.06082762530298188,3,"42,43,44"
mnist,iid,energy_logit,student_test_nll,0.054722318704837604,0.0018105908692303092,3,"42,43,44"
mnist,iid,expert_logit,student_test_accuracy,98.41000000000001,0.11135528725659916,3,"42,43,44"
mnist,iid,expert_logit,student_test_nll,0.050768881373681705,0.0056136278908402735,3,"42,43,44"
mnist,alpha1p0,confidence_logit,student_test_accuracy,98.07000000000001,0.1299999999999985,3,"42,43,44"
mnist,alpha1p0,confidence_logit,student_test_nll,0.060344474947553406,0.005006783370848701,3,"42,43,44"
mnist,alpha1p0,consensus_logit,student_test_accuracy,98.33666666666666,0.0907377172587773,3,"42,43,44"
mnist,alpha1p0,consensus_logit,student_test_nll,0.052610018025835294,0.003958045911310818,3,"42,43,44"
mnist,alpha1p0,energy_logit,student_test_accuracy,98.24666666666667,0.23245071162147937,3,"42,43,44"
mnist,alpha1p0,energy_logit,student_test_nll,0.06499882500437106,0.009248077050792074,3,"42,43,44"
mnist,alpha1p0,expert_logit,student_test_accuracy,98.19666666666666,0.04725815626252714,3,"42,43,44"
mnist,alpha1p0,expert_logit,student_test_nll,0.055212108081369636,0.003283317827926139,3,"42,43,44"
mnist,alpha0p5,confidence_logit,student_test_accuracy,96.43,1.1066616465749601,3,"42,43,44"
mnist,alpha0p5,confidence_logit,student_test_nll,0.11106747167706486,0.03208573471457223,3,"42,43,44"
mnist,alpha0p5,consensus_logit,student_test_accuracy,97.75,0.3604164258188013,3,"42,43,44"
mnist,alpha0p5,consensus_logit,student_test_nll,0.07340941896294241,0.013139108762895415,3,"42,43,44"
mnist,alpha0p5,energy_logit,student_test_accuracy,97.69666666666666,0.36828431046316873,3,"42,43,44"
mnist,alpha0p5,energy_logit,student_test_nll,0.11093118221419379,0.03561674109260191,3,"42,43,44"
mnist,alpha0p5,expert_logit,student_test_accuracy,97.96666666666667,0.2267891825756584,3,"42,43,44"
mnist,alpha0p5,expert_logit,student_test_nll,0.06869360427797067,0.013125409093728278,3,"42,43,44"
mnist,alpha0p1,confidence_logit,student_test_accuracy,72.44999999999999,15.117086359480785,3,"42,43,44"
mnist,alpha0p1,confidence_logit,student_test_nll,1.000992037010193,0.6268041029638144,3,"42,43,44"
mnist,alpha0p1,consensus_logit,student_test_accuracy,85.42333333333333,9.750099144795056,3,"42,43,44"
mnist,alpha0p1,consensus_logit,student_test_nll,1.7319182444389327,1.4877843387909233,3,"42,43,44"
mnist,alpha0p1,energy_logit,student_test_accuracy,55.14333333333333,33.52825723674485,3,"42,43,44"
mnist,alpha0p1,energy_logit,student_test_nll,12.741061157735189,11.493164382726968,3,"42,43,44"
mnist,alpha0p1,expert_logit,student_test_accuracy,98.72666666666666,0.07234178138070077,3,"42,43,44"
mnist,alpha0p1,expert_logit,student_test_nll,0.05142766407970913,0.00623443971935127,3,"42,43,44"
mnist,multi,confidence_logit,student_test_accuracy,40.8,3.3821738571516393,3,"42,43,44"
mnist,multi,confidence_logit,student_test_nll,3.499688734690348,0.22804310747774933,3,"42,43,44"
mnist,multi,consensus_logit,student_test_accuracy,61.70333333333334,4.457514254978141,3,"42,43,44"
mnist,multi,consensus_logit,student_test_nll,22.076371529134118,3.7265155511251864,3,"42,43,44"
mnist,multi,energy_logit,student_test_accuracy,41.653333333333336,5.68635501295279,3,"42,43,44"
mnist,multi,energy_logit,student_test_nll,48.96604346110026,11.399073795150803,3,"42,43,44"
mnist,multi,expert_logit,student_test_accuracy,98.79333333333334,0.11590225767142298,3,"42,43,44"
mnist,multi,expert_logit,student_test_nll,0.12209347952847573,0.0190300871315016,3,"42,43,44"
mnist,single,confidence_logit,student_test_accuracy,10.216666666666667,0.10969655114602885,3,"42,43,44"
mnist,single,confidence_logit,student_test_nll,6.214551177215576,2.4206309809652056,3,"42,43,44"
mnist,single,consensus_logit,student_test_accuracy,9.800000000000002,1.6996749443881478e-15,3,"42,43,44"
mnist,single,consensus_logit,student_test_nll,138.25087067871095,14.342977023591668,3,"42,43,44"
mnist,single,energy_logit,student_test_accuracy,10.103333333333335,4.756704040965061,3,"42,43,44"
mnist,single,energy_logit,student_test_nll,191.3719249186198,110.11904163115754,3,"42,43,44"
mnist,single,expert_logit,student_test_accuracy,98.70333333333333,0.1422439219556762,3,"42,43,44"
mnist,single,expert_logit,student_test_nll,0.30366416846538197,0.03408168217427897,3,"42,43,44"
fmnist,iid,confidence_logit,student_test_accuracy,88.77000000000001,0.19519221295942663,3,"42,43,44"
fmnist,iid,confidence_logit,student_test_nll,0.35032658737103145,0.01625763600889152,3,"42,43,44"
fmnist,iid,consensus_logit,student_test_accuracy,88.88333333333334,0.32347076117221674,3,"42,43,44"
fmnist,iid,consensus_logit,student_test_nll,0.3504543410460154,0.015117505203899368,3,"42,43,44"
fmnist,iid,energy_logit,student_test_accuracy,88.67333333333333,0.338279962949821,3,"42,43,44"
fmnist,iid,energy_logit,student_test_nll,0.4734051285972198,0.048765612229822494,3,"42,43,44"
fmnist,iid,expert_logit,student_test_accuracy,88.78666666666666,0.18610033136276785,3,"42,43,44"
fmnist,iid,expert_logit,student_test_nll,0.3478611209114392,0.015169831270865726,3,"42,43,44"
fmnist,alpha1p0,confidence_logit,student_test_accuracy,87.05,1.312859474582103,3,"42,43,44"
fmnist,alpha1p0,confidence_logit,student_test_nll,0.38435320603052775,0.03681113682709999,3,"42,43,44"
fmnist,alpha1p0,consensus_logit,student_test_accuracy,88.09333333333335,0.2829016319029134,3,"42,43,44"
fmnist,alpha1p0,consensus_logit,student_test_nll,0.38502363982200616,0.013078808727880592,3,"42,43,44"
fmnist,alpha1p0,energy_logit,student_test_accuracy,86.77999999999999,1.3512586724976117,3,"42,43,44"
fmnist,alpha1p0,energy_logit,student_test_nll,0.7012078764835993,0.24984591617814053,3,"42,43,44"
fmnist,alpha1p0,expert_logit,student_test_accuracy,88.72666666666666,0.18903262505010035,3,"42,43,44"
fmnist,alpha1p0,expert_logit,student_test_nll,0.38771127320130666,0.023559728031345976,3,"42,43,44"
fmnist,alpha0p5,confidence_logit,student_test_accuracy,85.35333333333334,1.060675885147454,3,"42,43,44"
fmnist,alpha0p5,confidence_logit,student_test_nll,0.42764821683565774,0.0485132476438082,3,"42,43,44"
fmnist,alpha0p5,consensus_logit,student_test_accuracy,86.76,0.8336066218546977,3,"42,43,44"
fmnist,alpha0p5,consensus_logit,student_test_nll,0.4635270648757617,0.08055641505607078,3,"42,43,44"
fmnist,alpha0p5,energy_logit,student_test_accuracy,84.90333333333334,0.781558272512888,3,"42,43,44"
fmnist,alpha0p5,energy_logit,student_test_nll,0.9495964907189208,0.26226426831271193,3,"42,43,44"
fmnist,alpha0p5,expert_logit,student_test_accuracy,88.66,1.0565509926170122,3,"42,43,44"
fmnist,alpha0p5,expert_logit,student_test_nll,0.39771112974882133,0.03220423235612186,3,"42,43,44"
fmnist,alpha0p1,confidence_logit,student_test_accuracy,56.90666666666666,14.913572118487686,3,"42,43,44"
fmnist,alpha0p1,confidence_logit,student_test_nll,1.7915437229792281,1.3107474825669603,3,"42,43,44"
fmnist,alpha0p1,consensus_logit,student_test_accuracy,77.45,4.714901907781324,3,"42,43,44"
fmnist,alpha0p1,consensus_logit,student_test_nll,2.348479828103383,1.2079128704532933,3,"42,43,44"
fmnist,alpha0p1,energy_logit,student_test_accuracy,46.496666666666655,21.918837408342014,3,"42,43,44"
fmnist,alpha0p1,energy_logit,student_test_nll,26.697849428812663,31.37091964083851,3,"42,43,44"
fmnist,alpha0p1,expert_logit,student_test_accuracy,89.68666666666665,0.2112660250332105,3,"42,43,44"
fmnist,alpha0p1,expert_logit,student_test_nll,0.5751824785629908,0.10245233361854951,3,"42,43,44"
fmnist,multi,confidence_logit,student_test_accuracy,20.623333333333335,0.649024909640096,3,"42,43,44"
fmnist,multi,confidence_logit,student_test_nll,7.165656541442871,1.2416493231618697,3,"42,43,44"
fmnist,multi,consensus_logit,student_test_accuracy,38.836666666666666,2.606613383939654,3,"42,43,44"
fmnist,multi,consensus_logit,student_test_nll,45.836181841023766,3.365499647067611,3,"42,43,44"
fmnist,multi,energy_logit,student_test_accuracy,21.31,0.18357559750685898,3,"42,43,44"
fmnist,multi,energy_logit,student_test_nll,118.1495766031901,3.0627228022243176,3,"42,43,44"
fmnist,multi,expert_logit,student_test_accuracy,89.85666666666667,0.4110150037812889,3,"42,43,44"
fmnist,multi,expert_logit,student_test_nll,1.7882555089950563,0.09964123042302016,3,"42,43,44"
fmnist,single,confidence_logit,student_test_accuracy,10.346666666666666,0.9298028464859276,3,"42,43,44"
fmnist,single,confidence_logit,student_test_nll,8.374461071777343,1.3088663530451234,3,"42,43,44"
fmnist,single,consensus_logit,student_test_accuracy,10.000000000000002,1.6996749443881478e-15,3,"42,43,44"
fmnist,single,consensus_logit,student_test_nll,222.8952381184896,21.51003285696767,3,"42,43,44"
fmnist,single,energy_logit,student_test_accuracy,6.03,1.3727344972717772,3,"42,43,44"
fmnist,single,energy_logit,student_test_nll,295.70133179524737,108.58773418194055,3,"42,43,44"
fmnist,single,expert_logit,student_test_accuracy,90.29666666666665,0.35161532010612273,3,"42,43,44"
fmnist,single,expert_logit,student_test_nll,2.937379565684001,0.25859788535892375,3,"42,43,44"
cifar,iid,confidence_logit,student_test_accuracy,75.46000000000001,,1,42
cifar,iid,confidence_logit,student_test_nll,0.7554587428569793,,1,42
cifar,iid,consensus_logit,student_test_accuracy,75.59,,1,42
cifar,iid,consensus_logit,student_test_nll,0.7656492817878723,,1,42
cifar,iid,energy_logit,student_test_accuracy,73.91,,1,42
cifar,iid,energy_logit,student_test_nll,0.9511619755744934,,1,42
cifar,iid,expert_logit,student_test_accuracy,74.57000000000001,,1,42
cifar,iid,expert_logit,student_test_nll,0.8144115260601044,,1,42
cifar,alpha1p0,confidence_logit,student_test_accuracy,74.5,,1,42
cifar,alpha1p0,confidence_logit,student_test_nll,0.7420327355861663,,1,42
cifar,alpha1p0,consensus_logit,student_test_accuracy,75.39,,1,42
cifar,alpha1p0,consensus_logit,student_test_nll,0.7647266129493714,,1,42
cifar,alpha1p0,energy_logit,student_test_accuracy,70.34,,1,42
cifar,alpha1p0,energy_logit,student_test_nll,1.3564396385192872,,1,42
cifar,alpha1p0,expert_logit,student_test_accuracy,76.3,,1,42
cifar,alpha1p0,expert_logit,student_test_nll,0.7671196801185608,,1,42
cifar,alpha0p5,confidence_logit,student_test_accuracy,63.190000000000005,,1,42
cifar,alpha0p5,confidence_logit,student_test_nll,1.024276026535034,,1,42
cifar,alpha0p5,consensus_logit,student_test_accuracy,70.39999999999999,,1,42
cifar,alpha0p5,consensus_logit,student_test_nll,0.9293877109527588,,1,42
cifar,alpha0p5,energy_logit,student_test_accuracy,68.38,,1,42
cifar,alpha0p5,energy_logit,student_test_nll,1.185039161682129,,1,42
cifar,alpha0p5,expert_logit,student_test_accuracy,73.83,,1,42
cifar,alpha0p5,expert_logit,student_test_nll,0.8278199010848999,,1,42
cifar,alpha0p1,confidence_logit,student_test_accuracy,25.03,,1,42
cifar,alpha0p1,confidence_logit,student_test_nll,2.549531973266601,,1,42
cifar,alpha0p1,consensus_logit,student_test_accuracy,57.9,,1,42
cifar,alpha0p1,consensus_logit,student_test_nll,2.7759048583984374,,1,42
cifar,alpha0p1,energy_logit,student_test_accuracy,48.03,,1,42
cifar,alpha0p1,energy_logit,student_test_nll,5.314717742919922,,1,42
cifar,alpha0p1,expert_logit,student_test_accuracy,74.92999999999999,,1,42
cifar,alpha0p1,expert_logit,student_test_nll,1.1510407949447632,,1,42
cifar,multi,confidence_logit,student_test_accuracy,48.79,,1,42
cifar,multi,confidence_logit,student_test_nll,1.6794422706604004,,1,42
cifar,multi,consensus_logit,student_test_accuracy,52.839999999999996,,1,42
cifar,multi,consensus_logit,student_test_nll,4.9607241981506345,,1,42
cifar,multi,energy_logit,student_test_accuracy,48.11,,1,42
cifar,multi,energy_logit,student_test_nll,5.689942148590088,,1,42
cifar,multi,expert_logit,student_test_accuracy,74.96000000000001,,1,42
cifar,multi,expert_logit,student_test_nll,1.569563491439819,,1,42
mnist,iid,presence_prob,student_test_accuracy,98.42333333333335,0.1222020185321544,3,"42,43,44"
mnist,iid,presence_prob,student_test_nll,0.05005745828202923,0.005168321717473448,3,"42,43,44"
mnist,alpha1p0,presence_prob,student_test_accuracy,98.1,0.1300000000000049,3,"42,43,44"
mnist,alpha1p0,presence_prob,student_test_nll,0.05846241239021369,0.003258006762549618,3,"42,43,44"
mnist,alpha0p5,presence_prob,student_test_accuracy,97.63000000000001,0.18248287590894932,3,"42,43,44"
mnist,alpha0p5,presence_prob,student_test_nll,0.07333027405235916,0.007482754356810533,3,"42,43,44"
mnist,alpha0p1,presence_prob,student_test_accuracy,98.22333333333333,0.1628905563049402,3,"42,43,44"
mnist,alpha0p1,presence_prob,student_test_nll,0.0584382026320323,0.005484514540456066,3,"42,43,44"
mnist,multi,presence_prob,student_test_accuracy,98.8,0.10000000000000009,3,"42,43,44"
mnist,multi,presence_prob,student_test_nll,0.1157144559480948,0.016097158387024815,3,"42,43,44"
mnist,single,presence_prob,student_test_accuracy,98.70333333333333,0.1422439219556762,3,"42,43,44"
mnist,single,presence_prob,student_test_nll,0.30366416846538197,0.03408168217427897,3,"42,43,44"
fmnist,iid,presence_prob,student_test_accuracy,88.74000000000001,0.1969771560359235,3,"42,43,44"
fmnist,iid,presence_prob,student_test_nll,0.34665451862414676,0.015545840131767578,3,"42,43,44"
fmnist,alpha1p0,presence_prob,student_test_accuracy,87.93,0.21377558326431909,3,"42,43,44"
fmnist,alpha1p0,presence_prob,student_test_nll,0.35045968175729114,0.007442166838983818,3,"42,43,44"
fmnist,alpha0p5,presence_prob,student_test_accuracy,85.94666666666666,1.08001543198851,3,"42,43,44"
fmnist,alpha0p5,presence_prob,student_test_nll,0.3939103908220927,0.0329327794787836,3,"42,43,44"
fmnist,alpha0p1,presence_prob,student_test_accuracy,89.20666666666665,0.7910330797971323,3,"42,43,44"
fmnist,alpha0p1,presence_prob,student_test_nll,0.3891304181655248,0.02652195706305731,3,"42,43,44"
fmnist,multi,presence_prob,student_test_accuracy,90.03,0.3500000000000035,3,"42,43,44"
fmnist,multi,presence_prob,student_test_nll,1.7003504521687827,0.09190880606857448,3,"42,43,44"
fmnist,single,presence_prob,student_test_accuracy,90.29666666666665,0.35161532010612273,3,"42,43,44"
fmnist,single,presence_prob,student_test_nll,2.937379565684001,0.25859788535892375,3,"42,43,44"
cifar,iid,presence_prob,student_test_accuracy,75.36,0.7301369734508708,3,"42,43,44"
cifar,iid,presence_prob,student_test_nll,0.7335223841985067,0.032690220061742596,3,"42,43,44"
cifar,alpha1p0,presence_prob,student_test_accuracy,74.18666666666667,1.282744453635773,3,"42,43,44"
cifar,alpha1p0,presence_prob,student_test_nll,0.7429407627741496,0.028209318896238365,3,"42,43,44"
cifar,alpha0p5,presence_prob,student_test_accuracy,70.13333333333334,1.213768237075489,3,"42,43,44"
cifar,alpha0p5,presence_prob,student_test_nll,0.8504893986701965,0.01566441103015089,3,"42,43,44"
cifar,alpha0p1,presence_prob,student_test_accuracy,73.19,1.7654177975765426,3,"42,43,44"
cifar,alpha0p1,presence_prob,student_test_nll,0.8954222333272298,0.05405023750422206,3,"42,43,44"
cifar,multi,presence_prob,student_test_accuracy,75.09666666666668,1.46565116359021,3,"42,43,44"
cifar,multi,presence_prob,student_test_nll,1.5757289653778077,0.011195816525286239,3,"42,43,44"
cifar,single,presence_prob,student_test_accuracy,78.75999999999999,1.2492797925204735,3,"42,43,44"
cifar,single,presence_prob,student_test_nll,1.7122937920888266,0.14269342428258958,3,"42,43,44"
mnist,iid,supervised_proxy_ce,student_test_accuracy,98.62333333333333,0.24110855093366973,3,"42,43,44"
mnist,iid,supervised_proxy_ce,student_test_nll,0.049376982656603,0.006223197511901212,3,"42,43,44"
fmnist,iid,supervised_proxy_ce,student_test_accuracy,89.77333333333334,0.3600462933198074,3,"42,43,44"
fmnist,iid,supervised_proxy_ce,student_test_nll,0.39627337088584896,0.04618883564781812,3,"42,43,44"
cifar,iid,supervised_proxy_ce,student_test_accuracy,79.01333333333334,0.33946035605550606,3,"42,43,44"
cifar,iid,supervised_proxy_ce,student_test_nll,0.8753860672314961,0.026469024248099174,3,"42,43,44"
mnist,alpha1p0,supervised_proxy_ce,student_test_accuracy,98.62333333333333,0.24110855093366973,3,"42,43,44"
mnist,alpha1p0,supervised_proxy_ce,student_test_nll,0.049376982656603,0.006223197511901212,3,"42,43,44"
fmnist,alpha1p0,supervised_proxy_ce,student_test_accuracy,89.77333333333334,0.3600462933198074,3,"42,43,44"
fmnist,alpha1p0,supervised_proxy_ce,student_test_nll,0.39627337088584896,0.04618883564781812,3,"42,43,44"
cifar,alpha1p0,supervised_proxy_ce,student_test_accuracy,79.01333333333334,0.33946035605550606,3,"42,43,44"
cifar,alpha1p0,supervised_proxy_ce,student_test_nll,0.8753860672314961,0.026469024248099174,3,"42,43,44"
mnist,alpha0p5,supervised_proxy_ce,student_test_accuracy,98.62333333333333,0.24110855093366973,3,"42,43,44"
mnist,alpha0p5,supervised_proxy_ce,student_test_nll,0.049376982656603,0.006223197511901212,3,"42,43,44"
fmnist,alpha0p5,supervised_proxy_ce,student_test_accuracy,89.77333333333334,0.3600462933198074,3,"42,43,44"
fmnist,alpha0p5,supervised_proxy_ce,student_test_nll,0.39627337088584896,0.04618883564781812,3,"42,43,44"
cifar,alpha0p5,supervised_proxy_ce,student_test_accuracy,79.01333333333334,0.33946035605550606,3,"42,43,44"
cifar,alpha0p5,supervised_proxy_ce,student_test_nll,0.8753860672314961,0.026469024248099174,3,"42,43,44"
mnist,alpha0p1,supervised_proxy_ce,student_test_accuracy,98.62333333333333,0.24110855093366973,3,"42,43,44"
mnist,alpha0p1,supervised_proxy_ce,student_test_nll,0.049376982656603,0.006223197511901212,3,"42,43,44"
fmnist,alpha0p1,supervised_proxy_ce,student_test_accuracy,89.77333333333334,0.3600462933198074,3,"42,43,44"
fmnist,alpha0p1,supervised_proxy_ce,student_test_nll,0.39627337088584896,0.04618883564781812,3,"42,43,44"
cifar,alpha0p1,supervised_proxy_ce,student_test_accuracy,79.01333333333334,0.33946035605550606,3,"42,43,44"
cifar,alpha0p1,supervised_proxy_ce,student_test_nll,0.8753860672314961,0.026469024248099174,3,"42,43,44"
mnist,multi,supervised_proxy_ce,student_test_accuracy,98.62333333333333,0.24110855093366973,3,"42,43,44"
mnist,multi,supervised_proxy_ce,student_test_nll,0.049376982656603,0.006223197511901212,3,"42,43,44"
fmnist,multi,supervised_proxy_ce,student_test_accuracy,89.77333333333334,0.3600462933198074,3,"42,43,44"
fmnist,multi,supervised_proxy_ce,student_test_nll,0.39627337088584896,0.04618883564781812,3,"42,43,44"
cifar,multi,supervised_proxy_ce,student_test_accuracy,79.01333333333334,0.33946035605550606,3,"42,43,44"
cifar,multi,supervised_proxy_ce,student_test_nll,0.8753860672314961,0.026469024248099174,3,"42,43,44"
mnist,single,supervised_proxy_ce,student_test_accuracy,98.62333333333333,0.24110855093366973,3,"42,43,44"
mnist,single,supervised_proxy_ce,student_test_nll,0.049376982656603,0.006223197511901212,3,"42,43,44"
fmnist,single,supervised_proxy_ce,student_test_accuracy,89.77333333333334,0.3600462933198074,3,"42,43,44"
fmnist,single,supervised_proxy_ce,student_test_nll,0.39627337088584896,0.04618883564781812,3,"42,43,44"
cifar,single,supervised_proxy_ce,student_test_accuracy,79.01333333333334,0.33946035605550606,3,"42,43,44"
cifar,single,supervised_proxy_ce,student_test_nll,0.8753860672314961,0.026469024248099174,3,"42,43,44"
