hypothesis,contrast,result,defensible_claim,limitation,status
selection,oracle_logit − feddf_logit,"[{""contrast"": ""selection"", ""dataset"": ""cifar"", ""positive_accuracy_regimes"": ""alpha0p1,alpha0p5,alpha1p0,iid,multi,single"", ""negative_accuracy_regimes"": """", ""negative_nll_regimes"": ""alpha0p1,alpha0p5,alpha1p0,iid,multi,single"", ""accuracy_min_pp"": 1.3466666666666627, ""accuracy_max_pp"": 68.88666666666666, ""complete_regimes"": 6}, {""contrast"": ""selection"", ""dataset"": ""fmnist"", ""positive_accuracy_regimes"": ""alpha0p1,alpha0p5,alpha1p0,iid,multi,single"", ""negative_accuracy_regimes"": """", ""negative_nll_regimes"": ""alpha0p1,alpha0p5,alpha1p0,iid,multi,single"", ""accuracy_min_pp"": 0.5699999999999965, ""accuracy_max_pp"": 79.95, ""complete_regimes"": 6}, {""contrast"": ""selection"", ""dataset"": ""mnist"", ""positive_accuracy_regimes"": ""alpha0p1,alpha0p5,alpha1p0,iid,multi,single"", ""negative_accuracy_regimes"": """", ""negative_nll_regimes"": ""alpha0p1,alpha0p5,alpha1p0,iid,multi,single"", ""accuracy_min_pp"": 0.12000000000000528, ""accuracy_max_pp"": 88.48666666666668, ""complete_regimes"": 6}]",Efecto observado del procedimiento por dataset/régimen; medias y SD en contrasts.csv.,"Tres seeds; no equivalencia, causalidad de mecanismo ni superioridad universal.",54/54 pares; completo
expertise,expert_prob − feddf_prob,"[{""contrast"": ""expertise"", ""dataset"": ""cifar"", ""positive_accuracy_regimes"": ""alpha0p1,alpha0p5,alpha1p0,multi,single"", ""negative_accuracy_regimes"": ""iid"", ""negative_nll_regimes"": ""alpha0p1,alpha0p5,single"", ""accuracy_min_pp"": -0.07666666666666191, ""accuracy_max_pp"": 69.28666666666666, ""complete_regimes"": 6}, {""contrast"": ""expertise"", ""dataset"": ""fmnist"", ""positive_accuracy_regimes"": ""alpha0p1,alpha0p5,alpha1p0,iid,multi,single"", ""negative_accuracy_regimes"": """", ""negative_nll_regimes"": ""alpha0p1,alpha0p5,multi"", ""accuracy_min_pp"": 0.06666666666666674, ""accuracy_max_pp"": 80.29666666666667, ""complete_regimes"": 6}, {""contrast"": ""expertise"", ""dataset"": ""mnist"", ""positive_accuracy_regimes"": ""alpha0p1,alpha0p5,alpha1p0,multi,single"", ""negative_accuracy_regimes"": """", ""negative_nll_regimes"": ""alpha0p1,alpha0p5,alpha1p0,iid,multi,single"", ""accuracy_min_pp"": 0.0, ""accuracy_max_pp"": 88.73, ""complete_regimes"": 6}]",Efecto observado del procedimiento por dataset/régimen; medias y SD en contrasts.csv.,"Tres seeds; no equivalencia, causalidad de mecanismo ni superioridad universal.",54/54 pares; completo
oracle_expert,oracle_prob − expert_prob,"[{""contrast"": ""oracle_expert"", ""dataset"": ""cifar"", ""positive_accuracy_regimes"": ""alpha0p5,alpha1p0,iid,multi"", ""negative_accuracy_regimes"": ""alpha0p1"", ""negative_nll_regimes"": ""alpha0p5,alpha1p0,iid,multi"", ""accuracy_min_pp"": -4.0566666666666675, ""accuracy_max_pp"": 1.0866666666666656, ""complete_regimes"": 6}, {""contrast"": ""oracle_expert"", ""dataset"": ""fmnist"", ""positive_accuracy_regimes"": ""alpha0p1,alpha0p5,alpha1p0,iid"", ""negative_accuracy_regimes"": ""multi"", ""negative_nll_regimes"": ""alpha0p1,alpha0p5,alpha1p0,iid"", ""accuracy_min_pp"": -0.060000000000004494, ""accuracy_max_pp"": 0.8766666666666664, ""complete_regimes"": 6}, {""contrast"": ""oracle_expert"", ""dataset"": ""mnist"", ""positive_accuracy_regimes"": ""alpha0p1,alpha0p5,alpha1p0,iid,multi"", ""negative_accuracy_regimes"": """", ""negative_nll_regimes"": ""alpha0p1,alpha0p5,alpha1p0,iid,multi"", ""accuracy_min_pp"": 0.0, ""accuracy_max_pp"": 0.33666666666667033, ""complete_regimes"": 6}]",Efecto observado del procedimiento por dataset/régimen; medias y SD en contrasts.csv.,"Tres seeds; no equivalencia, causalidad de mecanismo ni superioridad universal.",54/54 pares; completo
competence_presence,expert_prob − presence_prob,"[{""contrast"": ""competence_presence"", ""dataset"": ""cifar"", ""positive_accuracy_regimes"": ""alpha0p1,alpha0p5,alpha1p0"", ""negative_accuracy_regimes"": ""iid"", ""negative_nll_regimes"": ""alpha0p5"", ""accuracy_min_pp"": -0.07666666666666191, ""accuracy_max_pp"": 5.246666666666663, ""complete_regimes"": 6}, {""contrast"": ""competence_presence"", ""dataset"": ""fmnist"", ""positive_accuracy_regimes"": ""alpha0p1,alpha0p5,alpha1p0,iid"", ""negative_accuracy_regimes"": """", ""negative_nll_regimes"": ""alpha0p5"", ""accuracy_min_pp"": 0.0, ""accuracy_max_pp"": 2.950000000000001, ""complete_regimes"": 6}, {""contrast"": ""competence_presence"", ""dataset"": ""mnist"", ""positive_accuracy_regimes"": ""alpha0p1,alpha0p5,alpha1p0"", ""negative_accuracy_regimes"": """", ""negative_nll_regimes"": ""alpha0p1,alpha0p5,alpha1p0,iid"", ""accuracy_min_pp"": 0.0, ""accuracy_max_pp"": 0.473333333333333, ""complete_regimes"": 6}]",Efecto observado del procedimiento por dataset/régimen; medias y SD en contrasts.csv.,Calidad y número de teachers pueden cambiar.,54/54 pares; completo
pooling_feddf,feddf_prob − feddf_logit,"[{""contrast"": ""pooling_feddf"", ""dataset"": ""cifar"", ""positive_accuracy_regimes"": ""alpha0p1,alpha0p5,alpha1p0,iid,multi"", ""negative_accuracy_regimes"": ""single"", ""negative_nll_regimes"": ""alpha0p1,alpha0p5,alpha1p0,multi,single"", ""accuracy_min_pp"": -0.40000000000000036, ""accuracy_max_pp"": 12.543333333333331, ""complete_regimes"": 6}, {""contrast"": ""pooling_feddf"", ""dataset"": ""fmnist"", ""positive_accuracy_regimes"": ""alpha0p1,alpha0p5,alpha1p0,multi"", ""negative_accuracy_regimes"": ""iid,single"", ""negative_nll_regimes"": ""alpha0p1,alpha0p5,alpha1p0,multi,single"", ""accuracy_min_pp"": -0.34666666666666646, ""accuracy_max_pp"": 18.55, ""complete_regimes"": 6}, {""contrast"": ""pooling_feddf"", ""dataset"": ""mnist"", ""positive_accuracy_regimes"": ""alpha0p1,alpha0p5,alpha1p0,iid,multi"", ""negative_accuracy_regimes"": ""single"", ""negative_nll_regimes"": ""alpha0p1,alpha0p5,alpha1p0,iid,multi,single"", ""accuracy_min_pp"": -0.24333333333333337, ""accuracy_max_pp"": 15.369999999999997, ""complete_regimes"": 6}]",Efecto observado del procedimiento por dataset/régimen; medias y SD en contrasts.csv.,"Tres seeds; no equivalencia, causalidad de mecanismo ni superioridad universal.",54/54 pares; completo
pooling_oracle,oracle_prob − oracle_logit,"[{""contrast"": ""pooling_oracle"", ""dataset"": ""cifar"", ""positive_accuracy_regimes"": ""alpha0p5,alpha1p0"", ""negative_accuracy_regimes"": ""alpha0p1,iid,multi"", ""negative_nll_regimes"": ""alpha0p5,alpha1p0,multi"", ""accuracy_min_pp"": -1.889999999999999, ""accuracy_max_pp"": 0.736666666666667, ""complete_regimes"": 6}, {""contrast"": ""pooling_oracle"", ""dataset"": ""fmnist"", ""positive_accuracy_regimes"": ""alpha0p1,alpha0p5,alpha1p0,iid,multi"", ""negative_accuracy_regimes"": """", ""negative_nll_regimes"": ""alpha0p1,alpha0p5,alpha1p0,multi"", ""accuracy_min_pp"": 0.0, ""accuracy_max_pp"": 0.28666666666666474, ""complete_regimes"": 6}, {""contrast"": ""pooling_oracle"", ""dataset"": ""mnist"", ""positive_accuracy_regimes"": ""alpha0p1,alpha0p5,iid,multi"", ""negative_accuracy_regimes"": ""alpha1p0"", ""negative_nll_regimes"": ""alpha0p1,alpha0p5,alpha1p0,iid,multi"", ""accuracy_min_pp"": -0.0066666666666659324, ""accuracy_max_pp"": 0.046666666666668924, ""complete_regimes"": 6}]",Efecto observado del procedimiento por dataset/régimen; medias y SD en contrasts.csv.,"Tres seeds; no equivalencia, causalidad de mecanismo ni superioridad universal.",54/54 pares; completo
pooling_expert,expert_prob − expert_logit,"[{""contrast"": ""pooling_expert"", ""dataset"": ""cifar"", ""positive_accuracy_regimes"": ""alpha0p1,alpha0p5,alpha1p0,iid"", ""negative_accuracy_regimes"": ""multi"", ""negative_nll_regimes"": ""alpha0p1,alpha0p5,alpha1p0,iid,multi"", ""accuracy_min_pp"": -0.10999999999999899, ""accuracy_max_pp"": 2.8000000000000025, ""complete_regimes"": 0}, {""contrast"": ""pooling_expert"", ""dataset"": ""fmnist"", ""positive_accuracy_regimes"": ""alpha0p5,alpha1p0,iid,multi"", ""negative_accuracy_regimes"": ""alpha0p1"", ""negative_nll_regimes"": ""alpha0p1,alpha0p5,alpha1p0,iid,multi"", ""accuracy_min_pp"": -0.1599999999999972, ""accuracy_max_pp"": 0.2366666666666665, ""complete_regimes"": 6}, {""contrast"": ""pooling_expert"", ""dataset"": ""mnist"", ""positive_accuracy_regimes"": ""alpha0p5,alpha1p0,iid,multi"", ""negative_accuracy_regimes"": ""alpha0p1"", ""negative_nll_regimes"": ""alpha0p1,alpha0p5,alpha1p0,iid,multi"", ""accuracy_min_pp"": -0.030000000000000398, ""accuracy_max_pp"": 0.09333333333333046, ""complete_regimes"": 6}]",Efecto observado del procedimiento por dataset/régimen; medias y SD en contrasts.csv.,"Tres seeds; no equivalencia, causalidad de mecanismo ni superioridad universal.",41/54 pares; alcance parcial
support,expert_prob_sr − expert_prob,"[{""contrast"": ""support"", ""dataset"": ""cifar"", ""positive_accuracy_regimes"": ""single"", ""negative_accuracy_regimes"": ""alpha0p1,alpha0p5,alpha1p0,iid,multi"", ""negative_nll_regimes"": """", ""accuracy_min_pp"": -6.743333333333334, ""accuracy_max_pp"": 0.5733333333333368, ""complete_regimes"": 6}, {""contrast"": ""support"", ""dataset"": ""fmnist"", ""positive_accuracy_regimes"": ""single"", ""negative_accuracy_regimes"": ""alpha0p1,alpha0p5,alpha1p0,iid,multi"", ""negative_nll_regimes"": ""single"", ""accuracy_min_pp"": -1.263333333333335, ""accuracy_max_pp"": 0.1566666666666679, ""complete_regimes"": 6}, {""contrast"": ""support"", ""dataset"": ""mnist"", ""positive_accuracy_regimes"": ""alpha0p5,alpha1p0,single"", ""negative_accuracy_regimes"": ""alpha0p1,multi"", ""negative_nll_regimes"": ""alpha1p0,iid,single"", ""accuracy_min_pp"": -0.34666666666666546, ""accuracy_max_pp"": 0.22000000000000167, ""complete_regimes"": 6}]",Efecto observado del procedimiento por dataset/régimen; medias y SD en contrasts.csv.,SR cambia concentración e información interclase; NLL target tiene explicación algebraica.,54/54 pares; completo
public_labels_proxy_budget,EXPERT−CE / FedDF−CE / EXPERT−FedDF,135/135 pares en CIFAR-10,Curvas para cinco N evaluados.,CE reutilizado; 1200 updates; batch 100 para N=100; cruces no son óptimos.,descriptivo
