block,dataset,regime,seed,method,proxy_size,found,valid,paired,status,reason
baseline,mnist,iid,42,feddf_prob,10000,1,1,1,complete,
baseline,mnist,iid,42,expert_prob,10000,1,1,1,complete,
baseline,mnist,iid,42,expert_prob_sr,10000,1,1,1,complete,
baseline,mnist,iid,42,oracle_prob,10000,1,1,1,complete,
baseline,mnist,iid,42,feddf_logit,10000,1,1,1,complete,
baseline,mnist,iid,42,oracle_logit,10000,1,1,1,complete,
presence,mnist,iid,42,presence_prob,10000,1,1,1,complete,
baseline,mnist,iid,43,feddf_prob,10000,1,1,1,complete,
baseline,mnist,iid,43,expert_prob,10000,1,1,1,complete,
baseline,mnist,iid,43,expert_prob_sr,10000,1,1,1,complete,
baseline,mnist,iid,43,oracle_prob,10000,1,1,1,complete,
baseline,mnist,iid,43,feddf_logit,10000,1,1,1,complete,
baseline,mnist,iid,43,oracle_logit,10000,1,1,1,complete,
presence,mnist,iid,43,presence_prob,10000,1,1,1,complete,
baseline,mnist,iid,44,feddf_prob,10000,1,1,1,complete,
baseline,mnist,iid,44,expert_prob,10000,1,1,1,complete,
baseline,mnist,iid,44,expert_prob_sr,10000,1,1,1,complete,
baseline,mnist,iid,44,oracle_prob,10000,1,1,1,complete,
baseline,mnist,iid,44,feddf_logit,10000,1,1,1,complete,
baseline,mnist,iid,44,oracle_logit,10000,1,1,1,complete,
presence,mnist,iid,44,presence_prob,10000,1,1,1,complete,
baseline,mnist,alpha1p0,42,feddf_prob,10000,1,1,1,complete,
baseline,mnist,alpha1p0,42,expert_prob,10000,1,1,1,complete,
baseline,mnist,alpha1p0,42,expert_prob_sr,10000,1,1,1,complete,
baseline,mnist,alpha1p0,42,oracle_prob,10000,1,1,1,complete,
baseline,mnist,alpha1p0,42,feddf_logit,10000,1,1,1,complete,
baseline,mnist,alpha1p0,42,oracle_logit,10000,1,1,1,complete,
presence,mnist,alpha1p0,42,presence_prob,10000,1,1,1,complete,
baseline,mnist,alpha1p0,43,feddf_prob,10000,1,1,1,complete,
baseline,mnist,alpha1p0,43,expert_prob,10000,1,1,1,complete,
baseline,mnist,alpha1p0,43,expert_prob_sr,10000,1,1,1,complete,
baseline,mnist,alpha1p0,43,oracle_prob,10000,1,1,1,complete,
baseline,mnist,alpha1p0,43,feddf_logit,10000,1,1,1,complete,
baseline,mnist,alpha1p0,43,oracle_logit,10000,1,1,1,complete,
presence,mnist,alpha1p0,43,presence_prob,10000,1,1,1,complete,
baseline,mnist,alpha1p0,44,feddf_prob,10000,1,1,1,complete,
baseline,mnist,alpha1p0,44,expert_prob,10000,1,1,1,complete,
baseline,mnist,alpha1p0,44,expert_prob_sr,10000,1,1,1,complete,
baseline,mnist,alpha1p0,44,oracle_prob,10000,1,1,1,complete,
baseline,mnist,alpha1p0,44,feddf_logit,10000,1,1,1,complete,
baseline,mnist,alpha1p0,44,oracle_logit,10000,1,1,1,complete,
presence,mnist,alpha1p0,44,presence_prob,10000,1,1,1,complete,
baseline,mnist,alpha0p5,42,feddf_prob,10000,1,1,1,complete,
baseline,mnist,alpha0p5,42,expert_prob,10000,1,1,1,complete,
baseline,mnist,alpha0p5,42,expert_prob_sr,10000,1,1,1,complete,
baseline,mnist,alpha0p5,42,oracle_prob,10000,1,1,1,complete,
baseline,mnist,alpha0p5,42,feddf_logit,10000,1,1,1,complete,
baseline,mnist,alpha0p5,42,oracle_logit,10000,1,1,1,complete,
presence,mnist,alpha0p5,42,presence_prob,10000,1,1,1,complete,
baseline,mnist,alpha0p5,43,feddf_prob,10000,1,1,1,complete,
baseline,mnist,alpha0p5,43,expert_prob,10000,1,1,1,complete,
baseline,mnist,alpha0p5,43,expert_prob_sr,10000,1,1,1,complete,
baseline,mnist,alpha0p5,43,oracle_prob,10000,1,1,1,complete,
baseline,mnist,alpha0p5,43,feddf_logit,10000,1,1,1,complete,
baseline,mnist,alpha0p5,43,oracle_logit,10000,1,1,1,complete,
presence,mnist,alpha0p5,43,presence_prob,10000,1,1,1,complete,
baseline,mnist,alpha0p5,44,feddf_prob,10000,1,1,1,complete,
baseline,mnist,alpha0p5,44,expert_prob,10000,1,1,1,complete,
baseline,mnist,alpha0p5,44,expert_prob_sr,10000,1,1,1,complete,
baseline,mnist,alpha0p5,44,oracle_prob,10000,1,1,1,complete,
baseline,mnist,alpha0p5,44,feddf_logit,10000,1,1,1,complete,
baseline,mnist,alpha0p5,44,oracle_logit,10000,1,1,1,complete,
presence,mnist,alpha0p5,44,presence_prob,10000,1,1,1,complete,
baseline,mnist,alpha0p1,42,feddf_prob,10000,1,1,1,complete,
baseline,mnist,alpha0p1,42,expert_prob,10000,1,1,1,complete,
baseline,mnist,alpha0p1,42,expert_prob_sr,10000,1,1,1,complete,
baseline,mnist,alpha0p1,42,oracle_prob,10000,1,1,1,complete,
baseline,mnist,alpha0p1,42,feddf_logit,10000,1,1,1,complete,
baseline,mnist,alpha0p1,42,oracle_logit,10000,1,1,1,complete,
presence,mnist,alpha0p1,42,presence_prob,10000,1,1,1,complete,
baseline,mnist,alpha0p1,43,feddf_prob,10000,1,1,1,complete,
baseline,mnist,alpha0p1,43,expert_prob,10000,1,1,1,complete,
baseline,mnist,alpha0p1,43,expert_prob_sr,10000,1,1,1,complete,
baseline,mnist,alpha0p1,43,oracle_prob,10000,1,1,1,complete,
baseline,mnist,alpha0p1,43,feddf_logit,10000,1,1,1,complete,
baseline,mnist,alpha0p1,43,oracle_logit,10000,1,1,1,complete,
presence,mnist,alpha0p1,43,presence_prob,10000,1,1,1,complete,
baseline,mnist,alpha0p1,44,feddf_prob,10000,1,1,1,complete,
baseline,mnist,alpha0p1,44,expert_prob,10000,1,1,1,complete,
baseline,mnist,alpha0p1,44,expert_prob_sr,10000,1,1,1,complete,
baseline,mnist,alpha0p1,44,oracle_prob,10000,1,1,1,complete,
baseline,mnist,alpha0p1,44,feddf_logit,10000,1,1,1,complete,
baseline,mnist,alpha0p1,44,oracle_logit,10000,1,1,1,complete,
presence,mnist,alpha0p1,44,presence_prob,10000,1,1,1,complete,
baseline,mnist,multi,42,feddf_prob,10000,1,1,1,complete,
baseline,mnist,multi,42,expert_prob,10000,1,1,1,complete,
baseline,mnist,multi,42,expert_prob_sr,10000,1,1,1,complete,
baseline,mnist,multi,42,oracle_prob,10000,1,1,1,complete,
baseline,mnist,multi,42,feddf_logit,10000,1,1,1,complete,
baseline,mnist,multi,42,oracle_logit,10000,1,1,1,complete,
presence,mnist,multi,42,presence_prob,10000,1,1,1,complete,
baseline,mnist,multi,43,feddf_prob,10000,1,1,1,complete,
baseline,mnist,multi,43,expert_prob,10000,1,1,1,complete,
baseline,mnist,multi,43,expert_prob_sr,10000,1,1,1,complete,
baseline,mnist,multi,43,oracle_prob,10000,1,1,1,complete,
baseline,mnist,multi,43,feddf_logit,10000,1,1,1,complete,
baseline,mnist,multi,43,oracle_logit,10000,1,1,1,complete,
presence,mnist,multi,43,presence_prob,10000,1,1,1,complete,
baseline,mnist,multi,44,feddf_prob,10000,1,1,1,complete,
baseline,mnist,multi,44,expert_prob,10000,1,1,1,complete,
baseline,mnist,multi,44,expert_prob_sr,10000,1,1,1,complete,
baseline,mnist,multi,44,oracle_prob,10000,1,1,1,complete,
baseline,mnist,multi,44,feddf_logit,10000,1,1,1,complete,
baseline,mnist,multi,44,oracle_logit,10000,1,1,1,complete,
presence,mnist,multi,44,presence_prob,10000,1,1,1,complete,
baseline,mnist,single,42,feddf_prob,10000,1,1,1,complete,
baseline,mnist,single,42,expert_prob,10000,1,1,1,complete,
baseline,mnist,single,42,expert_prob_sr,10000,1,1,1,complete,
baseline,mnist,single,42,oracle_prob,10000,1,1,1,complete,
baseline,mnist,single,42,feddf_logit,10000,1,1,1,complete,
baseline,mnist,single,42,oracle_logit,10000,1,1,1,complete,
presence,mnist,single,42,presence_prob,10000,1,1,1,complete,
baseline,mnist,single,43,feddf_prob,10000,1,1,1,complete,
baseline,mnist,single,43,expert_prob,10000,1,1,1,complete,
baseline,mnist,single,43,expert_prob_sr,10000,1,1,1,complete,
baseline,mnist,single,43,oracle_prob,10000,1,1,1,complete,
baseline,mnist,single,43,feddf_logit,10000,1,1,1,complete,
baseline,mnist,single,43,oracle_logit,10000,1,1,1,complete,
presence,mnist,single,43,presence_prob,10000,1,1,1,complete,
baseline,mnist,single,44,feddf_prob,10000,1,1,1,complete,
baseline,mnist,single,44,expert_prob,10000,1,1,1,complete,
baseline,mnist,single,44,expert_prob_sr,10000,1,1,1,complete,
baseline,mnist,single,44,oracle_prob,10000,1,1,1,complete,
baseline,mnist,single,44,feddf_logit,10000,1,1,1,complete,
baseline,mnist,single,44,oracle_logit,10000,1,1,1,complete,
presence,mnist,single,44,presence_prob,10000,1,1,1,complete,
baseline,fmnist,iid,42,feddf_prob,10000,1,1,1,complete,
baseline,fmnist,iid,42,expert_prob,10000,1,1,1,complete,
baseline,fmnist,iid,42,expert_prob_sr,10000,1,1,1,complete,
baseline,fmnist,iid,42,oracle_prob,10000,1,1,1,complete,
baseline,fmnist,iid,42,feddf_logit,10000,1,1,1,complete,
baseline,fmnist,iid,42,oracle_logit,10000,1,1,1,complete,
presence,fmnist,iid,42,presence_prob,10000,1,1,1,complete,
baseline,fmnist,iid,43,feddf_prob,10000,1,1,1,complete,
baseline,fmnist,iid,43,expert_prob,10000,1,1,1,complete,
baseline,fmnist,iid,43,expert_prob_sr,10000,1,1,1,complete,
baseline,fmnist,iid,43,oracle_prob,10000,1,1,1,complete,
baseline,fmnist,iid,43,feddf_logit,10000,1,1,1,complete,
baseline,fmnist,iid,43,oracle_logit,10000,1,1,1,complete,
presence,fmnist,iid,43,presence_prob,10000,1,1,1,complete,
baseline,fmnist,iid,44,feddf_prob,10000,1,1,1,complete,
baseline,fmnist,iid,44,expert_prob,10000,1,1,1,complete,
baseline,fmnist,iid,44,expert_prob_sr,10000,1,1,1,complete,
baseline,fmnist,iid,44,oracle_prob,10000,1,1,1,complete,
baseline,fmnist,iid,44,feddf_logit,10000,1,1,1,complete,
baseline,fmnist,iid,44,oracle_logit,10000,1,1,1,complete,
presence,fmnist,iid,44,presence_prob,10000,1,1,1,complete,
baseline,fmnist,alpha1p0,42,feddf_prob,10000,1,1,1,complete,
baseline,fmnist,alpha1p0,42,expert_prob,10000,1,1,1,complete,
baseline,fmnist,alpha1p0,42,expert_prob_sr,10000,1,1,1,complete,
baseline,fmnist,alpha1p0,42,oracle_prob,10000,1,1,1,complete,
baseline,fmnist,alpha1p0,42,feddf_logit,10000,1,1,1,complete,
baseline,fmnist,alpha1p0,42,oracle_logit,10000,1,1,1,complete,
presence,fmnist,alpha1p0,42,presence_prob,10000,1,1,1,complete,
baseline,fmnist,alpha1p0,43,feddf_prob,10000,1,1,1,complete,
baseline,fmnist,alpha1p0,43,expert_prob,10000,1,1,1,complete,
baseline,fmnist,alpha1p0,43,expert_prob_sr,10000,1,1,1,complete,
baseline,fmnist,alpha1p0,43,oracle_prob,10000,1,1,1,complete,
baseline,fmnist,alpha1p0,43,feddf_logit,10000,1,1,1,complete,
baseline,fmnist,alpha1p0,43,oracle_logit,10000,1,1,1,complete,
presence,fmnist,alpha1p0,43,presence_prob,10000,1,1,1,complete,
baseline,fmnist,alpha1p0,44,feddf_prob,10000,1,1,1,complete,
baseline,fmnist,alpha1p0,44,expert_prob,10000,1,1,1,complete,
baseline,fmnist,alpha1p0,44,expert_prob_sr,10000,1,1,1,complete,
baseline,fmnist,alpha1p0,44,oracle_prob,10000,1,1,1,complete,
baseline,fmnist,alpha1p0,44,feddf_logit,10000,1,1,1,complete,
baseline,fmnist,alpha1p0,44,oracle_logit,10000,1,1,1,complete,
presence,fmnist,alpha1p0,44,presence_prob,10000,1,1,1,complete,
baseline,fmnist,alpha0p5,42,feddf_prob,10000,1,1,1,complete,
baseline,fmnist,alpha0p5,42,expert_prob,10000,1,1,1,complete,
baseline,fmnist,alpha0p5,42,expert_prob_sr,10000,1,1,1,complete,
baseline,fmnist,alpha0p5,42,oracle_prob,10000,1,1,1,complete,
baseline,fmnist,alpha0p5,42,feddf_logit,10000,1,1,1,complete,
baseline,fmnist,alpha0p5,42,oracle_logit,10000,1,1,1,complete,
presence,fmnist,alpha0p5,42,presence_prob,10000,1,1,1,complete,
baseline,fmnist,alpha0p5,43,feddf_prob,10000,1,1,1,complete,
baseline,fmnist,alpha0p5,43,expert_prob,10000,1,1,1,complete,
baseline,fmnist,alpha0p5,43,expert_prob_sr,10000,1,1,1,complete,
baseline,fmnist,alpha0p5,43,oracle_prob,10000,1,1,1,complete,
baseline,fmnist,alpha0p5,43,feddf_logit,10000,1,1,1,complete,
baseline,fmnist,alpha0p5,43,oracle_logit,10000,1,1,1,complete,
presence,fmnist,alpha0p5,43,presence_prob,10000,1,1,1,complete,
baseline,fmnist,alpha0p5,44,feddf_prob,10000,1,1,1,complete,
baseline,fmnist,alpha0p5,44,expert_prob,10000,1,1,1,complete,
baseline,fmnist,alpha0p5,44,expert_prob_sr,10000,1,1,1,complete,
baseline,fmnist,alpha0p5,44,oracle_prob,10000,1,1,1,complete,
baseline,fmnist,alpha0p5,44,feddf_logit,10000,1,1,1,complete,
baseline,fmnist,alpha0p5,44,oracle_logit,10000,1,1,1,complete,
presence,fmnist,alpha0p5,44,presence_prob,10000,1,1,1,complete,
baseline,fmnist,alpha0p1,42,feddf_prob,10000,1,1,1,complete,
baseline,fmnist,alpha0p1,42,expert_prob,10000,1,1,1,complete,
baseline,fmnist,alpha0p1,42,expert_prob_sr,10000,1,1,1,complete,
baseline,fmnist,alpha0p1,42,oracle_prob,10000,1,1,1,complete,
baseline,fmnist,alpha0p1,42,feddf_logit,10000,1,1,1,complete,
baseline,fmnist,alpha0p1,42,oracle_logit,10000,1,1,1,complete,
presence,fmnist,alpha0p1,42,presence_prob,10000,1,1,1,complete,
baseline,fmnist,alpha0p1,43,feddf_prob,10000,1,1,1,complete,
baseline,fmnist,alpha0p1,43,expert_prob,10000,1,1,1,complete,
baseline,fmnist,alpha0p1,43,expert_prob_sr,10000,1,1,1,complete,
baseline,fmnist,alpha0p1,43,oracle_prob,10000,1,1,1,complete,
baseline,fmnist,alpha0p1,43,feddf_logit,10000,1,1,1,complete,
baseline,fmnist,alpha0p1,43,oracle_logit,10000,1,1,1,complete,
presence,fmnist,alpha0p1,43,presence_prob,10000,1,1,1,complete,
baseline,fmnist,alpha0p1,44,feddf_prob,10000,1,1,1,complete,
baseline,fmnist,alpha0p1,44,expert_prob,10000,1,1,1,complete,
baseline,fmnist,alpha0p1,44,expert_prob_sr,10000,1,1,1,complete,
baseline,fmnist,alpha0p1,44,oracle_prob,10000,1,1,1,complete,
baseline,fmnist,alpha0p1,44,feddf_logit,10000,1,1,1,complete,
baseline,fmnist,alpha0p1,44,oracle_logit,10000,1,1,1,complete,
presence,fmnist,alpha0p1,44,presence_prob,10000,1,1,1,complete,
baseline,fmnist,multi,42,feddf_prob,10000,1,1,1,complete,
baseline,fmnist,multi,42,expert_prob,10000,1,1,1,complete,
baseline,fmnist,multi,42,expert_prob_sr,10000,1,1,1,complete,
baseline,fmnist,multi,42,oracle_prob,10000,1,1,1,complete,
baseline,fmnist,multi,42,feddf_logit,10000,1,1,1,complete,
baseline,fmnist,multi,42,oracle_logit,10000,1,1,1,complete,
presence,fmnist,multi,42,presence_prob,10000,1,1,1,complete,
baseline,fmnist,multi,43,feddf_prob,10000,1,1,1,complete,
baseline,fmnist,multi,43,expert_prob,10000,1,1,1,complete,
baseline,fmnist,multi,43,expert_prob_sr,10000,1,1,1,complete,
baseline,fmnist,multi,43,oracle_prob,10000,1,1,1,complete,
baseline,fmnist,multi,43,feddf_logit,10000,1,1,1,complete,
baseline,fmnist,multi,43,oracle_logit,10000,1,1,1,complete,
presence,fmnist,multi,43,presence_prob,10000,1,1,1,complete,
baseline,fmnist,multi,44,feddf_prob,10000,1,1,1,complete,
baseline,fmnist,multi,44,expert_prob,10000,1,1,1,complete,
baseline,fmnist,multi,44,expert_prob_sr,10000,1,1,1,complete,
baseline,fmnist,multi,44,oracle_prob,10000,1,1,1,complete,
baseline,fmnist,multi,44,feddf_logit,10000,1,1,1,complete,
baseline,fmnist,multi,44,oracle_logit,10000,1,1,1,complete,
presence,fmnist,multi,44,presence_prob,10000,1,1,1,complete,
baseline,fmnist,single,42,feddf_prob,10000,1,1,1,complete,
baseline,fmnist,single,42,expert_prob,10000,1,1,1,complete,
baseline,fmnist,single,42,expert_prob_sr,10000,1,1,1,complete,
baseline,fmnist,single,42,oracle_prob,10000,1,1,1,complete,
baseline,fmnist,single,42,feddf_logit,10000,1,1,1,complete,
baseline,fmnist,single,42,oracle_logit,10000,1,1,1,complete,
presence,fmnist,single,42,presence_prob,10000,1,1,1,complete,
baseline,fmnist,single,43,feddf_prob,10000,1,1,1,complete,
baseline,fmnist,single,43,expert_prob,10000,1,1,1,complete,
baseline,fmnist,single,43,expert_prob_sr,10000,1,1,1,complete,
baseline,fmnist,single,43,oracle_prob,10000,1,1,1,complete,
baseline,fmnist,single,43,feddf_logit,10000,1,1,1,complete,
baseline,fmnist,single,43,oracle_logit,10000,1,1,1,complete,
presence,fmnist,single,43,presence_prob,10000,1,1,1,complete,
baseline,fmnist,single,44,feddf_prob,10000,1,1,1,complete,
baseline,fmnist,single,44,expert_prob,10000,1,1,1,complete,
baseline,fmnist,single,44,expert_prob_sr,10000,1,1,1,complete,
baseline,fmnist,single,44,oracle_prob,10000,1,1,1,complete,
baseline,fmnist,single,44,feddf_logit,10000,1,1,1,complete,
baseline,fmnist,single,44,oracle_logit,10000,1,1,1,complete,
presence,fmnist,single,44,presence_prob,10000,1,1,1,complete,
baseline,cifar,iid,42,feddf_prob,10000,1,1,1,complete,
baseline,cifar,iid,42,expert_prob,10000,1,1,1,complete,
baseline,cifar,iid,42,expert_prob_sr,10000,1,1,1,complete,
baseline,cifar,iid,42,oracle_prob,10000,1,1,1,complete,
baseline,cifar,iid,42,feddf_logit,10000,1,1,1,complete,
baseline,cifar,iid,42,oracle_logit,10000,1,1,1,complete,
presence,cifar,iid,42,presence_prob,10000,1,1,1,complete,
baseline,cifar,iid,43,feddf_prob,10000,1,1,1,complete,
baseline,cifar,iid,43,expert_prob,10000,1,1,1,complete,
baseline,cifar,iid,43,expert_prob_sr,10000,1,1,1,complete,
baseline,cifar,iid,43,oracle_prob,10000,1,1,1,complete,
baseline,cifar,iid,43,feddf_logit,10000,1,1,1,complete,
baseline,cifar,iid,43,oracle_logit,10000,1,1,1,complete,
presence,cifar,iid,43,presence_prob,10000,1,1,1,complete,
baseline,cifar,iid,44,feddf_prob,10000,1,1,1,complete,
baseline,cifar,iid,44,expert_prob,10000,1,1,1,complete,
baseline,cifar,iid,44,expert_prob_sr,10000,1,1,1,complete,
baseline,cifar,iid,44,oracle_prob,10000,1,1,1,complete,
baseline,cifar,iid,44,feddf_logit,10000,1,1,1,complete,
baseline,cifar,iid,44,oracle_logit,10000,1,1,1,complete,
presence,cifar,iid,44,presence_prob,10000,1,1,1,complete,
baseline,cifar,alpha1p0,42,feddf_prob,10000,1,1,1,complete,
baseline,cifar,alpha1p0,42,expert_prob,10000,1,1,1,complete,
baseline,cifar,alpha1p0,42,expert_prob_sr,10000,1,1,1,complete,
baseline,cifar,alpha1p0,42,oracle_prob,10000,1,1,1,complete,
baseline,cifar,alpha1p0,42,feddf_logit,10000,1,1,1,complete,
baseline,cifar,alpha1p0,42,oracle_logit,10000,1,1,1,complete,
presence,cifar,alpha1p0,42,presence_prob,10000,1,1,1,complete,
baseline,cifar,alpha1p0,43,feddf_prob,10000,1,1,1,complete,
baseline,cifar,alpha1p0,43,expert_prob,10000,1,1,1,complete,
baseline,cifar,alpha1p0,43,expert_prob_sr,10000,1,1,1,complete,
baseline,cifar,alpha1p0,43,oracle_prob,10000,1,1,1,complete,
baseline,cifar,alpha1p0,43,feddf_logit,10000,1,1,1,complete,
baseline,cifar,alpha1p0,43,oracle_logit,10000,1,1,1,complete,
presence,cifar,alpha1p0,43,presence_prob,10000,1,1,1,complete,
baseline,cifar,alpha1p0,44,feddf_prob,10000,1,1,1,complete,
baseline,cifar,alpha1p0,44,expert_prob,10000,1,1,1,complete,
baseline,cifar,alpha1p0,44,expert_prob_sr,10000,1,1,1,complete,
baseline,cifar,alpha1p0,44,oracle_prob,10000,1,1,1,complete,
baseline,cifar,alpha1p0,44,feddf_logit,10000,1,1,1,complete,
baseline,cifar,alpha1p0,44,oracle_logit,10000,1,1,1,complete,
presence,cifar,alpha1p0,44,presence_prob,10000,1,1,1,complete,
baseline,cifar,alpha0p5,42,feddf_prob,10000,1,1,1,complete,
baseline,cifar,alpha0p5,42,expert_prob,10000,1,1,1,complete,
baseline,cifar,alpha0p5,42,expert_prob_sr,10000,1,1,1,complete,
baseline,cifar,alpha0p5,42,oracle_prob,10000,1,1,1,complete,
baseline,cifar,alpha0p5,42,feddf_logit,10000,1,1,1,complete,
baseline,cifar,alpha0p5,42,oracle_logit,10000,1,1,1,complete,
presence,cifar,alpha0p5,42,presence_prob,10000,1,1,1,complete,
baseline,cifar,alpha0p5,43,feddf_prob,10000,1,1,1,complete,
baseline,cifar,alpha0p5,43,expert_prob,10000,1,1,1,complete,
baseline,cifar,alpha0p5,43,expert_prob_sr,10000,1,1,1,complete,
baseline,cifar,alpha0p5,43,oracle_prob,10000,1,1,1,complete,
baseline,cifar,alpha0p5,43,feddf_logit,10000,1,1,1,complete,
baseline,cifar,alpha0p5,43,oracle_logit,10000,1,1,1,complete,
presence,cifar,alpha0p5,43,presence_prob,10000,1,1,1,complete,
baseline,cifar,alpha0p5,44,feddf_prob,10000,1,1,1,complete,
baseline,cifar,alpha0p5,44,expert_prob,10000,1,1,1,complete,
baseline,cifar,alpha0p5,44,expert_prob_sr,10000,1,1,1,complete,
baseline,cifar,alpha0p5,44,oracle_prob,10000,1,1,1,complete,
baseline,cifar,alpha0p5,44,feddf_logit,10000,1,1,1,complete,
baseline,cifar,alpha0p5,44,oracle_logit,10000,1,1,1,complete,
presence,cifar,alpha0p5,44,presence_prob,10000,1,1,1,complete,
baseline,cifar,alpha0p1,42,feddf_prob,10000,1,1,1,complete,
baseline,cifar,alpha0p1,42,expert_prob,10000,1,1,1,complete,
baseline,cifar,alpha0p1,42,expert_prob_sr,10000,1,1,1,complete,
baseline,cifar,alpha0p1,42,oracle_prob,10000,1,1,1,complete,
baseline,cifar,alpha0p1,42,feddf_logit,10000,1,1,1,complete,
baseline,cifar,alpha0p1,42,oracle_logit,10000,1,1,1,complete,
presence,cifar,alpha0p1,42,presence_prob,10000,1,1,1,complete,
baseline,cifar,alpha0p1,43,feddf_prob,10000,1,1,1,complete,
baseline,cifar,alpha0p1,43,expert_prob,10000,1,1,1,complete,
baseline,cifar,alpha0p1,43,expert_prob_sr,10000,1,1,1,complete,
baseline,cifar,alpha0p1,43,oracle_prob,10000,1,1,1,complete,
baseline,cifar,alpha0p1,43,feddf_logit,10000,1,1,1,complete,
baseline,cifar,alpha0p1,43,oracle_logit,10000,1,1,1,complete,
presence,cifar,alpha0p1,43,presence_prob,10000,1,1,1,complete,
baseline,cifar,alpha0p1,44,feddf_prob,10000,1,1,1,complete,
baseline,cifar,alpha0p1,44,expert_prob,10000,1,1,1,complete,
baseline,cifar,alpha0p1,44,expert_prob_sr,10000,1,1,1,complete,
baseline,cifar,alpha0p1,44,oracle_prob,10000,1,1,1,complete,
baseline,cifar,alpha0p1,44,feddf_logit,10000,1,1,1,complete,
baseline,cifar,alpha0p1,44,oracle_logit,10000,1,1,1,complete,
presence,cifar,alpha0p1,44,presence_prob,10000,1,1,1,complete,
baseline,cifar,multi,42,feddf_prob,10000,1,1,1,complete,
baseline,cifar,multi,42,expert_prob,10000,1,1,1,complete,
baseline,cifar,multi,42,expert_prob_sr,10000,1,1,1,complete,
baseline,cifar,multi,42,oracle_prob,10000,1,1,1,complete,
baseline,cifar,multi,42,feddf_logit,10000,1,1,1,complete,
baseline,cifar,multi,42,oracle_logit,10000,1,1,1,complete,
presence,cifar,multi,42,presence_prob,10000,1,1,1,complete,
baseline,cifar,multi,43,feddf_prob,10000,1,1,1,complete,
baseline,cifar,multi,43,expert_prob,10000,1,1,1,complete,
baseline,cifar,multi,43,expert_prob_sr,10000,1,1,1,complete,
baseline,cifar,multi,43,oracle_prob,10000,1,1,1,complete,
baseline,cifar,multi,43,feddf_logit,10000,1,1,1,complete,
baseline,cifar,multi,43,oracle_logit,10000,1,1,1,complete,
presence,cifar,multi,43,presence_prob,10000,1,1,1,complete,
baseline,cifar,multi,44,feddf_prob,10000,1,1,1,complete,
baseline,cifar,multi,44,expert_prob,10000,1,1,1,complete,
baseline,cifar,multi,44,expert_prob_sr,10000,1,1,1,complete,
baseline,cifar,multi,44,oracle_prob,10000,1,1,1,complete,
baseline,cifar,multi,44,feddf_logit,10000,1,1,1,complete,
baseline,cifar,multi,44,oracle_logit,10000,1,1,1,complete,
presence,cifar,multi,44,presence_prob,10000,1,1,1,complete,
baseline,cifar,single,42,feddf_prob,10000,1,1,1,complete,
baseline,cifar,single,42,expert_prob,10000,1,1,1,complete,
baseline,cifar,single,42,expert_prob_sr,10000,1,1,1,complete,
baseline,cifar,single,42,oracle_prob,10000,1,1,1,complete,
baseline,cifar,single,42,feddf_logit,10000,1,1,1,complete,
baseline,cifar,single,42,oracle_logit,10000,1,1,1,complete,
presence,cifar,single,42,presence_prob,10000,1,1,1,complete,
baseline,cifar,single,43,feddf_prob,10000,1,1,1,complete,
baseline,cifar,single,43,expert_prob,10000,1,1,1,complete,
baseline,cifar,single,43,expert_prob_sr,10000,1,1,1,complete,
baseline,cifar,single,43,oracle_prob,10000,1,1,1,complete,
baseline,cifar,single,43,feddf_logit,10000,1,1,1,complete,
baseline,cifar,single,43,oracle_logit,10000,1,1,1,complete,
presence,cifar,single,43,presence_prob,10000,1,1,1,complete,
baseline,cifar,single,44,feddf_prob,10000,1,1,1,complete,
baseline,cifar,single,44,expert_prob,10000,1,1,1,complete,
baseline,cifar,single,44,expert_prob_sr,10000,1,1,1,complete,
baseline,cifar,single,44,oracle_prob,10000,1,1,1,complete,
baseline,cifar,single,44,feddf_logit,10000,1,1,1,complete,
baseline,cifar,single,44,oracle_logit,10000,1,1,1,complete,
presence,cifar,single,44,presence_prob,10000,1,1,1,complete,
CE_10000,mnist,shared,42,supervised_proxy_ce,10000,1,1,1,complete,
CE_10000,mnist,shared,43,supervised_proxy_ce,10000,1,1,1,complete,
CE_10000,mnist,shared,44,supervised_proxy_ce,10000,1,1,1,complete,
CE_10000,fmnist,shared,42,supervised_proxy_ce,10000,1,1,1,complete,
CE_10000,fmnist,shared,43,supervised_proxy_ce,10000,1,1,1,complete,
CE_10000,fmnist,shared,44,supervised_proxy_ce,10000,1,1,1,complete,
CE_10000,cifar,shared,42,supervised_proxy_ce,10000,1,1,1,complete,
CE_10000,cifar,shared,43,supervised_proxy_ce,10000,1,1,1,complete,
CE_10000,cifar,shared,44,supervised_proxy_ce,10000,1,1,1,complete,
curve_CE,cifar,shared,42,supervised_proxy_ce,100,1,1,1,complete,
curve_EXPERT,cifar,iid,42,expert_prob,100,1,1,1,complete,
curve_FedDF,cifar,iid,42,feddf_prob,100,1,1,1,complete,
curve_EXPERT,cifar,alpha0p1,42,expert_prob,100,1,1,1,complete,
curve_FedDF,cifar,alpha0p1,42,feddf_prob,100,1,1,1,complete,
curve_EXPERT,cifar,single,42,expert_prob,100,1,1,1,complete,
curve_FedDF,cifar,single,42,feddf_prob,100,1,1,1,complete,
curve_CE,cifar,shared,42,supervised_proxy_ce,500,1,1,1,complete,
curve_EXPERT,cifar,iid,42,expert_prob,500,1,1,1,complete,
curve_FedDF,cifar,iid,42,feddf_prob,500,1,1,1,complete,
curve_EXPERT,cifar,alpha0p1,42,expert_prob,500,1,1,1,complete,
curve_FedDF,cifar,alpha0p1,42,feddf_prob,500,1,1,1,complete,
curve_EXPERT,cifar,single,42,expert_prob,500,1,1,1,complete,
curve_FedDF,cifar,single,42,feddf_prob,500,1,1,1,complete,
curve_CE,cifar,shared,42,supervised_proxy_ce,1000,1,1,1,complete,
curve_EXPERT,cifar,iid,42,expert_prob,1000,1,1,1,complete,
curve_FedDF,cifar,iid,42,feddf_prob,1000,1,1,1,complete,
curve_EXPERT,cifar,alpha0p1,42,expert_prob,1000,1,1,1,complete,
curve_FedDF,cifar,alpha0p1,42,feddf_prob,1000,1,1,1,complete,
curve_EXPERT,cifar,single,42,expert_prob,1000,1,1,1,complete,
curve_FedDF,cifar,single,42,feddf_prob,1000,1,1,1,complete,
curve_CE,cifar,shared,42,supervised_proxy_ce,5000,1,1,1,complete,
curve_EXPERT,cifar,iid,42,expert_prob,5000,1,1,1,complete,
curve_FedDF,cifar,iid,42,feddf_prob,5000,1,1,1,complete,
curve_EXPERT,cifar,alpha0p1,42,expert_prob,5000,1,1,1,complete,
curve_FedDF,cifar,alpha0p1,42,feddf_prob,5000,1,1,1,complete,
curve_EXPERT,cifar,single,42,expert_prob,5000,1,1,1,complete,
curve_FedDF,cifar,single,42,feddf_prob,5000,1,1,1,complete,
curve_CE,cifar,shared,43,supervised_proxy_ce,100,1,1,1,complete,
curve_EXPERT,cifar,iid,43,expert_prob,100,1,1,1,complete,
curve_FedDF,cifar,iid,43,feddf_prob,100,1,1,1,complete,
curve_EXPERT,cifar,alpha0p1,43,expert_prob,100,1,1,1,complete,
curve_FedDF,cifar,alpha0p1,43,feddf_prob,100,1,1,1,complete,
curve_EXPERT,cifar,single,43,expert_prob,100,1,1,1,complete,
curve_FedDF,cifar,single,43,feddf_prob,100,1,1,1,complete,
curve_CE,cifar,shared,43,supervised_proxy_ce,500,1,1,1,complete,
curve_EXPERT,cifar,iid,43,expert_prob,500,1,1,1,complete,
curve_FedDF,cifar,iid,43,feddf_prob,500,1,1,1,complete,
curve_EXPERT,cifar,alpha0p1,43,expert_prob,500,1,1,1,complete,
curve_FedDF,cifar,alpha0p1,43,feddf_prob,500,1,1,1,complete,
curve_EXPERT,cifar,single,43,expert_prob,500,1,1,1,complete,
curve_FedDF,cifar,single,43,feddf_prob,500,1,1,1,complete,
curve_CE,cifar,shared,43,supervised_proxy_ce,1000,1,1,1,complete,
curve_EXPERT,cifar,iid,43,expert_prob,1000,1,1,1,complete,
curve_FedDF,cifar,iid,43,feddf_prob,1000,1,1,1,complete,
curve_EXPERT,cifar,alpha0p1,43,expert_prob,1000,1,1,1,complete,
curve_FedDF,cifar,alpha0p1,43,feddf_prob,1000,1,1,1,complete,
curve_EXPERT,cifar,single,43,expert_prob,1000,1,1,1,complete,
curve_FedDF,cifar,single,43,feddf_prob,1000,1,1,1,complete,
curve_CE,cifar,shared,43,supervised_proxy_ce,5000,1,1,1,complete,
curve_EXPERT,cifar,iid,43,expert_prob,5000,1,1,1,complete,
curve_FedDF,cifar,iid,43,feddf_prob,5000,1,1,1,complete,
curve_EXPERT,cifar,alpha0p1,43,expert_prob,5000,1,1,1,complete,
curve_FedDF,cifar,alpha0p1,43,feddf_prob,5000,1,1,1,complete,
curve_EXPERT,cifar,single,43,expert_prob,5000,1,1,1,complete,
curve_FedDF,cifar,single,43,feddf_prob,5000,1,1,1,complete,
curve_CE,cifar,shared,44,supervised_proxy_ce,100,1,1,1,complete,
curve_EXPERT,cifar,iid,44,expert_prob,100,1,1,1,complete,
curve_FedDF,cifar,iid,44,feddf_prob,100,1,1,1,complete,
curve_EXPERT,cifar,alpha0p1,44,expert_prob,100,1,1,1,complete,
curve_FedDF,cifar,alpha0p1,44,feddf_prob,100,1,1,1,complete,
curve_EXPERT,cifar,single,44,expert_prob,100,1,1,1,complete,
curve_FedDF,cifar,single,44,feddf_prob,100,1,1,1,complete,
curve_CE,cifar,shared,44,supervised_proxy_ce,500,1,1,1,complete,
curve_EXPERT,cifar,iid,44,expert_prob,500,1,1,1,complete,
curve_FedDF,cifar,iid,44,feddf_prob,500,1,1,1,complete,
curve_EXPERT,cifar,alpha0p1,44,expert_prob,500,1,1,1,complete,
curve_FedDF,cifar,alpha0p1,44,feddf_prob,500,1,1,1,complete,
curve_EXPERT,cifar,single,44,expert_prob,500,1,1,1,complete,
curve_FedDF,cifar,single,44,feddf_prob,500,1,1,1,complete,
curve_CE,cifar,shared,44,supervised_proxy_ce,1000,1,1,1,complete,
curve_EXPERT,cifar,iid,44,expert_prob,1000,1,1,1,complete,
curve_FedDF,cifar,iid,44,feddf_prob,1000,1,1,1,complete,
curve_EXPERT,cifar,alpha0p1,44,expert_prob,1000,1,1,1,complete,
curve_FedDF,cifar,alpha0p1,44,feddf_prob,1000,1,1,1,complete,
curve_EXPERT,cifar,single,44,expert_prob,1000,1,1,1,complete,
curve_FedDF,cifar,single,44,feddf_prob,1000,1,1,1,complete,
curve_CE,cifar,shared,44,supervised_proxy_ce,5000,1,1,1,complete,
curve_EXPERT,cifar,iid,44,expert_prob,5000,1,1,1,complete,
curve_FedDF,cifar,iid,44,feddf_prob,5000,1,1,1,complete,
curve_EXPERT,cifar,alpha0p1,44,expert_prob,5000,1,1,1,complete,
curve_FedDF,cifar,alpha0p1,44,feddf_prob,5000,1,1,1,complete,
curve_EXPERT,cifar,single,44,expert_prob,5000,1,1,1,complete,
curve_FedDF,cifar,single,44,feddf_prob,5000,1,1,1,complete,
