dataset,regime,seed,left,right,run_id_left,run_id_right,input_file_left,input_file_right,student_test_accuracy_left,student_test_accuracy_right,delta_student_test_accuracy,student_test_nll_left,student_test_nll_right,delta_student_test_nll
cifar,alpha0p1,42,feddf_prob,supervised_proxy_ce,a9de3e3fa5f06018,86df58e23b62e62d03cb117d777ae2877b2827b4e3f6545b30ce0f318f774c5d,/home/roi/PycharmProjects/KD_v5/OUTPUTS/article1_v3/results_baseline.csv,/home/roi/PycharmProjects/KD_v5/OUTPUTS/article1_v3/results_supervised_proxy.csv,0.3653,0.7938,-0.42849999999999994,1.8135118171691893,0.8560695510864258,0.9574422660827635
cifar,alpha0p1,43,feddf_prob,supervised_proxy_ce,16fbdea328414ca8,ac4135f3c066f8e1019694dd1f0fec40ed9a2e2af237b678cbe161af161c1752,/home/roi/PycharmProjects/KD_v5/OUTPUTS/article1_v3/results_baseline.csv,/home/roi/PycharmProjects/KD_v5/OUTPUTS/article1_v3/results_supervised_proxy.csv,0.5193,0.7895,-0.2702,1.310298741722107,0.9055568433761596,0.4047418983459474
cifar,alpha0p1,44,feddf_prob,supervised_proxy_ce,be2a4d0042b5c205,40406ef0ff2512ec401c531613c69f7a80085603c57c26621d5970bf58eee3a5,/home/roi/PycharmProjects/KD_v5/OUTPUTS/article1_v3/results_baseline.csv,/home/roi/PycharmProjects/KD_v5/OUTPUTS/article1_v3/results_supervised_proxy.csv,0.5498,0.7871,-0.23730000000000007,1.2852645374298095,0.864531807231903,0.42073273019790647
cifar,alpha0p5,42,feddf_prob,supervised_proxy_ce,e8ebfd1b97838513,86df58e23b62e62d03cb117d777ae2877b2827b4e3f6545b30ce0f318f774c5d,/home/roi/PycharmProjects/KD_v5/OUTPUTS/article1_v3/results_baseline.csv,/home/roi/PycharmProjects/KD_v5/OUTPUTS/article1_v3/results_supervised_proxy.csv,0.6758,0.7938,-0.118,0.9005568826675415,0.8560695510864258,0.04448733158111573
cifar,alpha0p5,43,feddf_prob,supervised_proxy_ce,97a3221726ba6a99,ac4135f3c066f8e1019694dd1f0fec40ed9a2e2af237b678cbe161af161c1752,/home/roi/PycharmProjects/KD_v5/OUTPUTS/article1_v3/results_baseline.csv,/home/roi/PycharmProjects/KD_v5/OUTPUTS/article1_v3/results_supervised_proxy.csv,0.6949,0.7895,-0.09460000000000002,0.8666470393180847,0.9055568433761596,-0.03890980405807487
cifar,alpha0p5,44,feddf_prob,supervised_proxy_ce,b7f165e8e2e18b64,40406ef0ff2512ec401c531613c69f7a80085603c57c26621d5970bf58eee3a5,/home/roi/PycharmProjects/KD_v5/OUTPUTS/article1_v3/results_baseline.csv,/home/roi/PycharmProjects/KD_v5/OUTPUTS/article1_v3/results_supervised_proxy.csv,0.6944,0.7871,-0.0927,0.8972167292594909,0.864531807231903,0.03268492202758788
cifar,alpha1p0,42,feddf_prob,supervised_proxy_ce,2857c6e300930494,86df58e23b62e62d03cb117d777ae2877b2827b4e3f6545b30ce0f318f774c5d,/home/roi/PycharmProjects/KD_v5/OUTPUTS/article1_v3/results_baseline.csv,/home/roi/PycharmProjects/KD_v5/OUTPUTS/article1_v3/results_supervised_proxy.csv,0.7559,0.7938,-0.037899999999999934,0.7122387742519378,0.8560695510864258,-0.14383077683448797
cifar,alpha1p0,43,feddf_prob,supervised_proxy_ce,91ad428d435968d6,ac4135f3c066f8e1019694dd1f0fec40ed9a2e2af237b678cbe161af161c1752,/home/roi/PycharmProjects/KD_v5/OUTPUTS/article1_v3/results_baseline.csv,/home/roi/PycharmProjects/KD_v5/OUTPUTS/article1_v3/results_supervised_proxy.csv,0.7312,0.7895,-0.05830000000000002,0.7610089792251586,0.9055568433761596,-0.14454786415100096
cifar,alpha1p0,44,feddf_prob,supervised_proxy_ce,029ecf7489812429,40406ef0ff2512ec401c531613c69f7a80085603c57c26621d5970bf58eee3a5,/home/roi/PycharmProjects/KD_v5/OUTPUTS/article1_v3/results_baseline.csv,/home/roi/PycharmProjects/KD_v5/OUTPUTS/article1_v3/results_supervised_proxy.csv,0.7383,0.7871,-0.048800000000000066,0.757378346824646,0.864531807231903,-0.10715346040725704
cifar,iid,42,feddf_prob,supervised_proxy_ce,a00f0c26cb8bbcde,86df58e23b62e62d03cb117d777ae2877b2827b4e3f6545b30ce0f318f774c5d,/home/roi/PycharmProjects/KD_v5/OUTPUTS/article1_v3/results_baseline.csv,/home/roi/PycharmProjects/KD_v5/OUTPUTS/article1_v3/results_supervised_proxy.csv,0.7522,0.7938,-0.04159999999999997,0.7609709712982178,0.8560695510864258,-0.09509857978820802
cifar,iid,43,feddf_prob,supervised_proxy_ce,e87c11f117ac21ff,ac4135f3c066f8e1019694dd1f0fec40ed9a2e2af237b678cbe161af161c1752,/home/roi/PycharmProjects/KD_v5/OUTPUTS/article1_v3/results_baseline.csv,/home/roi/PycharmProjects/KD_v5/OUTPUTS/article1_v3/results_supervised_proxy.csv,0.7615,0.7895,-0.028000000000000025,0.6973574625968934,0.9055568433761596,-0.20819938077926625
cifar,iid,44,feddf_prob,supervised_proxy_ce,fa2bcb5db7319c76,40406ef0ff2512ec401c531613c69f7a80085603c57c26621d5970bf58eee3a5,/home/roi/PycharmProjects/KD_v5/OUTPUTS/article1_v3/results_baseline.csv,/home/roi/PycharmProjects/KD_v5/OUTPUTS/article1_v3/results_supervised_proxy.csv,0.7471,0.7871,-0.040000000000000036,0.7422387187004089,0.864531807231903,-0.12229308853149412
cifar,multi,42,feddf_prob,supervised_proxy_ce,faf19ceb1b28e46e,86df58e23b62e62d03cb117d777ae2877b2827b4e3f6545b30ce0f318f774c5d,/home/roi/PycharmProjects/KD_v5/OUTPUTS/article1_v3/results_baseline.csv,/home/roi/PycharmProjects/KD_v5/OUTPUTS/article1_v3/results_supervised_proxy.csv,0.5142,0.7938,-0.27959999999999996,1.4455529586791993,0.8560695510864258,0.5894834075927735
cifar,multi,43,feddf_prob,supervised_proxy_ce,713d6b6a6dec828d,ac4135f3c066f8e1019694dd1f0fec40ed9a2e2af237b678cbe161af161c1752,/home/roi/PycharmProjects/KD_v5/OUTPUTS/article1_v3/results_baseline.csv,/home/roi/PycharmProjects/KD_v5/OUTPUTS/article1_v3/results_supervised_proxy.csv,0.423,0.7895,-0.3665,1.660233941078186,0.9055568433761596,0.7546770977020263
cifar,multi,44,feddf_prob,supervised_proxy_ce,b37afb16cfc0a581,40406ef0ff2512ec401c531613c69f7a80085603c57c26621d5970bf58eee3a5,/home/roi/PycharmProjects/KD_v5/OUTPUTS/article1_v3/results_baseline.csv,/home/roi/PycharmProjects/KD_v5/OUTPUTS/article1_v3/results_supervised_proxy.csv,0.5097,0.7871,-0.2774,1.3987098165512084,0.864531807231903,0.5341780093193054
cifar,single,42,feddf_prob,supervised_proxy_ce,dcc1cd8b8d9e76db,86df58e23b62e62d03cb117d777ae2877b2827b4e3f6545b30ce0f318f774c5d,/home/roi/PycharmProjects/KD_v5/OUTPUTS/article1_v3/results_baseline.csv,/home/roi/PycharmProjects/KD_v5/OUTPUTS/article1_v3/results_supervised_proxy.csv,0.0844,0.7938,-0.7093999999999999,2.788810957336426,0.8560695510864258,1.9327414062500001
cifar,single,43,feddf_prob,supervised_proxy_ce,30fad745b10be4d3,ac4135f3c066f8e1019694dd1f0fec40ed9a2e2af237b678cbe161af161c1752,/home/roi/PycharmProjects/KD_v5/OUTPUTS/article1_v3/results_baseline.csv,/home/roi/PycharmProjects/KD_v5/OUTPUTS/article1_v3/results_supervised_proxy.csv,0.1064,0.7895,-0.6831,2.540905977630615,0.9055568433761596,1.6353491342544555
cifar,single,44,feddf_prob,supervised_proxy_ce,b60b5aaedfc63c0a,40406ef0ff2512ec401c531613c69f7a80085603c57c26621d5970bf58eee3a5,/home/roi/PycharmProjects/KD_v5/OUTPUTS/article1_v3/results_baseline.csv,/home/roi/PycharmProjects/KD_v5/OUTPUTS/article1_v3/results_supervised_proxy.csv,0.0934,0.7871,-0.6937,2.508219227600098,0.864531807231903,1.6436874203681948
fmnist,alpha0p1,42,feddf_prob,supervised_proxy_ce,d9e89fd40a0db3ea,49a3fb66aa97848bd80382256a0476b0fa1cdb3fc1ae43f80d83e46a7c64616c,/home/roi/PycharmProjects/KD_v5/OUTPUTS/article1_v3/results_baseline.csv,/home/roi/PycharmProjects/KD_v5/OUTPUTS/article1_v3/results_supervised_proxy.csv,0.4799,0.8978,-0.41790000000000005,1.2675213376998902,0.4470024106025695,0.8205189270973207
fmnist,alpha0p1,43,feddf_prob,supervised_proxy_ce,0f339439e469a9ed,22586331b46c794eece85deac5cf4e083b389e5b9640cf9d936f443e37847d3d,/home/roi/PycharmProjects/KD_v5/OUTPUTS/article1_v3/results_baseline.csv,/home/roi/PycharmProjects/KD_v5/OUTPUTS/article1_v3/results_supervised_proxy.csv,0.699,0.8941,-0.19510000000000005,0.8512351243972779,0.3851683017730712,0.4660668226242067
fmnist,alpha0p1,44,feddf_prob,supervised_proxy_ce,ca21d7e1641c3b6d,97f85f9d97baf224320013b328b44bec7def54d0aee2186ae8b9880db1a9e656,/home/roi/PycharmProjects/KD_v5/OUTPUTS/article1_v3/results_baseline.csv,/home/roi/PycharmProjects/KD_v5/OUTPUTS/article1_v3/results_supervised_proxy.csv,0.7625,0.9013,-0.13880000000000003,0.6539599994659424,0.3566494002819061,0.2973105991840363
fmnist,alpha0p5,42,feddf_prob,supervised_proxy_ce,75df60423010f895,49a3fb66aa97848bd80382256a0476b0fa1cdb3fc1ae43f80d83e46a7c64616c,/home/roi/PycharmProjects/KD_v5/OUTPUTS/article1_v3/results_baseline.csv,/home/roi/PycharmProjects/KD_v5/OUTPUTS/article1_v3/results_supervised_proxy.csv,0.8513,0.8978,-0.0465000000000001,0.4102019186735153,0.4470024106025695,-0.03680049192905421
fmnist,alpha0p5,43,feddf_prob,supervised_proxy_ce,925a59ea8d0143c2,22586331b46c794eece85deac5cf4e083b389e5b9640cf9d936f443e37847d3d,/home/roi/PycharmProjects/KD_v5/OUTPUTS/article1_v3/results_baseline.csv,/home/roi/PycharmProjects/KD_v5/OUTPUTS/article1_v3/results_supervised_proxy.csv,0.8684,0.8941,-0.025700000000000056,0.3619626990556717,0.3851683017730712,-0.02320560271739952
fmnist,alpha0p5,44,feddf_prob,supervised_proxy_ce,bd30161cf5b0aeaf,97f85f9d97baf224320013b328b44bec7def54d0aee2186ae8b9880db1a9e656,/home/roi/PycharmProjects/KD_v5/OUTPUTS/article1_v3/results_baseline.csv,/home/roi/PycharmProjects/KD_v5/OUTPUTS/article1_v3/results_supervised_proxy.csv,0.8528,0.9013,-0.04849999999999999,0.4227892777442932,0.3566494002819061,0.06613987746238709
fmnist,alpha1p0,42,feddf_prob,supervised_proxy_ce,d42d35c0a068f3dc,49a3fb66aa97848bd80382256a0476b0fa1cdb3fc1ae43f80d83e46a7c64616c,/home/roi/PycharmProjects/KD_v5/OUTPUTS/article1_v3/results_baseline.csv,/home/roi/PycharmProjects/KD_v5/OUTPUTS/article1_v3/results_supervised_proxy.csv,0.8769,0.8978,-0.02090000000000003,0.3590002907991409,0.4470024106025695,-0.08800211980342859
fmnist,alpha1p0,43,feddf_prob,supervised_proxy_ce,23f187a69efd33f6,22586331b46c794eece85deac5cf4e083b389e5b9640cf9d936f443e37847d3d,/home/roi/PycharmProjects/KD_v5/OUTPUTS/article1_v3/results_baseline.csv,/home/roi/PycharmProjects/KD_v5/OUTPUTS/article1_v3/results_supervised_proxy.csv,0.876,0.8941,-0.018100000000000005,0.3535811014652252,0.3851683017730712,-0.03158720030784601
fmnist,alpha1p0,44,feddf_prob,supervised_proxy_ce,804cc87340de6597,97f85f9d97baf224320013b328b44bec7def54d0aee2186ae8b9880db1a9e656,/home/roi/PycharmProjects/KD_v5/OUTPUTS/article1_v3/results_baseline.csv,/home/roi/PycharmProjects/KD_v5/OUTPUTS/article1_v3/results_supervised_proxy.csv,0.88,0.9013,-0.021299999999999986,0.3470136012077331,0.3566494002819061,-0.009635799074173002
fmnist,iid,42,feddf_prob,supervised_proxy_ce,37c69faf67040e53,49a3fb66aa97848bd80382256a0476b0fa1cdb3fc1ae43f80d83e46a7c64616c,/home/roi/PycharmProjects/KD_v5/OUTPUTS/article1_v3/results_baseline.csv,/home/roi/PycharmProjects/KD_v5/OUTPUTS/article1_v3/results_supervised_proxy.csv,0.889,0.8978,-0.00880000000000003,0.3474234825372695,0.4470024106025695,-0.0995789280653
fmnist,iid,43,feddf_prob,supervised_proxy_ce,e3ce02e81a31102c,22586331b46c794eece85deac5cf4e083b389e5b9640cf9d936f443e37847d3d,/home/roi/PycharmProjects/KD_v5/OUTPUTS/article1_v3/results_baseline.csv,/home/roi/PycharmProjects/KD_v5/OUTPUTS/article1_v3/results_supervised_proxy.csv,0.888,0.8941,-0.006099999999999994,0.3618016066551208,0.3851683017730712,-0.02336669511795042
fmnist,iid,44,feddf_prob,supervised_proxy_ce,bfbd813f77ac3bed,97f85f9d97baf224320013b328b44bec7def54d0aee2186ae8b9880db1a9e656,/home/roi/PycharmProjects/KD_v5/OUTPUTS/article1_v3/results_baseline.csv,/home/roi/PycharmProjects/KD_v5/OUTPUTS/article1_v3/results_supervised_proxy.csv,0.8852,0.9013,-0.016100000000000003,0.3307384666800499,0.3566494002819061,-0.0259109336018562
fmnist,multi,42,feddf_prob,supervised_proxy_ce,e1ac67186c293ec6,49a3fb66aa97848bd80382256a0476b0fa1cdb3fc1ae43f80d83e46a7c64616c,/home/roi/PycharmProjects/KD_v5/OUTPUTS/article1_v3/results_baseline.csv,/home/roi/PycharmProjects/KD_v5/OUTPUTS/article1_v3/results_supervised_proxy.csv,0.3544,0.8978,-0.5434000000000001,1.8199774547576903,0.4470024106025695,1.3729750441551207
fmnist,multi,43,feddf_prob,supervised_proxy_ce,c72caa26e20d2ceb,22586331b46c794eece85deac5cf4e083b389e5b9640cf9d936f443e37847d3d,/home/roi/PycharmProjects/KD_v5/OUTPUTS/article1_v3/results_baseline.csv,/home/roi/PycharmProjects/KD_v5/OUTPUTS/article1_v3/results_supervised_proxy.csv,0.4219,0.8941,-0.4722,1.9147898292541503,0.3851683017730712,1.5296215274810792
fmnist,multi,44,feddf_prob,supervised_proxy_ce,ec0dd92c67c94986,97f85f9d97baf224320013b328b44bec7def54d0aee2186ae8b9880db1a9e656,/home/roi/PycharmProjects/KD_v5/OUTPUTS/article1_v3/results_baseline.csv,/home/roi/PycharmProjects/KD_v5/OUTPUTS/article1_v3/results_supervised_proxy.csv,0.3956,0.9013,-0.5057,1.9263315893173216,0.3566494002819061,1.5696821890354156
fmnist,single,42,feddf_prob,supervised_proxy_ce,44824a144c9525c5,49a3fb66aa97848bd80382256a0476b0fa1cdb3fc1ae43f80d83e46a7c64616c,/home/roi/PycharmProjects/KD_v5/OUTPUTS/article1_v3/results_baseline.csv,/home/roi/PycharmProjects/KD_v5/OUTPUTS/article1_v3/results_supervised_proxy.csv,0.1,0.8978,-0.7978000000000001,2.302585046005249,0.4470024106025695,1.8555826354026794
fmnist,single,43,feddf_prob,supervised_proxy_ce,b3da8b08e20abcef,22586331b46c794eece85deac5cf4e083b389e5b9640cf9d936f443e37847d3d,/home/roi/PycharmProjects/KD_v5/OUTPUTS/article1_v3/results_baseline.csv,/home/roi/PycharmProjects/KD_v5/OUTPUTS/article1_v3/results_supervised_proxy.csv,0.1,0.8941,-0.7941,2.3025866592407227,0.3851683017730712,1.9174183574676515
fmnist,single,44,feddf_prob,supervised_proxy_ce,cd05b1f48ae157c4,97f85f9d97baf224320013b328b44bec7def54d0aee2186ae8b9880db1a9e656,/home/roi/PycharmProjects/KD_v5/OUTPUTS/article1_v3/results_baseline.csv,/home/roi/PycharmProjects/KD_v5/OUTPUTS/article1_v3/results_supervised_proxy.csv,0.1,0.9013,-0.8013,2.302585038757324,0.3566494002819061,1.945935638475418
mnist,alpha0p1,42,feddf_prob,supervised_proxy_ce,fd302b0cd1665f65,6a792410c5ba63055db3575f85b42ca16fffa14b758a2d201cd4bb1bda0dca12,/home/roi/PycharmProjects/KD_v5/OUTPUTS/article1_v3/results_baseline.csv,/home/roi/PycharmProjects/KD_v5/OUTPUTS/article1_v3/results_supervised_proxy.csv,0.9523,0.9837,-0.031399999999999983,0.1549976515173912,0.0535852225204929,0.1014124289968983
mnist,alpha0p1,43,feddf_prob,supervised_proxy_ce,d8c95f97b83b20e2,e69a479dabc5273740826cace6a7c5e95ed551e5d2a6588ec156444b8ca566c1,/home/roi/PycharmProjects/KD_v5/OUTPUTS/article1_v3/results_baseline.csv,/home/roi/PycharmProjects/KD_v5/OUTPUTS/article1_v3/results_supervised_proxy.csv,0.7496,0.9865,-0.2369,0.6544280901908874,0.0523172878859732,0.6021108023049142
mnist,alpha0p1,44,feddf_prob,supervised_proxy_ce,088d73400827b025,5f9930aff87d271d407bcad753d8a1e416f1b2df949cd15cbf64c562ffadf4ae,/home/roi/PycharmProjects/KD_v5/OUTPUTS/article1_v3/results_baseline.csv,/home/roi/PycharmProjects/KD_v5/OUTPUTS/article1_v3/results_supervised_proxy.csv,0.7989,0.9885,-0.1896,0.5397906281471252,0.0422284375633429,0.4975621905837823
mnist,alpha0p5,42,feddf_prob,supervised_proxy_ce,b4b9afcdf2ce45ad,6a792410c5ba63055db3575f85b42ca16fffa14b758a2d201cd4bb1bda0dca12,/home/roi/PycharmProjects/KD_v5/OUTPUTS/article1_v3/results_baseline.csv,/home/roi/PycharmProjects/KD_v5/OUTPUTS/article1_v3/results_supervised_proxy.csv,0.9652,0.9837,-0.018500000000000072,0.1012987575858831,0.0535852225204929,0.047713535065390195
mnist,alpha0p5,43,feddf_prob,supervised_proxy_ce,46e623736124825c,e69a479dabc5273740826cace6a7c5e95ed551e5d2a6588ec156444b8ca566c1,/home/roi/PycharmProjects/KD_v5/OUTPUTS/article1_v3/results_baseline.csv,/home/roi/PycharmProjects/KD_v5/OUTPUTS/article1_v3/results_supervised_proxy.csv,0.9717,0.9865,-0.014800000000000035,0.094356145099923,0.0523172878859732,0.0420388572139498
mnist,alpha0p5,44,feddf_prob,supervised_proxy_ce,975f282b321b9955,5f9930aff87d271d407bcad753d8a1e416f1b2df949cd15cbf64c562ffadf4ae,/home/roi/PycharmProjects/KD_v5/OUTPUTS/article1_v3/results_baseline.csv,/home/roi/PycharmProjects/KD_v5/OUTPUTS/article1_v3/results_supervised_proxy.csv,0.9784,0.9885,-0.010099999999999998,0.0684827811770141,0.0422284375633429,0.026254343613671204
mnist,alpha1p0,42,feddf_prob,supervised_proxy_ce,5c63d62f03984ea2,6a792410c5ba63055db3575f85b42ca16fffa14b758a2d201cd4bb1bda0dca12,/home/roi/PycharmProjects/KD_v5/OUTPUTS/article1_v3/results_baseline.csv,/home/roi/PycharmProjects/KD_v5/OUTPUTS/article1_v3/results_supervised_proxy.csv,0.9802,0.9837,-0.0035000000000000586,0.0602755610270425,0.0535852225204929,0.006690338506549598
mnist,alpha1p0,43,feddf_prob,supervised_proxy_ce,8c4fa8842348ecd4,e69a479dabc5273740826cace6a7c5e95ed551e5d2a6588ec156444b8ca566c1,/home/roi/PycharmProjects/KD_v5/OUTPUTS/article1_v3/results_baseline.csv,/home/roi/PycharmProjects/KD_v5/OUTPUTS/article1_v3/results_supervised_proxy.csv,0.9804,0.9865,-0.006099999999999994,0.0613457520112395,0.0523172878859732,0.009028464125266297
mnist,alpha1p0,44,feddf_prob,supervised_proxy_ce,5e64c8c14ab55789,5f9930aff87d271d407bcad753d8a1e416f1b2df949cd15cbf64c562ffadf4ae,/home/roi/PycharmProjects/KD_v5/OUTPUTS/article1_v3/results_baseline.csv,/home/roi/PycharmProjects/KD_v5/OUTPUTS/article1_v3/results_supervised_proxy.csv,0.9825,0.9885,-0.006000000000000005,0.0547011967492522,0.0422284375633429,0.012472759185909302
mnist,iid,42,feddf_prob,supervised_proxy_ce,d87496c6477f8643,6a792410c5ba63055db3575f85b42ca16fffa14b758a2d201cd4bb1bda0dca12,/home/roi/PycharmProjects/KD_v5/OUTPUTS/article1_v3/results_baseline.csv,/home/roi/PycharmProjects/KD_v5/OUTPUTS/article1_v3/results_supervised_proxy.csv,0.9845,0.9837,0.0008000000000000229,0.0474863140608649,0.0535852225204929,-0.006098908459628002
mnist,iid,43,feddf_prob,supervised_proxy_ce,097f5357e99483a8,e69a479dabc5273740826cace6a7c5e95ed551e5d2a6588ec156444b8ca566c1,/home/roi/PycharmProjects/KD_v5/OUTPUTS/article1_v3/results_baseline.csv,/home/roi/PycharmProjects/KD_v5/OUTPUTS/article1_v3/results_supervised_proxy.csv,0.9829,0.9865,-0.0036000000000000476,0.0560070911148563,0.0523172878859732,0.0036898032288830984
mnist,iid,44,feddf_prob,supervised_proxy_ce,81b0e728d98d19c3,5f9930aff87d271d407bcad753d8a1e416f1b2df949cd15cbf64c562ffadf4ae,/home/roi/PycharmProjects/KD_v5/OUTPUTS/article1_v3/results_baseline.csv,/home/roi/PycharmProjects/KD_v5/OUTPUTS/article1_v3/results_supervised_proxy.csv,0.9853,0.9885,-0.0032000000000000917,0.0466789696703665,0.0422284375633429,0.004450532107023598
mnist,multi,42,feddf_prob,supervised_proxy_ce,8dec28b0a6408e7b,6a792410c5ba63055db3575f85b42ca16fffa14b758a2d201cd4bb1bda0dca12,/home/roi/PycharmProjects/KD_v5/OUTPUTS/article1_v3/results_baseline.csv,/home/roi/PycharmProjects/KD_v5/OUTPUTS/article1_v3/results_supervised_proxy.csv,0.5578,0.9837,-0.42590000000000006,1.210960118675232,0.0535852225204929,1.157374896154739
mnist,multi,43,feddf_prob,supervised_proxy_ce,d9c55f15b6267d0e,e69a479dabc5273740826cace6a7c5e95ed551e5d2a6588ec156444b8ca566c1,/home/roi/PycharmProjects/KD_v5/OUTPUTS/article1_v3/results_baseline.csv,/home/roi/PycharmProjects/KD_v5/OUTPUTS/article1_v3/results_supervised_proxy.csv,0.5294,0.9865,-0.45710000000000006,1.2059423419952393,0.0523172878859732,1.153625054109266
mnist,multi,44,feddf_prob,supervised_proxy_ce,63baf7db4eb05884,5f9930aff87d271d407bcad753d8a1e416f1b2df949cd15cbf64c562ffadf4ae,/home/roi/PycharmProjects/KD_v5/OUTPUTS/article1_v3/results_baseline.csv,/home/roi/PycharmProjects/KD_v5/OUTPUTS/article1_v3/results_supervised_proxy.csv,0.5725,0.9885,-0.41600000000000004,1.0897900736808777,0.0422284375633429,1.0475616361175348
mnist,single,42,feddf_prob,supervised_proxy_ce,3724fea623593e4e,6a792410c5ba63055db3575f85b42ca16fffa14b758a2d201cd4bb1bda0dca12,/home/roi/PycharmProjects/KD_v5/OUTPUTS/article1_v3/results_baseline.csv,/home/roi/PycharmProjects/KD_v5/OUTPUTS/article1_v3/results_supervised_proxy.csv,0.0974,0.9837,-0.8863,2.3025986099243165,0.0535852225204929,2.249013387403824
mnist,single,43,feddf_prob,supervised_proxy_ce,7d7a470acc65a531,e69a479dabc5273740826cace6a7c5e95ed551e5d2a6588ec156444b8ca566c1,/home/roi/PycharmProjects/KD_v5/OUTPUTS/article1_v3/results_baseline.csv,/home/roi/PycharmProjects/KD_v5/OUTPUTS/article1_v3/results_supervised_proxy.csv,0.1009,0.9865,-0.8856,2.302573348999023,0.0523172878859732,2.25025606111305
mnist,single,44,feddf_prob,supervised_proxy_ce,77fc3b9cf56a03d8,5f9930aff87d271d407bcad753d8a1e416f1b2df949cd15cbf64c562ffadf4ae,/home/roi/PycharmProjects/KD_v5/OUTPUTS/article1_v3/results_baseline.csv,/home/roi/PycharmProjects/KD_v5/OUTPUTS/article1_v3/results_supervised_proxy.csv,0.1009,0.9885,-0.8876000000000001,2.302584172439575,0.0422284375633429,2.260355734876232
