path,sha256,mtime_ns,selected,reason
/home/roi/PycharmProjects/KD_v5/OUTPUTS/article1_analysis/20260909T144508572182Z/exports/results_expertise.csv,bac84625cf44eb0a6cefe7ba9c9e576b6d5a48c25e3bd912fbce2a8b0a2dcf49,1788965130457726086,False,historical/derived/redundant phase; excluded from observations
/home/roi/PycharmProjects/KD_v5/OUTPUTS/article1_analysis/20260909T144508572182Z/exports/results_pooling.csv,82c1bbc637f2090085594389088a6a487e587ecdca52bd7a03fd508c1c19c1ac,1788965130427952331,False,historical/derived/redundant phase; excluded from observations
/home/roi/PycharmProjects/KD_v5/OUTPUTS/article1_analysis/20260909T144508572182Z/exports/results_selection.csv,8cfb6eb4f93e136807c4a6fc7056f58625f1ef9110d8a5de93cc2778a000ca2e,1788965130363764630,False,historical/derived/redundant phase; excluded from observations
/home/roi/PycharmProjects/KD_v5/OUTPUTS/article1_analysis/20260909T144508572182Z/exports/results_support_v2.csv,b5ec49ad52a0656d918b1126aa2963376d184e3419cc0b0004f0558b760368fc,1788965130489512082,False,historical/derived/redundant phase; excluded from observations
/home/roi/PycharmProjects/KD_v5/OUTPUTS/article1_analysis/20260909T144508572182Z/snapshots/conditions.csv,4f4ebcb1e128d3d2946366194771830fbf5ccbefcd02aeffc640496f83f34977,1788965108587219057,False,historical/derived/redundant phase; excluded from observations
/home/roi/PycharmProjects/KD_v5/OUTPUTS/article1_analysis/20260909T144508572182Z/snapshots/results_baseline.csv,0200a997b290dd018ac27378427ab8d61b43b3e9db515a00327306c3d03f7c12,1788965108577771303,False,historical/derived/redundant phase; excluded from observations
/home/roi/PycharmProjects/KD_v5/OUTPUTS/article1_analysis/20260909T144508572182Z/snapshots/results_rq2_backup.csv,a4205b91812cfa0ad194ff0b0052b5002867e6739e027df799a6f46120682d82,1788965108583495939,False,historical/derived/redundant phase; excluded from observations
/home/roi/PycharmProjects/KD_v5/OUTPUTS/article1_analysis/20260909T144508572182Z/snapshots/results_selection.csv,2ec3a2b3422b7204a22c7c7cbfe1e38b51d0772b2df5cd27fa540fd79821ccec,1788965108586354824,False,historical/derived/redundant phase; excluded from observations
/home/roi/PycharmProjects/KD_v5/OUTPUTS/article1_analysis/20260909T144508572182Z/snapshots/results_supervised_proxy.csv,bee2908188c4d75e9f4b4bc07ca2e4249eba661f86f7b5e5ed1bf4692839407e,1788965108585772576,False,historical/derived/redundant phase; excluded from observations
/home/roi/PycharmProjects/KD_v5/OUTPUTS/article1_analysis/20260909T144508572182Z/tables/baseline_validated.csv,7a7fdfa9447a841d8fb5594e7c2e05d3bb40bf5fb25441057555569a75b39556,1788965127843785030,False,historical/derived/redundant phase; excluded from observations
/home/roi/PycharmProjects/KD_v5/OUTPUTS/article1_analysis/20260909T144508572182Z/tables/client_split_totals.csv,67e532f72b5fb48ecfc9b2987a9f3f2435cbb2efc69f893281f0a98e0c747adf,1788965148120824048,False,historical/derived/redundant phase; excluded from observations
/home/roi/PycharmProjects/KD_v5/OUTPUTS/article1_analysis/20260909T144508572182Z/tables/completeness.csv,8c0447d6fbd1dd0487e4943e68799314c0f848d7f2a3d675d585d57063c50207,1788965128110779010,False,historical/derived/redundant phase; excluded from observations
/home/roi/PycharmProjects/KD_v5/OUTPUTS/article1_analysis/20260909T144508572182Z/tables/conditions_audit.csv,95d08f50ed3d7d7b762bd7e5ed85896aa8b35b588c788a235feb718d982fa1ed,1788965130269730326,False,historical/derived/redundant phase; excluded from observations
/home/roi/PycharmProjects/KD_v5/OUTPUTS/article1_analysis/20260909T144508572182Z/tables/confidence_logit__minus__feddf_logit_excluded.csv,69334c9cfb468de735797ca8ba891d2f2dd1d7f0a4d8f0fc5f80eecf66c3d675,1788965142013763029,False,historical/derived/redundant phase; excluded from observations
/home/roi/PycharmProjects/KD_v5/OUTPUTS/article1_analysis/20260909T144508572182Z/tables/confidence_logit__minus__feddf_logit_paired.csv,bb473ed119c1517823cc06af183d898412fe9d6a84819edc08bfa6f2297da1f5,1788965142012465452,False,historical/derived/redundant phase; excluded from observations
/home/roi/PycharmProjects/KD_v5/OUTPUTS/article1_analysis/20260909T144508572182Z/tables/configured_baseline_validated.csv,a291d170303cd37a52746d0be94231bc0818dfa288acb0f1a630f419bbfe653d,1788965126982804444,False,historical/derived/redundant phase; excluded from observations
/home/roi/PycharmProjects/KD_v5/OUTPUTS/article1_analysis/20260909T144508572182Z/tables/configured_completeness.csv,1ecc1d959644528794877237f0383ec2c1a37d59e89f5de177b0a050ad3f1a51,1788965127139800904,False,historical/derived/redundant phase; excluded from observations
/home/roi/PycharmProjects/KD_v5/OUTPUTS/article1_analysis/20260909T144508572182Z/tables/consensus_logit__minus__feddf_logit_excluded.csv,686e08c44035f9201ea19a5b331dd06d617c9c517bb93965ae03025113eb7801,1788965143373634151,False,historical/derived/redundant phase; excluded from observations
/home/roi/PycharmProjects/KD_v5/OUTPUTS/article1_analysis/20260909T144508572182Z/tables/consensus_logit__minus__feddf_logit_paired.csv,56bd929cc9f850cd1fa27582957b26ef1eefb15e320f8cf87faaf0fc3483bf32,1788965143372434768,False,historical/derived/redundant phase; excluded from observations
/home/roi/PycharmProjects/KD_v5/OUTPUTS/article1_analysis/20260909T144508572182Z/tables/contrast_summary.csv,524885aba632b8f94a0919f5c8510df9d7b7bbf18334246b86c6dd5673d6e896,1788965146199370980,False,historical/derived/redundant phase; excluded from observations
/home/roi/PycharmProjects/KD_v5/OUTPUTS/article1_analysis/20260909T144508572182Z/tables/coverage.csv,29d4a4aab55683816d6ac95730b311d3c5ccde73d9b7b79e83b358ac4a508749,1788965126513837000,False,historical/derived/redundant phase; excluded from observations
/home/roi/PycharmProjects/KD_v5/OUTPUTS/article1_analysis/20260909T144508572182Z/tables/energy_logit__minus__feddf_logit_excluded.csv,332d87f04effb84e19bdae470259e4e28143ab4f89f0c4b1491331720f7b3b48,1788965144721151589,False,historical/derived/redundant phase; excluded from observations
/home/roi/PycharmProjects/KD_v5/OUTPUTS/article1_analysis/20260909T144508572182Z/tables/energy_logit__minus__feddf_logit_paired.csv,1e09c44bb3ca9449351df049342ef5fbd246a56754140456f1479b8241a1b78a,1788965144719404375,False,historical/derived/redundant phase; excluded from observations
/home/roi/PycharmProjects/KD_v5/OUTPUTS/article1_analysis/20260909T144508572182Z/tables/expert_prob__minus__expert_logit_excluded.csv,7d2542871913871f22128582bfb56384ec051b42443f467a29874efbdb802c4e,1788965140602075794,False,historical/derived/redundant phase; excluded from observations
/home/roi/PycharmProjects/KD_v5/OUTPUTS/article1_analysis/20260909T144508572182Z/tables/expert_prob__minus__expert_logit_paired.csv,81767afe4fac50e139307edd8b952de26b6ec7e4d02ffb71ff595c53f260a274,1788965140600497308,False,historical/derived/redundant phase; excluded from observations
/home/roi/PycharmProjects/KD_v5/OUTPUTS/article1_analysis/20260909T144508572182Z/tables/expert_prob__minus__feddf_prob_excluded.csv,01ba4719c80b6fe911b091a7c05124b64eeece964e09c058ef8f9805daca546b,1788965135898780160,False,historical/derived/redundant phase; excluded from observations
/home/roi/PycharmProjects/KD_v5/OUTPUTS/article1_analysis/20260909T144508572182Z/tables/expert_prob__minus__feddf_prob_paired.csv,89083895a0a4bb81247ae01584aeccca1971084de99ce059e53081a7e701dde4,1788965135897603398,False,historical/derived/redundant phase; excluded from observations
/home/roi/PycharmProjects/KD_v5/OUTPUTS/article1_analysis/20260909T144508572182Z/tables/expert_prob_sr__minus__expert_prob_excluded.csv,01ba4719c80b6fe911b091a7c05124b64eeece964e09c058ef8f9805daca546b,1788965139001543257,False,historical/derived/redundant phase; excluded from observations
/home/roi/PycharmProjects/KD_v5/OUTPUTS/article1_analysis/20260909T144508572182Z/tables/expert_prob_sr__minus__expert_prob_paired.csv,d0ab7ade330109d8305e58f70315145a1081c43aef9a551fc5be707187a388dc,1788965139000533403,False,historical/derived/redundant phase; excluded from observations
/home/roi/PycharmProjects/KD_v5/OUTPUTS/article1_analysis/20260909T144508572182Z/tables/expertise_cells.csv,4db0d292941ea0d963f4bef9e005365ba90da78469a299d5357f744eaab2e267,1788965126506815176,False,historical/derived/redundant phase; excluded from observations
/home/roi/PycharmProjects/KD_v5/OUTPUTS/article1_analysis/20260909T144508572182Z/tables/exported_blocks.csv,a8b3b510f1ad235579e5a75738d7b6e94b639b82b3b3b3244d321a5d4926f743,1788965130576723403,False,historical/derived/redundant phase; excluded from observations
/home/roi/PycharmProjects/KD_v5/OUTPUTS/article1_analysis/20260909T144508572182Z/tables/feddf_prob__minus__feddf_logit_excluded.csv,01ba4719c80b6fe911b091a7c05124b64eeece964e09c058ef8f9805daca546b,1788965132567620064,False,historical/derived/redundant phase; excluded from observations
/home/roi/PycharmProjects/KD_v5/OUTPUTS/article1_analysis/20260909T144508572182Z/tables/feddf_prob__minus__feddf_logit_paired.csv,fc96a0850ebdf7d7823f00a19cbff215c147b10a0a725be693c1ad978fe4653b,1788965132566678525,False,historical/derived/redundant phase; excluded from observations
/home/roi/PycharmProjects/KD_v5/OUTPUTS/article1_analysis/20260909T144508572182Z/tables/oracle_logit__minus__feddf_logit_excluded.csv,01ba4719c80b6fe911b091a7c05124b64eeece964e09c058ef8f9805daca546b,1788965130807765710,False,historical/derived/redundant phase; excluded from observations
/home/roi/PycharmProjects/KD_v5/OUTPUTS/article1_analysis/20260909T144508572182Z/tables/oracle_logit__minus__feddf_logit_paired.csv,a2fd615a3c9faca20ff0847460cd45fdbce24854de2352c8a6e2704f0fed3def,1788965130806718216,False,historical/derived/redundant phase; excluded from observations
/home/roi/PycharmProjects/KD_v5/OUTPUTS/article1_analysis/20260909T144508572182Z/tables/oracle_prob__minus__expert_prob_excluded.csv,01ba4719c80b6fe911b091a7c05124b64eeece964e09c058ef8f9805daca546b,1788965137466175704,False,historical/derived/redundant phase; excluded from observations
/home/roi/PycharmProjects/KD_v5/OUTPUTS/article1_analysis/20260909T144508572182Z/tables/oracle_prob__minus__expert_prob_paired.csv,ec4939fcd371a19d6218a6c56d9255efa883dacb714187c60b22b9453988508a,1788965137465568029,False,historical/derived/redundant phase; excluded from observations
/home/roi/PycharmProjects/KD_v5/OUTPUTS/article1_analysis/20260909T144508572182Z/tables/oracle_prob__minus__oracle_logit_excluded.csv,01ba4719c80b6fe911b091a7c05124b64eeece964e09c058ef8f9805daca546b,1788965134222825581,False,historical/derived/redundant phase; excluded from observations
/home/roi/PycharmProjects/KD_v5/OUTPUTS/article1_analysis/20260909T144508572182Z/tables/oracle_prob__minus__oracle_logit_paired.csv,e5931105c1b45536feb574b250ef9bb731860f2a5c85826f16b83d585df5c4d3,1788965134221641200,False,historical/derived/redundant phase; excluded from observations
/home/roi/PycharmProjects/KD_v5/OUTPUTS/article1_analysis/20260909T144508572182Z/tables/pipeline_dependencies.csv,c21ead9f10f1dc6f5d3a960387e232d5eabf168bd61273accc32307a46a6810b,1788965130772821338,False,historical/derived/redundant phase; excluded from observations
/home/roi/PycharmProjects/KD_v5/OUTPUTS/article1_analysis/20260909T144508572182Z/tables/proxy_alpha0p1_excluded.csv,01ba4719c80b6fe911b091a7c05124b64eeece964e09c058ef8f9805daca546b,1788965188659629707,False,historical/derived/redundant phase; excluded from observations
/home/roi/PycharmProjects/KD_v5/OUTPUTS/article1_analysis/20260909T144508572182Z/tables/proxy_alpha0p1_paired.csv,e338817ac6c8dd667c20b4528f652051177cd883435365bcbe09d1dab7479e3b,1788965188659468267,False,historical/derived/redundant phase; excluded from observations
/home/roi/PycharmProjects/KD_v5/OUTPUTS/article1_analysis/20260909T144508572182Z/tables/proxy_alpha0p1_student_test_accuracy_summary.csv,d9418313e302a74d9970c9b72d7ee6ac1a628df991a2640a2953f9dd5dd20dab,1788965189801559005,False,historical/derived/redundant phase; excluded from observations
/home/roi/PycharmProjects/KD_v5/OUTPUTS/article1_analysis/20260909T144508572182Z/tables/proxy_alpha0p1_student_test_nll_summary.csv,8ed3793264c686ad4a03fd007fd5ac9c0d018913bcb555f9689c6b5237fec876,1788965191086358372,False,historical/derived/redundant phase; excluded from observations
/home/roi/PycharmProjects/KD_v5/OUTPUTS/article1_analysis/20260909T144508572182Z/tables/proxy_budget_completeness.csv,7618eba72628d9fd2a935f1d078f3dd0529633d669c706f2775e141c43ca96e9,1788965186268827293,False,historical/derived/redundant phase; excluded from observations
/home/roi/PycharmProjects/KD_v5/OUTPUTS/article1_analysis/20260909T144508572182Z/tables/proxy_budget_validated.csv,f3a03335aa035283a3dca431f4b9dd5f5f58f75b72ce40c90e3f8420f44f8921,1788965186270466019,False,historical/derived/redundant phase; excluded from observations
/home/roi/PycharmProjects/KD_v5/OUTPUTS/article1_analysis/20260909T144508572182Z/tables/proxy_iid_excluded.csv,01ba4719c80b6fe911b091a7c05124b64eeece964e09c058ef8f9805daca546b,1788965186281347467,False,historical/derived/redundant phase; excluded from observations
/home/roi/PycharmProjects/KD_v5/OUTPUTS/article1_analysis/20260909T144508572182Z/tables/proxy_iid_paired.csv,046580adb13c032a4ccb8553870dc3f6732a8480d28674712c4c68f1c756bfad,1788965186281209194,False,historical/derived/redundant phase; excluded from observations
/home/roi/PycharmProjects/KD_v5/OUTPUTS/article1_analysis/20260909T144508572182Z/tables/proxy_iid_student_test_accuracy_summary.csv,9a6a7c7baff8fe98f86612f5dd18a5125ce8ecc56dc644becbf0720730cafdc4,1788965187565739990,False,historical/derived/redundant phase; excluded from observations
/home/roi/PycharmProjects/KD_v5/OUTPUTS/article1_analysis/20260909T144508572182Z/tables/proxy_iid_student_test_nll_summary.csv,57fbf93614b6ecae38816af7cb4ab92b90ab07a92989cd04b82c23d48f8c54fd,1788965188655412114,False,historical/derived/redundant phase; excluded from observations
/home/roi/PycharmProjects/KD_v5/OUTPUTS/article1_analysis/20260909T144508572182Z/tables/proxy_single_excluded.csv,01ba4719c80b6fe911b091a7c05124b64eeece964e09c058ef8f9805daca546b,1788965191090380035,False,historical/derived/redundant phase; excluded from observations
/home/roi/PycharmProjects/KD_v5/OUTPUTS/article1_analysis/20260909T144508572182Z/tables/proxy_single_paired.csv,7d939fec23df8fe0064f11b613815dbe4915f2ed8251929564b1447759bcdfb3,1788965191089357096,False,historical/derived/redundant phase; excluded from observations
/home/roi/PycharmProjects/KD_v5/OUTPUTS/article1_analysis/20260909T144508572182Z/tables/proxy_single_student_test_accuracy_summary.csv,069e8bff0520750854f2174833d324cabbc37f36d15011ffe39d234bf2ff695d,1788965192189332229,False,historical/derived/redundant phase; excluded from observations
/home/roi/PycharmProjects/KD_v5/OUTPUTS/article1_analysis/20260909T144508572182Z/tables/proxy_single_student_test_nll_summary.csv,4d115a006e8c87a6d9811780dd07855803fb03ccc0aecca9fca85b4eacad52da,1788965193326731713,False,historical/derived/redundant phase; excluded from observations
/home/roi/PycharmProjects/KD_v5/OUTPUTS/article1_analysis/20260909T144508572182Z/tables/proxy_subsets.csv,49144d0e90203a5e5bc70bfeef5cf6f9230dc71f7ee2fe25e6aeec7fb9b5c4ed,1788965126516814950,False,historical/derived/redundant phase; excluded from observations
/home/roi/PycharmProjects/KD_v5/OUTPUTS/article1_analysis/20260909T144508572182Z/tables/selected_support_exact.csv,1a3af772f10ecdc2abac71ba34c71ed1ee1c81e4f54bf0e4de061c886ebb1fae,1788965148059625863,False,historical/derived/redundant phase; excluded from observations
/home/roi/PycharmProjects/KD_v5/OUTPUTS/article1_analysis/20260909T144508572182Z/tables/selected_support_sparse_descriptive.csv,4d6f4be7902e5a52886b9270d86190cb0361e09a8afc701c36209908e3084e80,1788965148117327698,False,historical/derived/redundant phase; excluded from observations
/home/roi/PycharmProjects/KD_v5/OUTPUTS/article1_analysis/20260909T144508572182Z/tables/selected_support_summary.csv,4eaf74ea93c5ff87b02f2e28721bbe1db2352c03771c7f722cfa0c1a95cd22bb,1788965148114327765,False,historical/derived/redundant phase; excluded from observations
/home/roi/PycharmProjects/KD_v5/OUTPUTS/article1_analysis/20260909T144508572182Z/tables/selection_records.csv,171fcbfac88e4e2be705277134426e50cecac93d203305346116cddf7eda7a49,1788965126510815086,False,historical/derived/redundant phase; excluded from observations
/home/roi/PycharmProjects/KD_v5/OUTPUTS/article1_analysis/20260909T144508572182Z/tables/selection_summary.csv,ea4ebdcbc8942f7ba182a1703284e941e426796c3137a1432493d2ba214ca9fe,1788965148126327494,False,historical/derived/redundant phase; excluded from observations
/home/roi/PycharmProjects/KD_v5/OUTPUTS/article1_analysis/20260909T144508572182Z/tables/source_inventory.csv,06b61ca84d9b0f2af86a08b91c2560a102f6077769f9aead3331e104e2175641,1788965126515259624,False,historical/derived/redundant phase; excluded from observations
/home/roi/PycharmProjects/KD_v5/OUTPUTS/article1_analysis/20260909T144508572182Z/tables/supervised_observations.csv,a8401a181119e25edc4d293af2f6c38426a17fb5a485427a4ad0a96a09386e62,1788965186272646972,False,historical/derived/redundant phase; excluded from observations
/home/roi/PycharmProjects/KD_v5/OUTPUTS/article1_analysis/20260909T144508572182Z/tables/supervised_summary.csv,a3e41744b3bee16cf57edb58a25ced2a73d32347193aee572dbc0e9ec25e9f45,1788965186277465861,False,historical/derived/redundant phase; excluded from observations
/home/roi/PycharmProjects/KD_v5/OUTPUTS/article1_analysis/20260909T144508572182Z/tables/target_and_routing_diagnostics.csv,a14bf50edab97ab1b52e9b5cb67102c7dd9c19e91352e95e55a8b06cedf9aec6,1788965146204370867,False,historical/derived/redundant phase; excluded from observations
/home/roi/PycharmProjects/KD_v5/OUTPUTS/article1_v3/conditions.csv,4f4ebcb1e128d3d2946366194771830fbf5ccbefcd02aeffc640496f83f34977,1788965370416037264,False,historical/derived/redundant phase; excluded from observations
/home/roi/PycharmProjects/KD_v5/OUTPUTS/article1_v3/figures/partitions/cifar-seed42/client_class_counts.csv,c7ca4ea0db3feb55ff6b87c40a5b12758b9c4b57d6691ab7575b2666f10d1b12,1788948177266712003,False,historical/derived/redundant phase; excluded from observations
/home/roi/PycharmProjects/KD_v5/OUTPUTS/article1_v3/figures/partitions/cifar-seed42/client_split_sizes.csv,1f5c35126b51f7ab36a7401d4f7cb2ddcb280fdc71aa6fed2b3e809bccbdc302,1788948177265712032,False,historical/derived/redundant phase; excluded from observations
/home/roi/PycharmProjects/KD_v5/OUTPUTS/article1_v3/figures/partitions/cifar-seed43/client_class_counts.csv,2bf49eee684141a73bcfb23fc1c1a06eb898c6c27ff1a0427876ad3e37969456,1788873243397331753,False,historical/derived/redundant phase; excluded from observations
/home/roi/PycharmProjects/KD_v5/OUTPUTS/article1_v3/figures/partitions/cifar-seed43/client_split_sizes.csv,061614279b350167d9ab884c3773506edc1f36420ce9de449a37bb04d677a285,1788873243396719578,False,historical/derived/redundant phase; excluded from observations
/home/roi/PycharmProjects/KD_v5/OUTPUTS/article1_v3/figures/partitions/cifar-seed44/client_class_counts.csv,c39af2ef54d41e4e0f2fbaf1328ba304e5859e4ec81b48f5ed9297d6391dd1b5,1788873255942723922,False,historical/derived/redundant phase; excluded from observations
/home/roi/PycharmProjects/KD_v5/OUTPUTS/article1_v3/figures/partitions/cifar-seed44/client_split_sizes.csv,265fae67e8c9ecb8996e2b7c245aa6738f8727ed3099f938c442d6067abfc50e,1788873255941139972,False,historical/derived/redundant phase; excluded from observations
/home/roi/PycharmProjects/KD_v5/OUTPUTS/article1_v3/figures/partitions/fmnist-seed42/client_class_counts.csv,8cf9837b637f5a8bad494c0dacfc85ca832e2764e32838dc4efa023733974b60,1788873196992628259,False,historical/derived/redundant phase; excluded from observations
/home/roi/PycharmProjects/KD_v5/OUTPUTS/article1_v3/figures/partitions/fmnist-seed42/client_split_sizes.csv,90bf1fd19d9564916ae7b5d6ff1016e4db787093899089c4e7f92c6b5262b82c,1788873196991330454,False,historical/derived/redundant phase; excluded from observations
/home/roi/PycharmProjects/KD_v5/OUTPUTS/article1_v3/figures/partitions/fmnist-seed43/client_class_counts.csv,a397fc3139d9972a5b49254b306d214df2901958a87c81fd787b00d9ff012d27,1788873208372100869,False,historical/derived/redundant phase; excluded from observations
/home/roi/PycharmProjects/KD_v5/OUTPUTS/article1_v3/figures/partitions/fmnist-seed43/client_split_sizes.csv,a5047f08b490df712c208af48dbee3223be656dc787609ccd297d36ac5fd1849,1788873208371100889,False,historical/derived/redundant phase; excluded from observations
/home/roi/PycharmProjects/KD_v5/OUTPUTS/article1_v3/figures/partitions/fmnist-seed44/client_class_counts.csv,cb86947c284f136c7d7e20023e18413269073f863d76545e5435b6653b206e19,1788873219473430332,False,historical/derived/redundant phase; excluded from observations
/home/roi/PycharmProjects/KD_v5/OUTPUTS/article1_v3/figures/partitions/fmnist-seed44/client_split_sizes.csv,1fec99e420f0ed12398cd3c43f5a6a14d5ad8990d1200e96f911fde0d572b986,1788873219472834528,False,historical/derived/redundant phase; excluded from observations
/home/roi/PycharmProjects/KD_v5/OUTPUTS/article1_v3/figures/partitions/mnist-seed42/client_class_counts.csv,2ff007b046be97887fb6f28574bcfdbda7648f0c6cff49c9d605655a637a5dee,1788873167650785073,False,historical/derived/redundant phase; excluded from observations
/home/roi/PycharmProjects/KD_v5/OUTPUTS/article1_v3/figures/partitions/mnist-seed42/client_split_sizes.csv,909d1db33a534daa01ae7d11119f47072ee4f8d560d46ba82080b56900f5369e,1788873167648921798,False,historical/derived/redundant phase; excluded from observations
/home/roi/PycharmProjects/KD_v5/OUTPUTS/article1_v3/figures/partitions/mnist-seed43/client_class_counts.csv,c4674f81e7b6489b1c66de3473f54b9a7dfa298565b0c0c3927185af2439f8bc,1788873177296727458,False,historical/derived/redundant phase; excluded from observations
/home/roi/PycharmProjects/KD_v5/OUTPUTS/article1_v3/figures/partitions/mnist-seed43/client_split_sizes.csv,2ba373aa08f58020ba1e6aae9860f71a87f40e5ae792998818e7907509c19080,1788873177295727478,False,historical/derived/redundant phase; excluded from observations
/home/roi/PycharmProjects/KD_v5/OUTPUTS/article1_v3/figures/partitions/mnist-seed44/client_class_counts.csv,8f09999525539eed0dcc8d69e3ee61f475a81b0aacd70bed56ab287b34e97458,1788873186928533347,False,historical/derived/redundant phase; excluded from observations
/home/roi/PycharmProjects/KD_v5/OUTPUTS/article1_v3/figures/partitions/mnist-seed44/client_split_sizes.csv,739a530f50b92c11589252809fe301ab0ae4d7dcc290c19d323267fecd9de215,1788873186927533367,False,historical/derived/redundant phase; excluded from observations
/home/roi/PycharmProjects/KD_v5/OUTPUTS/article1_v3/minimal_analysis/baseline/tables/expertise_gain_delta_target_entropy.csv,3d451d48b5d9e19c0ea48674d4e7b9fe348573f7b76297ac8315daa064f0c528,1788962434596451968,False,historical/derived/redundant phase; excluded from observations
/home/roi/PycharmProjects/KD_v5/OUTPUTS/article1_v3/minimal_analysis/baseline/tables/expertise_gain_delta_target_nll.csv,8ef051866d4c5046a850efe1878b748cec67839d8e355ba06ad2b96226e68767,1788962434596215491,False,historical/derived/redundant phase; excluded from observations
/home/roi/PycharmProjects/KD_v5/OUTPUTS/article1_v3/minimal_analysis/baseline/tables/expertise_gain_paired.csv,67d35f06a95d0af11d4a1f724f15a80f2ce348971b640af3fce227b7f80b49bb,1788962434594738642,False,historical/derived/redundant phase; excluded from observations
/home/roi/PycharmProjects/KD_v5/OUTPUTS/article1_v3/minimal_analysis/baseline/tables/expertise_gain_summary.csv,e3c3c766681223de917748f927695135626a5dd7324e50e8769ed2997d626edc,1788962434595738614,False,historical/derived/redundant phase; excluded from observations
/home/roi/PycharmProjects/KD_v5/OUTPUTS/article1_v3/minimal_analysis/baseline/tables/feddf_pooling_delta_target_entropy.csv,9c137fa11090a6eb9b5c9e4257bf517fc0c60d9bb1e9bee2c2260f122f211ebc,1788962434586738867,False,historical/derived/redundant phase; excluded from observations
/home/roi/PycharmProjects/KD_v5/OUTPUTS/article1_v3/minimal_analysis/baseline/tables/feddf_pooling_delta_target_nll.csv,860eb85656fc3087311571f7ee17f206d1d93a5b2385b256f7b6d76082af7774,1788962434586705947,False,historical/derived/redundant phase; excluded from observations
/home/roi/PycharmProjects/KD_v5/OUTPUTS/article1_v3/minimal_analysis/baseline/tables/feddf_pooling_paired.csv,47440dcdb979e3095a93c291c3056a6c8a4198b7c3be8e1be678627f02943a19,1788962434585738895,False,historical/derived/redundant phase; excluded from observations
/home/roi/PycharmProjects/KD_v5/OUTPUTS/article1_v3/minimal_analysis/baseline/tables/feddf_pooling_summary.csv,07996826ed797434cf18769f46bb4f879bf43090d8660a9f2f69aa446b1c3b20,1788962434586437277,False,historical/derived/redundant phase; excluded from observations
/home/roi/PycharmProjects/KD_v5/OUTPUTS/article1_v3/minimal_analysis/baseline/tables/oracle_expertise_gap_delta_target_entropy.csv,73d5600e3eaea4ad99e156319871ab0d9e44462fac2f3d4136d850b9868a8130,1788962434599746353,False,historical/derived/redundant phase; excluded from observations
/home/roi/PycharmProjects/KD_v5/OUTPUTS/article1_v3/minimal_analysis/baseline/tables/oracle_expertise_gap_delta_target_nll.csv,771201e376447dced30d39ac726b5fad23a5de8edfab6a0d2ac4bfc9037e9d0c,1788962434599519411,False,historical/derived/redundant phase; excluded from observations
/home/roi/PycharmProjects/KD_v5/OUTPUTS/article1_v3/minimal_analysis/baseline/tables/oracle_expertise_gap_paired.csv,25d899c39814d926c7c40acc1289652d7b326f9043b06d20d7e336bdbdf214ec,1788962434598738530,False,historical/derived/redundant phase; excluded from observations
/home/roi/PycharmProjects/KD_v5/OUTPUTS/article1_v3/minimal_analysis/baseline/tables/oracle_expertise_gap_summary.csv,2186bf56f9f487eefedd5d743cbd01c467d9fd8e8beb1157a8537460a02ffb40,1788962434599279236,False,historical/derived/redundant phase; excluded from observations
/home/roi/PycharmProjects/KD_v5/OUTPUTS/article1_v3/minimal_analysis/baseline/tables/oracle_pooling_delta_target_entropy.csv,d14fdfed59c7c8b355f4f03160370754c7d3fe0275651eb690c3552988af438e,1788962434590106950,False,historical/derived/redundant phase; excluded from observations
/home/roi/PycharmProjects/KD_v5/OUTPUTS/article1_v3/minimal_analysis/baseline/tables/oracle_pooling_delta_target_nll.csv,48481817dc93fbf6b9127572ee27efe44292c626403dd0939c21f6c6020214f3,1788962434589858000,False,historical/derived/redundant phase; excluded from observations
/home/roi/PycharmProjects/KD_v5/OUTPUTS/article1_v3/minimal_analysis/baseline/tables/oracle_pooling_paired.csv,bc5e4081ee1ab592625e7e9e5ae0ccedf725590684eb7b96251d15a1d4df8d48,1788962434588738811,False,historical/derived/redundant phase; excluded from observations
/home/roi/PycharmProjects/KD_v5/OUTPUTS/article1_v3/minimal_analysis/baseline/tables/oracle_pooling_summary.csv,7fe8a60965d709d4f68109ed9217e86385c92c3cdbef20199662e15ee70d2b90,1788962434589610190,False,historical/derived/redundant phase; excluded from observations
/home/roi/PycharmProjects/KD_v5/OUTPUTS/article1_v3/minimal_analysis/baseline/tables/selection_logit_delta_target_entropy.csv,a84d92c37162abd18988388b8f9a55a968d93f7be19be2c01e7c8baf351b6160,1788962434583601455,False,historical/derived/redundant phase; excluded from observations
/home/roi/PycharmProjects/KD_v5/OUTPUTS/article1_v3/minimal_analysis/baseline/tables/selection_logit_delta_target_nll.csv,9136d11bc7aa27f5f6d8054a1b21c93c1ad742c02d99073074ba57a642f7a771,1788962434583315060,False,historical/derived/redundant phase; excluded from observations
/home/roi/PycharmProjects/KD_v5/OUTPUTS/article1_v3/minimal_analysis/baseline/tables/selection_logit_paired.csv,4d0df170041daf48117af999c5983a6e8765db25903a63d41eba214ff7a379d2,1788962434581739007,False,historical/derived/redundant phase; excluded from observations
/home/roi/PycharmProjects/KD_v5/OUTPUTS/article1_v3/minimal_analysis/baseline/tables/selection_logit_summary.csv,5b5d6aa0910e50f800a6c09a9aac4c820907290e179fe7be5a73f97e200fece9,1788962434582738979,False,historical/derived/redundant phase; excluded from observations
/home/roi/PycharmProjects/KD_v5/OUTPUTS/article1_v3/minimal_analysis/baseline/tables/selection_prob_delta_target_entropy.csv,b32a352d46befa11b577c3f497b6d9c25e1874d631c3becf52d4fe3e8ad5c4ce,1788962434593259862,False,historical/derived/redundant phase; excluded from observations
/home/roi/PycharmProjects/KD_v5/OUTPUTS/article1_v3/minimal_analysis/baseline/tables/selection_prob_delta_target_nll.csv,f4fea9b9196f67067057d32221cd6aee1fc09ce83d9354bed2387a501eb05cca,1788962434593025413,False,historical/derived/redundant phase; excluded from observations
/home/roi/PycharmProjects/KD_v5/OUTPUTS/article1_v3/minimal_analysis/baseline/tables/selection_prob_paired.csv,827b92eafc64886f91fc070fb0761dd4a4dfe0dbaa9556adb81f6b56269e1e0c,1788962434591738726,False,historical/derived/redundant phase; excluded from observations
/home/roi/PycharmProjects/KD_v5/OUTPUTS/article1_v3/minimal_analysis/baseline/tables/selection_prob_summary.csv,b0e15391438411f02b4a436bb2112efe45668fdbb3db6740dad53978a30cc1be,1788962434592773825,False,historical/derived/redundant phase; excluded from observations
/home/roi/PycharmProjects/KD_v5/OUTPUTS/article1_v3/minimal_analysis/baseline/tables/support_delta_target_entropy.csv,5dc6d8950e88fe4ef823f70248d721732e9e99a6c63123c3b01dd081468687b0,1788962434602986440,False,historical/derived/redundant phase; excluded from observations
/home/roi/PycharmProjects/KD_v5/OUTPUTS/article1_v3/minimal_analysis/baseline/tables/support_delta_target_nll.csv,42fdc5ec52aec631dbcb1ef762e2022ab25a9f2348bebd4d3d39d058afecf159,1788962434602753834,False,historical/derived/redundant phase; excluded from observations
/home/roi/PycharmProjects/KD_v5/OUTPUTS/article1_v3/minimal_analysis/baseline/tables/support_paired.csv,0f6959eb34ff325bb5c4a3138f453ba9a4086661ebfb7aa038de9e1813d44517,1788962434601738446,False,historical/derived/redundant phase; excluded from observations
/home/roi/PycharmProjects/KD_v5/OUTPUTS/article1_v3/minimal_analysis/baseline/tables/support_summary.csv,9d454456607c3dad6a0ae73e6defb03a658f58ea65d3a7902978fa7819bac174,1788962434602510153,False,historical/derived/redundant phase; excluded from observations
/home/roi/PycharmProjects/KD_v5/OUTPUTS/article1_v3/pilot_selection_reproducibility.csv,6f2d8bdece27db79eaacf2254e48050837253b52671befdb73b08b9ad140febe,1788898799258563415,False,historical/derived/redundant phase; excluded from observations
/home/roi/PycharmProjects/KD_v5/OUTPUTS/article1_v3/presence_pairs.csv,778ed11f3c2a2028f7aa9ce80fa281d24b9dfe81b0bce50b8b038901f4ea6417,1789064634415738730,False,historical/derived/redundant phase; excluded from observations
/home/roi/PycharmProjects/KD_v5/OUTPUTS/article1_v3/results_baseline.csv,0200a997b290dd018ac27378427ab8d61b43b3e9db515a00327306c3d03f7c12,1788962358316828618,True,explicit individual results
/home/roi/PycharmProjects/KD_v5/OUTPUTS/article1_v3/results_controls.csv,7173593b42fc8cde6869ace51cad8a00410df0c3138074eab6cc656d62f070ae,1788965543003050006,False,historical/derived/redundant phase; excluded from observations
/home/roi/PycharmProjects/KD_v5/OUTPUTS/article1_v3/results_expert_logit_focal.csv,7173593b42fc8cde6869ace51cad8a00410df0c3138074eab6cc656d62f070ae,1788965543003158016,False,historical/derived/redundant phase; excluded from observations
/home/roi/PycharmProjects/KD_v5/OUTPUTS/article1_v3/results_expertise.csv,bac84625cf44eb0a6cefe7ba9c9e576b6d5a48c25e3bd912fbce2a8b0a2dcf49,1788965543001940092,False,historical/derived/redundant phase; excluded from observations
/home/roi/PycharmProjects/KD_v5/OUTPUTS/article1_v3/results_pooling.csv,82c1bbc637f2090085594389088a6a487e587ecdca52bd7a03fd508c1c19c1ac,1788965543000956133,False,historical/derived/redundant phase; excluded from observations
/home/roi/PycharmProjects/KD_v5/OUTPUTS/article1_v3/results_presence.csv,1db782a7bc2504d9bb5204687f2883eb8c883617981dd97d9aeeb476ac1478fd,1789064633293603091,True,explicit individual results
/home/roi/PycharmProjects/KD_v5/OUTPUTS/article1_v3/results_proxy_size_expert_prob.csv,bbc2bb794b9f2eb64bd3984a417ce3729dc1409f3031805d38b472e9e0cd5f76,1788979077476414278,True,explicit individual results
/home/roi/PycharmProjects/KD_v5/OUTPUTS/article1_v3/results_proxy_size_feddf_prob.csv,27635a4d614ddc3cba89d66a81c597fbf1b29e7be611afa2a5385442fca3129a,1789052660878716775,True,explicit individual results
/home/roi/PycharmProjects/KD_v5/OUTPUTS/article1_v3/results_rq2_backup.csv,a4205b91812cfa0ad194ff0b0052b5002867e6739e027df799a6f46120682d82,1788962358309989296,True,explicit individual results
/home/roi/PycharmProjects/KD_v5/OUTPUTS/article1_v3/results_selection.csv,2ec3a2b3422b7204a22c7c7cbfe1e38b51d0772b2df5cd27fa540fd79821ccec,1788963735049364426,False,historical/derived/redundant phase; excluded from observations
/home/roi/PycharmProjects/KD_v5/OUTPUTS/article1_v3/results_supervised_proxy.csv,bee2908188c4d75e9f4b4bc07ca2e4249eba661f86f7b5e5ed1bf4692839407e,1788965065852871588,True,explicit individual results
/home/roi/PycharmProjects/KD_v5/OUTPUTS/article1_v3/results_support_v2.csv,b5ec49ad52a0656d918b1126aa2963376d184e3419cc0b0004f0558b760368fc,1788965543002895816,False,historical/derived/redundant phase; excluded from observations
/home/roi/PycharmProjects/KD_v5/OUTPUTS/experiments/article_1/paper_analysis/tables/table_audit.csv,95767d6d5f02ecdced2bcc7f09a7f54c6b52e251bd9ce58a86e72066b9dad3fe,1787591537862682434,False,historical/derived/redundant phase; excluded from observations
/home/roi/PycharmProjects/KD_v5/OUTPUTS/experiments/article_1/paper_analysis/tables/table_claim_audit.csv,8b0b5418de0c845a073d3c822e3e529ad420853872e48ada4adb6516376d1aff,1787591548810027284,False,historical/derived/redundant phase; excluded from observations
/home/roi/PycharmProjects/KD_v5/OUTPUTS/experiments/article_1/paper_analysis/tables/table_experimental_setup.csv,72943c3a1c8a3bd408d382bd509cbad0ea114874eed30d6787437a5fa38084ac,1787591538262713556,False,historical/derived/redundant phase; excluded from observations
/home/roi/PycharmProjects/KD_v5/OUTPUTS/experiments/article_1/paper_analysis/tables/table_holdout_test_generalization.csv,500335f5810a13b23d3d2953150552184d3bd40e04f855ea4ac55ec2cef75d89,1787591548030432038,False,historical/derived/redundant phase; excluded from observations
/home/roi/PycharmProjects/KD_v5/OUTPUTS/experiments/article_1/paper_analysis/tables/table_kd_minus_supervised.csv,1c35a8365c61806bbf1a3b9325664b32d8bee89dc6e595d76795bbed0bfa6d1a,1787591546110487339,False,historical/derived/redundant phase; excluded from observations
/home/roi/PycharmProjects/KD_v5/OUTPUTS/experiments/article_1/paper_analysis/tables/table_main_paired_effects.csv,62ec587c8a07b167514d5099769af04e3f6b39897c69cc83d372b99ef18e2992,1787591541781695915,False,historical/derived/redundant phase; excluded from observations
/home/roi/PycharmProjects/KD_v5/OUTPUTS/experiments/article_1/paper_analysis/tables/table_mechanism_correlations.csv,abdca7ba7fa607953fc8f97d70ca839131e88ce6837f56c30fb2a542f3632935,1787591542612664983,False,historical/derived/redundant phase; excluded from observations
/home/roi/PycharmProjects/KD_v5/OUTPUTS/experiments/article_1/paper_analysis/tables/table_mechanism_summary.csv,ddd05bbdcfb892f4dbb0b68d8bf7ab5d4f26220be19c06549f2f7d0c393762cc,1787591540475702494,False,historical/derived/redundant phase; excluded from observations
/home/roi/PycharmProjects/KD_v5/OUTPUTS/experiments/article_1/paper_analysis/tables/table_method_information.csv,6713e347753666d0650df4e48497950134d4726040eed7e5b23b99aece0fbbdf,1787591538267063641,False,historical/derived/redundant phase; excluded from observations
/home/roi/PycharmProjects/KD_v5/OUTPUTS/experiments/article_1/paper_analysis/tables/table_multiseed_effects.csv,46f4aa5c6ad9e2ac5148b2bfb47fc50468fd0a3e1a1b91d162708d84a693877b,1787591548241500287,False,historical/derived/redundant phase; excluded from observations
/home/roi/PycharmProjects/KD_v5/OUTPUTS/experiments/article_1/paper_analysis/tables/table_oracle_control.csv,708b913ea5846c121b70760cdeb9257e3e82798a96ef606d1b802f56b9b8996e,1787591542848588279,False,historical/derived/redundant phase; excluded from observations
/home/roi/PycharmProjects/KD_v5/OUTPUTS/experiments/article_1/paper_analysis/tables/table_proxy_crossings.csv,1d008d1642d7094d3a79debe11005244038e8f6bfb634928bed00e0acb947c82,1787591546130528387,False,historical/derived/redundant phase; excluded from observations
/home/roi/PycharmProjects/KD_v5/OUTPUTS/experiments/article_1/paper_analysis/tables/table_single_limiting_case.csv,7e6e04bdff164861d2e08ecb23d1dc733ee4a748b34d78918b26565bd8602a79,1787591548254016461,False,historical/derived/redundant phase; excluded from observations
/home/roi/PycharmProjects/KD_v5/OUTPUTS/experiments/article_1/paper_analysis/tables/table_supervised_saturation.csv,8e843595dbd9e517b42d2452677bdbbe07d1e0acc21e80043181b4a32dc92fd9,1787591544735680885,False,historical/derived/redundant phase; excluded from observations
/home/roi/PycharmProjects/KD_v5/OUTPUTS/experiments/article_1/paper_analysis/tables/table_target_full_to_support.csv,5062bed4d7c5bb83e4265ec089f002aff4a464d4669f40da2faeaeeeb59b17c1,1787591540742538940,False,historical/derived/redundant phase; excluded from observations
/home/roi/PycharmProjects/KD_v5/OUTPUTS/experiments/article_1/paper_analysis/tables/table_threshold_robustness.csv,ac1b3b4aa4d7baf06041c64a41501b9037cd1abc8123c6af52c2d0c2c29a2b09,1787591547669665762,False,historical/derived/redundant phase; excluded from observations
/home/roi/PycharmProjects/KD_v5/OUTPUTS/experiments/article_1/protocol_v1/summary/crossings.csv,a9f7f1c9a067387501684184a611bee4a173b4e64d0adab4ae8f0ae2369c52da,1787822868758308592,False,historical/derived/redundant phase; excluded from observations
/home/roi/PycharmProjects/KD_v5/OUTPUTS/experiments/article_1/protocol_v1/summary/expertise_sensitivity_phase1/tables/artifact_inventory.csv,b30db70b6cd7624e4d3e2e5c4e762be9730c4bf0ddb7999674aece8a64698127,1788383071337275771,False,historical/derived/redundant phase; excluded from observations
/home/roi/PycharmProjects/KD_v5/OUTPUTS/experiments/article_1/protocol_v1/summary/expertise_sensitivity_phase1/tables/class_sensitivity.csv,855d6a6376aaaa9abebf4c72af1525131048bf72b3b622ddeb64773a3b780aee,1788383090975297995,False,historical/derived/redundant phase; excluded from observations
/home/roi/PycharmProjects/KD_v5/OUTPUTS/experiments/article_1/protocol_v1/summary/expertise_sensitivity_phase1/tables/final_mask_audit.csv,965285185e42536625602f708a166197348cecdc1d258dc92aedf66e6459cd93,1788383071491251292,False,historical/derived/redundant phase; excluded from observations
/home/roi/PycharmProjects/KD_v5/OUTPUTS/experiments/article_1/protocol_v1/summary/expertise_sensitivity_phase1/tables/focal_kd_decision.csv,b71c99a95d6558192706447711bbd473e4fbdcec30a4dbe80302c6eb94b0ee63,1788383091962348121,False,historical/derived/redundant phase; excluded from observations
/home/roi/PycharmProjects/KD_v5/OUTPUTS/experiments/article_1/protocol_v1/summary/expertise_sensitivity_phase1/tables/focal_kd_decision_by_condition.csv,97799177b00219b0ae68b96b12dc6b613332b4d05d3657101683c74e6cd628a7,1788383091939348546,False,historical/derived/redundant phase; excluded from observations
/home/roi/PycharmProjects/KD_v5/OUTPUTS/experiments/article_1/protocol_v1/summary/expertise_sensitivity_phase1/tables/kd_target_ceiling_by_condition.csv,f74ef18e8fd0f496d5e57e900166034ca36958f505738306fdd339e01182b6d6,1788383093952500363,False,historical/derived/redundant phase; excluded from observations
/home/roi/PycharmProjects/KD_v5/OUTPUTS/experiments/article_1/protocol_v1/summary/expertise_sensitivity_phase1/tables/kd_target_ceiling_coverage.csv,c50197f9b3d3ad07fb735650d0f8775cd8931dc0c1fc0189284b742f9747d885,1788383093941311565,False,historical/derived/redundant phase; excluded from observations
/home/roi/PycharmProjects/KD_v5/OUTPUTS/experiments/article_1/protocol_v1/summary/expertise_sensitivity_phase1/tables/kd_target_ceiling_summary.csv,b4ceac9d5ad1d5d46941772d7fd3a148b39d880d28570a7e3464e14e8e7301ec,1788383093949311417,False,historical/derived/redundant phase; excluded from observations
/home/roi/PycharmProjects/KD_v5/OUTPUTS/experiments/article_1/protocol_v1/summary/expertise_sensitivity_phase1/tables/routing_curves_by_condition.csv,8bbc456cec57d7cde0e38133a0a9f11829f1f4f9a99e6d119312327e17513cb3,1788383071652721790,False,historical/derived/redundant phase; excluded from observations
/home/roi/PycharmProjects/KD_v5/OUTPUTS/experiments/article_1/protocol_v1/summary/expertise_sensitivity_phase1/tables/routing_curves_summary.csv,d8bfdb4dd6af7520b5be94861d659d082417a8a0b16690d0715b001ea63ea02b,1788383071662721607,False,historical/derived/redundant phase; excluded from observations
/home/roi/PycharmProjects/KD_v5/OUTPUTS/experiments/article_1/protocol_v1/summary/expertise_sensitivity_phase1/tables/sensitive_classes_summary.csv,f40258b9ed217fa684e242e0001804e348ac6a7d0ddd34be8897f3a175580c05,1788383091960348158,False,historical/derived/redundant phase; excluded from observations
/home/roi/PycharmProjects/KD_v5/OUTPUTS/experiments/article_1/protocol_v1/summary/expertise_sensitivity_phase1/tables/source_contract_audit.csv,74fd8ddecae81b01023264183d1dcc8247fd7b68a5984c470fffcfec0525d32d,1788383071338583978,False,historical/derived/redundant phase; excluded from observations
/home/roi/PycharmProjects/KD_v5/OUTPUTS/experiments/article_1/protocol_v1/summary/expertise_sensitivity_phase1/tables/supervised_proxy_efficiency_availability.csv,40649db7f2681e09030aa89997595d4c9930c97b844c8f18dabc3822b3e327fd,1788383092031761227,False,historical/derived/redundant phase; excluded from observations
/home/roi/PycharmProjects/KD_v5/OUTPUTS/experiments/article_1/protocol_v1/summary/expertise_sensitivity_phase1/tables/supervised_proxy_efficiency_curve.csv,9982b8cdd121d22610382d9c77efadce7268ff69535beb7a4ba8fba68b3b6ddb,1788383092040133921,False,historical/derived/redundant phase; excluded from observations
/home/roi/PycharmProjects/KD_v5/OUTPUTS/experiments/article_1/protocol_v1/summary/expertise_sensitivity_phase1/tables/supervised_proxy_enough_accuracy.csv,05223a16198c490eaa930027661fcce5169544db5318257c76844f1b598a2166,1788383092049656877,False,historical/derived/redundant phase; excluded from observations
/home/roi/PycharmProjects/KD_v5/OUTPUTS/experiments/article_1/protocol_v1/summary/expertise_sensitivity_phase1/tables/target_metrics_and_routing_stability.csv,5a91373de80b402ac09338180f0b921436cf6840a93883930a57fccefdf554dd,1788383090969902088,False,historical/derived/redundant phase; excluded from observations
/home/roi/PycharmProjects/KD_v5/OUTPUTS/experiments/article_1/protocol_v1/summary/expertise_sensitivity_phase1/tables/target_metrics_summary.csv,4eb32a0dcad68056ecb21bf39853d2dbb237f16d65e263824ddc99cd6f769486,1788383090988257543,False,historical/derived/redundant phase; excluded from observations
/home/roi/PycharmProjects/KD_v5/OUTPUTS/experiments/article_1/protocol_v1/summary/final_baseline_paired_effects.csv,c427a2de2c4a1ef61bf374f41e64a165974a1dcb20e23a4049aaae7b5844e2b1,1787822868782308127,False,historical/derived/redundant phase; excluded from observations
/home/roi/PycharmProjects/KD_v5/OUTPUTS/experiments/article_1/protocol_v1/summary/final_baseline_results.csv,261d35a14de06f1baa67f07bf93a00af5efa186a576624ff04b7880fb4b07f59,1787822868781308146,False,historical/derived/redundant phase; excluded from observations
/home/roi/PycharmProjects/KD_v5/OUTPUTS/experiments/article_1/protocol_v1/summary/proxy_sample_efficiency/curve_summary_by_dataset_regime.csv,1428675e88b567b88074d2ef623bd06596c843bb7addcf98fcf5c3c1fe5f4118,1787822223660526907,False,historical/derived/redundant phase; excluded from observations
/home/roi/PycharmProjects/KD_v5/OUTPUTS/experiments/article_1/protocol_v1/summary/proxy_sample_efficiency/expert_attainment_crossings.csv,a0c81501718b4bea6e574229f7b8485745a2553539151ccebed4057fc530ee4a,1787822223698525915,False,historical/derived/redundant phase; excluded from observations
/home/roi/PycharmProjects/KD_v5/OUTPUTS/experiments/article_1/protocol_v1/summary/proxy_sample_efficiency/missing.csv,3b3e63d248bd1a530133198c98ce6d04824e4f5fde1e6f1718865594d166e51a,1787822223643459494,False,historical/derived/redundant phase; excluded from observations
/home/roi/PycharmProjects/KD_v5/OUTPUTS/experiments/article_1/protocol_v1/summary/proxy_sample_efficiency/oracle_reference.csv,4c863312dfa4ae2aa45643438a0fe9fe584b6856c39c7c1f6e655ea36ab88f6f,1787822223645870867,False,historical/derived/redundant phase; excluded from observations
/home/roi/PycharmProjects/KD_v5/OUTPUTS/experiments/article_1/protocol_v1/summary/proxy_sample_efficiency/paired_effect_summary.csv,d4275a94f5f652413896b6c9a44c073d634becead4bb9a9d279e709963d02244,1787822223671526620,False,historical/derived/redundant phase; excluded from observations
/home/roi/PycharmProjects/KD_v5/OUTPUTS/experiments/article_1/protocol_v1/summary/proxy_sample_efficiency/paired_effects_by_seed.csv,4aace1a88b57d0bc36629c85e199ea743387f7c636aa4c8f9ef36f02665daad5,1787822223661526881,False,historical/derived/redundant phase; excluded from observations
/home/roi/PycharmProjects/KD_v5/OUTPUTS/experiments/article_1/protocol_v1/summary/proxy_sample_efficiency/pairing_failures.csv,7eb70257593da06f682a3ddda54a9d260d4fc514f645237f5ca74b08f8da61a6,1787822223707956515,False,historical/derived/redundant phase; excluded from observations
/home/roi/PycharmProjects/KD_v5/OUTPUTS/experiments/article_1/protocol_v1/summary/proxy_sample_efficiency/planned_target_failures.csv,7eb70257593da06f682a3ddda54a9d260d4fc514f645237f5ca74b08f8da61a6,1787822223707833318,False,historical/derived/redundant phase; excluded from observations
/home/roi/PycharmProjects/KD_v5/OUTPUTS/experiments/article_1/protocol_v1/summary/proxy_sample_efficiency/results.csv,7c3d8da97dd4d51814e71c4b34e802246fe51baf08314c05b6bb00fb5b308b71,1787822223633896832,False,historical/derived/redundant phase; excluded from observations
/home/roi/PycharmProjects/KD_v5/OUTPUTS/experiments/article_1/protocol_v1/summary/proxy_sample_efficiency/supervised_catchup.csv,8b7adf4db81dfa0621494d52ed8872884ce3fa628a6bedc1240b4572273be48f,1787822223680526385,False,historical/derived/redundant phase; excluded from observations
/home/roi/PycharmProjects/KD_v5/OUTPUTS/experiments/article_1/protocol_v1/summary/proxy_sample_efficiency/target_coverage.csv,f9b5c5b2ea7fd326760cb85c3660d6e41b3b24d0150a6bdfdd076a7bb1c2c242,1787822223706525706,False,historical/derived/redundant phase; excluded from observations
/home/roi/PycharmProjects/KD_v5/OUTPUTS/experiments/article_1/protocol_v1/summary/proxy_sample_efficiency/target_label_failures.csv,7eb70257593da06f682a3ddda54a9d260d4fc514f645237f5ca74b08f8da61a6,1787822223702525811,False,historical/derived/redundant phase; excluded from observations
/home/roi/PycharmProjects/KD_v5/OUTPUTS/experiments/article_1/protocol_v1/summary/student_results.csv,4e3f35ac57feec24a6be89a5e73225904350a8c19a6fac91eab2f72dd6005905,1787822868736652587,False,historical/derived/redundant phase; excluded from observations
/home/roi/PycharmProjects/KD_v5/OUTPUTS/experiments/article_1/protocol_v1/summary/target_results.csv,4be6357d1d99aef60c9ba73a4124183bbf23650a3b8b60537038356798858309,1787822868587925762,False,historical/derived/redundant phase; excluded from observations
