dataset,regime,seed,left,right,run_id_left,run_id_right,input_file_left,input_file_right,student_test_accuracy_left,student_test_accuracy_right,delta_student_test_accuracy,student_test_nll_left,student_test_nll_right,delta_student_test_nll,target_accuracy_left,target_accuracy_right,delta_target_accuracy,target_nll_left,target_nll_right,delta_target_nll,target_entropy_left,target_entropy_right,delta_target_entropy,fallback_count_left,fallback_count_right,delta_fallback_count,fallback_rate_left,fallback_rate_right,delta_fallback_rate,mean_selected_teachers_left,mean_selected_teachers_right,delta_mean_selected_teachers,effective_teachers_left,effective_teachers_right,delta_effective_teachers,presence_density,expertise_density,mask_disagreements,absent_train,no_expertise,min,median,max
cifar,alpha0p1,42,expert_prob,presence_prob,b64a38c9c8e7fb27,225e3548ce92366e,/home/roi/PycharmProjects/KD_v5/OUTPUTS/article1_v3/results_baseline.csv,/home/roi/PycharmProjects/KD_v5/OUTPUTS/article1_v3/results_presence.csv,0.7773,0.7121,0.06520000000000004,0.9024679542541504,0.935747580909729,-0.0332796266555786,0.9877,0.9399,0.047800000000000065,1.1238261880797793,1.5057136684127743,-0.381887480332995,1.9856955647391008,2.1802592572854818,-0.19456369254638095,0.0,0.0,0.0,0.0,0.0,0.0,2.4,5.5,-3.1,2.4,5.5,-3.1,0.55,0.24,31,45,49,13,289.0,761
cifar,alpha0p1,43,expert_prob,presence_prob,1ada48c9639e6d5c,f8d9267044e45c3b,/home/roi/PycharmProjects/KD_v5/OUTPUTS/article1_v3/results_baseline.csv,/home/roi/PycharmProjects/KD_v5/OUTPUTS/article1_v3/results_presence.csv,0.7641,0.746,0.018100000000000005,1.0589100246429444,0.8340063423156738,0.22490368232727054,0.9577,0.934,0.023699999999999943,1.1223862432089349,1.4962579946210932,-0.37387175141215834,1.9720120680167648,2.1781818163284936,-0.20616974831172885,0.0,0.0,0.0,0.0,0.0,0.0,2.4,5.9,-3.5000000000000004,2.4,5.9,-3.5000000000000004,0.59,0.24,35,41,47,8,282.0,743
cifar,alpha0p1,44,expert_prob,presence_prob,37aeec9803de227f,587791d718ff4a92,/home/roi/PycharmProjects/KD_v5/OUTPUTS/article1_v3/results_baseline.csv,/home/roi/PycharmProjects/KD_v5/OUTPUTS/article1_v3/results_presence.csv,0.7497,0.7376,0.0121,1.1247953678131104,0.9165127767562866,0.20828259105682378,0.966,0.9554,0.010599999999999943,1.1837923584105716,1.3956722451772692,-0.21187988676669756,2.023083901177679,2.1466928731763044,-0.12360897199862553,0.0,0.0,0.0,0.0,0.0,0.0,3.0,5.6,-2.5999999999999996,3.0,5.6,-2.5999999999999996,0.56,0.3,26,44,47,18,264.0,523
cifar,alpha0p5,42,expert_prob,presence_prob,1a5ec00c049ea18a,240d20f2596b7a5a,/home/roi/PycharmProjects/KD_v5/OUTPUTS/article1_v3/results_baseline.csv,/home/roi/PycharmProjects/KD_v5/OUTPUTS/article1_v3/results_presence.csv,0.7499,0.6875,0.06240000000000001,0.785844102859497,0.8663060916900635,-0.08046198883056643,0.9293,0.7393,0.19000000000000006,1.489613779940019,1.7751630897272217,-0.2855493097872026,2.1757462467084903,2.233347265913161,-0.057601019204670756,0.0,0.0,0.0,0.0,0.0,0.0,4.0,9.8,-5.800000000000001,4.0,9.8,-5.800000000000001,0.98,0.4,58,2,6,29,129.5,459
cifar,alpha0p5,43,expert_prob,presence_prob,fcb2d6b803bea567,d4038d5bcc2c6bc7,/home/roi/PycharmProjects/KD_v5/OUTPUTS/article1_v3/results_baseline.csv,/home/roi/PycharmProjects/KD_v5/OUTPUTS/article1_v3/results_presence.csv,0.7615,0.7102,0.0512999999999999,0.7460794727325439,0.834981845664978,-0.08890237293243408,0.9344,0.7632,0.17120000000000002,1.4642761844890415,1.7645115157222848,-0.3002353312332433,2.155654102811356,2.230982436885406,-0.07532833407405004,0.0,0.0,0.0,0.0,0.0,0.0,3.6,9.8,-6.200000000000001,3.6,9.8,-6.200000000000001,0.98,0.36,62,2,7,29,118.0,452
cifar,alpha0p5,44,expert_prob,presence_prob,43e1e8dbb73f2bc9,a9472ad2cc94ab9b,/home/roi/PycharmProjects/KD_v5/OUTPUTS/article1_v3/results_baseline.csv,/home/roi/PycharmProjects/KD_v5/OUTPUTS/article1_v3/results_presence.csv,0.75,0.7063,0.04369999999999996,0.8396518667221069,0.8501802586555481,-0.010528391933441239,0.9345,0.8152,0.11929999999999996,1.3793831918242194,1.6737846865062225,-0.29440149468200305,2.1296452639602483,2.2124666515675,-0.08282138760725166,0.0,0.0,0.0,0.0,0.0,0.0,4.0,9.4,-5.4,4.0,9.4,-5.4,0.94,0.4,54,6,8,44,123.0,451
cifar,alpha1p0,42,expert_prob,presence_prob,647850f543c3374a,c0750a67a0c648c2,/home/roi/PycharmProjects/KD_v5/OUTPUTS/article1_v3/results_baseline.csv,/home/roi/PycharmProjects/KD_v5/OUTPUTS/article1_v3/results_presence.csv,0.771,0.7561,0.014900000000000024,0.7500233968734741,0.710434962272644,0.03958843460083006,0.9052,0.7974,0.1078,1.3401403479531933,1.5613790479372442,-0.221238699984051,2.0940857089282034,2.1682212036410835,-0.07413549471288006,0.0,0.0,0.0,0.0,0.0,0.0,4.1,9.9,-5.800000000000001,4.1,9.9,-5.800000000000001,0.99,0.41,58,1,1,25,112.0,348
cifar,alpha1p0,43,expert_prob,presence_prob,342176127b0855ce,d8138bb4abcf6266,/home/roi/PycharmProjects/KD_v5/OUTPUTS/article1_v3/results_baseline.csv,/home/roi/PycharmProjects/KD_v5/OUTPUTS/article1_v3/results_presence.csv,0.7454,0.7312,0.01419999999999999,0.7433933478355408,0.7610089792251586,-0.01761563138961786,0.8689,0.7539,0.11499999999999999,1.5763668522951644,1.721840387010635,-0.14547353471547053,2.1900683708490165,2.216283150209995,-0.02621477936097838,1000.0,0.0,1000.0,0.1,0.0,0.1,3.9,10.0,-6.1,4.9,9.999999999999998,-5.099999999999998,1.0,0.39,61,0,1,40,109.0,288
cifar,alpha1p0,44,expert_prob,presence_prob,3f9ec0095a44e2b6,2e4606dd8c426730,/home/roi/PycharmProjects/KD_v5/OUTPUTS/article1_v3/results_baseline.csv,/home/roi/PycharmProjects/KD_v5/OUTPUTS/article1_v3/results_presence.csv,0.7503,0.7383,0.01200000000000001,0.8027165410995484,0.757378346824646,0.04533819427490238,0.9117,0.7787,0.133,1.4359060444522842,1.6707446908972052,-0.23483864644492103,2.1451626937592603,2.2023163942818784,-0.057153700522618145,0.0,0.0,0.0,0.0,0.0,0.0,4.0,10.0,-6.0,4.0,9.999999999999998,-5.999999999999998,1.0,0.4,60,0,2,22,137.0,323
cifar,iid,42,expert_prob,presence_prob,b25818fe5626557a,3f9308c5c90c7986,/home/roi/PycharmProjects/KD_v5/OUTPUTS/article1_v3/results_baseline.csv,/home/roi/PycharmProjects/KD_v5/OUTPUTS/article1_v3/results_presence.csv,0.7475,0.7522,-0.0046999999999999265,0.8006440430164338,0.7609709712982178,0.03967307171821599,0.7923,0.7964,-0.0040999999999999925,1.5140357059241016,1.5508668901104945,-0.03683118418639286,2.14505773788061,2.162036171763306,-0.01697843388269593,1000.0,0.0,1000.0,0.1,0.0,0.1,5.5,10.0,-4.5,6.5,9.999999999999998,-3.4999999999999982,1.0,0.55,45,0,0,80,80.0,80
cifar,iid,43,expert_prob,presence_prob,732fa36ec846a6f7,1ebd8f4d0fe501e7,/home/roi/PycharmProjects/KD_v5/OUTPUTS/article1_v3/results_baseline.csv,/home/roi/PycharmProjects/KD_v5/OUTPUTS/article1_v3/results_presence.csv,0.7609,0.7615,-0.0005999999999999339,0.742044600391388,0.6973574625968934,0.044687137794494625,0.8183,0.7827,0.035600000000000076,1.500048393402514,1.5913698524649196,-0.09132145906240563,2.1448883830815526,2.1760931220498123,-0.031204738968259704,1000.0,0.0,1000.0,0.1,0.0,0.1,4.7,10.0,-5.3,5.7,9.999999999999998,-4.299999999999998,1.0,0.47,53,0,0,80,80.0,80
cifar,iid,44,expert_prob,presence_prob,f048d10da4d4f8c5,6ce4452f1aaab752,/home/roi/PycharmProjects/KD_v5/OUTPUTS/article1_v3/results_baseline.csv,/home/roi/PycharmProjects/KD_v5/OUTPUTS/article1_v3/results_presence.csv,0.7501,0.7471,0.0030000000000000027,0.7439198655128479,0.7422387187004089,0.0016811468124390272,0.8219,0.7951,0.026799999999999935,1.5625314945492446,1.6115981178102532,-0.049066623261008635,2.1693333030041497,2.1841124427676046,-0.014779139763454907,1000.0,0.0,1000.0,0.1,0.0,0.1,5.2,10.0,-4.8,6.2,9.999999999999998,-3.799999999999998,1.0,0.52,48,0,0,80,80.0,80
cifar,multi,42,expert_prob,presence_prob,e45d743ef17dcac0,0740d6c5f42a7b19,/home/roi/PycharmProjects/KD_v5/OUTPUTS/article1_v3/results_baseline.csv,/home/roi/PycharmProjects/KD_v5/OUTPUTS/article1_v3/results_presence.csv,0.7485,0.7485,0.0,1.5690236114501954,1.5690236114501954,0.0,0.942,0.942,0.0,0.774684495313124,0.774684495313124,0.0,1.6246264559525458,1.6246264559525458,0.0,0.0,0.0,0.0,0.0,0.0,0.0,2.0,2.0,0.0,2.0,2.0,0.0,0.2,0.2,0,80,80,400,400.0,400
cifar,multi,43,expert_prob,presence_prob,cccf669675b00118,d8b07f6afc8b2393,/home/roi/PycharmProjects/KD_v5/OUTPUTS/article1_v3/results_baseline.csv,/home/roi/PycharmProjects/KD_v5/OUTPUTS/article1_v3/results_presence.csv,0.7377,0.7377,0.0,1.588653736114502,1.588653736114502,0.0,0.9265,0.9265,0.0,0.8099299222557768,0.8099299222557768,0.0,1.629249439199916,1.629249439199916,0.0,0.0,0.0,0.0,0.0,0.0,0.0,2.0,2.0,0.0,2.0,2.0,0.0,0.2,0.2,0,80,80,400,400.0,400
cifar,multi,44,expert_prob,presence_prob,c75c2a10a08cf2fd,1a7201a6e079cf25,/home/roi/PycharmProjects/KD_v5/OUTPUTS/article1_v3/results_baseline.csv,/home/roi/PycharmProjects/KD_v5/OUTPUTS/article1_v3/results_presence.csv,0.7667,0.7667,0.0,1.5695095485687256,1.5695095485687256,0.0,0.9474,0.9474,0.0,0.7364628298630538,0.7364628298630538,0.0,1.5782369921977493,1.5782369921977493,0.0,0.0,0.0,0.0,0.0,0.0,0.0,2.0,2.0,0.0,2.0,2.0,0.0,0.2,0.2,0,80,80,400,400.0,400
cifar,single,42,expert_prob,presence_prob,f384e4ed50945edc,6daf0c166bb3b82e,/home/roi/PycharmProjects/KD_v5/OUTPUTS/article1_v3/results_baseline.csv,/home/roi/PycharmProjects/KD_v5/OUTPUTS/article1_v3/results_presence.csv,0.7827,0.7827,0.0,1.7387799139022828,1.7387799139022828,0.0,1.0,1.0,0.0,0.3454380084591673,0.3454380084591673,0.0,1.1749363584860764,1.1749363584860764,0.0,0.0,0.0,0.0,0.0,0.0,0.0,1.0,1.0,0.0,1.0,1.0,0.0,0.1,0.1,0,90,90,800,800.0,800
cifar,single,43,expert_prob,presence_prob,9d78cd505aef877c,d2303a6b1e21fff6,/home/roi/PycharmProjects/KD_v5/OUTPUTS/article1_v3/results_baseline.csv,/home/roi/PycharmProjects/KD_v5/OUTPUTS/article1_v3/results_presence.csv,0.8018,0.8018,0.0,1.558212961578369,1.558212961578369,0.0,1.0,1.0,0.0,0.3181445951576681,0.3181445951576681,0.0,1.1515907386505606,1.1515907386505606,0.0,0.0,0.0,0.0,0.0,0.0,0.0,1.0,1.0,0.0,1.0,1.0,0.0,0.1,0.1,0,90,90,800,800.0,800
cifar,single,44,expert_prob,presence_prob,5284426a3da466ef,c5bd69e91022fa35,/home/roi/PycharmProjects/KD_v5/OUTPUTS/article1_v3/results_baseline.csv,/home/roi/PycharmProjects/KD_v5/OUTPUTS/article1_v3/results_presence.csv,0.7783,0.7783,0.0,1.839888500785828,1.839888500785828,0.0,1.0,1.0,0.0,0.310253358283077,0.310253358283077,0.0,1.1268682133606789,1.1268682133606789,0.0,0.0,0.0,0.0,0.0,0.0,0.0,1.0,1.0,0.0,1.0,1.0,0.0,0.1,0.1,0,90,90,800,800.0,800
fmnist,alpha0p1,42,expert_prob,presence_prob,f003b578acbead11,f40e6e8043575e58,/home/roi/PycharmProjects/KD_v5/OUTPUTS/article1_v3/results_baseline.csv,/home/roi/PycharmProjects/KD_v5/OUTPUTS/article1_v3/results_presence.csv,0.8977,0.9002,-0.0024999999999999467,0.5442288514614105,0.4151922191619873,0.12903663229942325,0.9944,0.9929,0.0014999999999999458,0.7653004349788436,0.927337725113684,-0.16203729013484036,1.7517848960329214,1.9072663909769392,-0.15548149494401775,0.0,0.0,0.0,0.0,0.0,0.0,3.5,4.9,-1.4000000000000004,3.5,4.9,-1.4000000000000004,0.49,0.35,14,51,53,3,157.0,934
fmnist,alpha0p1,43,expert_prob,presence_prob,89b7a98af918a190,23558ce568f1c4e4,/home/roi/PycharmProjects/KD_v5/OUTPUTS/article1_v3/results_baseline.csv,/home/roi/PycharmProjects/KD_v5/OUTPUTS/article1_v3/results_presence.csv,0.894,0.8844,0.009600000000000053,0.4541786133289337,0.3900279455423355,0.06415066778659823,0.9934,0.9851,0.008299999999999974,0.8561923499609259,1.0363035576898207,-0.18011120772889488,1.8190037290807028,1.9693786767754773,-0.15037494769477444,0.0,0.0,0.0,0.0,0.0,0.0,3.8,5.5,-1.7000000000000002,3.8,5.5,-1.7000000000000002,0.55,0.38,17,45,49,1,101.0,964
fmnist,alpha0p1,44,expert_prob,presence_prob,0319b4e50dba203c,0889e00473932e47,/home/roi/PycharmProjects/KD_v5/OUTPUTS/article1_v3/results_baseline.csv,/home/roi/PycharmProjects/KD_v5/OUTPUTS/article1_v3/results_presence.csv,0.8941,0.8916,0.0025000000000000577,0.5301061787128448,0.3621710897922516,0.16793508892059322,0.9874,0.9798,0.007600000000000051,0.880189226585599,1.077757017162738,-0.19756779057713902,1.853686467433205,1.9946827620809,-0.14099629464769503,0.0,0.0,0.0,0.0,0.0,0.0,4.2,6.2,-2.0,4.2,6.2,-2.0,0.62,0.42,20,38,43,2,113.5,875
fmnist,alpha0p5,42,expert_prob,presence_prob,a94e698fa3ce41b2,280ced8d1bc52389,/home/roi/PycharmProjects/KD_v5/OUTPUTS/article1_v3/results_baseline.csv,/home/roi/PycharmProjects/KD_v5/OUTPUTS/article1_v3/results_presence.csv,0.8968,0.8487,0.04810000000000003,0.3631809852600097,0.4164571836471558,-0.05327619838714609,0.9692,0.8795,0.0897,1.048163690914879,1.2569387566823538,-0.20877506576747473,1.9594785655630804,2.0453235722667125,-0.08584500670363204,0.0,0.0,0.0,0.0,0.0,0.0,6.0,9.8,-3.8000000000000007,6.0,9.8,-3.8000000000000007,0.98,0.6,38,2,8,1,99.0,604
fmnist,alpha0p5,43,expert_prob,presence_prob,a9382d7e110e1b4f,cbc6f4dd29e857bc,/home/roi/PycharmProjects/KD_v5/OUTPUTS/article1_v3/results_baseline.csv,/home/roi/PycharmProjects/KD_v5/OUTPUTS/article1_v3/results_presence.csv,0.8915,0.8703,0.021199999999999997,0.3744296416997909,0.3561171987056732,0.018312442994117717,0.9531,0.8914,0.06169999999999998,1.0695800526396888,1.255937719335192,-0.18635766669550313,1.949756345254559,2.052208264103609,-0.10245191884905003,0.0,0.0,0.0,0.0,0.0,0.0,5.7,9.8,-4.1000000000000005,5.7,9.8,-4.1000000000000005,0.98,0.57,41,2,8,3,105.0,761
fmnist,alpha0p5,44,expert_prob,presence_prob,4fe5e732841bca5c,a0f194882a8d40bb,/home/roi/PycharmProjects/KD_v5/OUTPUTS/article1_v3/results_baseline.csv,/home/roi/PycharmProjects/KD_v5/OUTPUTS/article1_v3/results_presence.csv,0.8786,0.8594,0.019199999999999995,0.4166844233036041,0.4091567901134491,0.007527633190155036,0.9397,0.872,0.06769999999999998,1.0386216388416214,1.1822996722508972,-0.14367803340927576,1.929947258204454,1.9955433402678675,-0.06559608206341361,0.0,0.0,0.0,0.0,0.0,0.0,6.6,9.8,-3.200000000000001,6.6,9.8,-3.200000000000001,0.98,0.66,32,2,5,1,99.0,601
fmnist,alpha1p0,42,expert_prob,presence_prob,be206107d3b9963a,754bca3d55bc3082,/home/roi/PycharmProjects/KD_v5/OUTPUTS/article1_v3/results_baseline.csv,/home/roi/PycharmProjects/KD_v5/OUTPUTS/article1_v3/results_presence.csv,0.8874,0.8769,0.010499999999999954,0.3842929750204086,0.3590002907991409,0.02529268422126768,0.9586,0.8909,0.06769999999999998,1.034836182053455,1.1833412825486465,-0.1485051004951914,1.9279512240975885,2.003996660100352,-0.07604543600276359,0.0,0.0,0.0,0.0,0.0,0.0,6.3,10.0,-3.7,6.3,9.999999999999998,-3.6999999999999984,1.0,0.63,37,0,0,8,125.0,429
fmnist,alpha1p0,43,expert_prob,presence_prob,b98312a1293a366c,9788965e02450ff0,/home/roi/PycharmProjects/KD_v5/OUTPUTS/article1_v3/results_baseline.csv,/home/roi/PycharmProjects/KD_v5/OUTPUTS/article1_v3/results_presence.csv,0.8868,0.881,0.005800000000000027,0.3831658036231994,0.3453651532649994,0.037800650358200016,0.9532,0.9098,0.043399999999999994,1.0204859116563016,1.1234538117064654,-0.10296790005016376,1.9165883487258173,1.9632990214271115,-0.046710672701294254,0.0,0.0,0.0,0.0,0.0,0.0,7.1,9.9,-2.8000000000000007,7.1,9.9,-2.8000000000000007,0.99,0.71,28,1,2,4,111.0,439
fmnist,alpha1p0,44,expert_prob,presence_prob,81815007cc97fb81,eae4166c7df68b00,/home/roi/PycharmProjects/KD_v5/OUTPUTS/article1_v3/results_baseline.csv,/home/roi/PycharmProjects/KD_v5/OUTPUTS/article1_v3/results_presence.csv,0.8882,0.88,0.008199999999999985,0.3645029945135116,0.3470136012077331,0.017489393305778478,0.9441,0.8907,0.0534,0.9947318411612378,1.0864310361209206,-0.09169919495968282,1.8764394490048013,1.9172713476462653,-0.04083189864146397,0.0,0.0,0.0,0.0,0.0,0.0,7.4,10.0,-2.5999999999999996,7.4,9.999999999999998,-2.599999999999998,1.0,0.74,26,0,0,1,89.0,494
fmnist,iid,42,expert_prob,presence_prob,a893354e6047afe2,420de0cbac1edf5a,/home/roi/PycharmProjects/KD_v5/OUTPUTS/article1_v3/results_baseline.csv,/home/roi/PycharmProjects/KD_v5/OUTPUTS/article1_v3/results_presence.csv,0.8889,0.889,-9.999999999998899e-05,0.3470938858985901,0.3474234825372695,-0.00032959663867943023,0.9058,0.905,0.0008000000000000229,1.0085101611818006,1.0158217554505784,-0.00731159426877781,1.8598360223689687,1.8630780032783476,-0.003241980909378883,1000.0,0.0,1000.0,0.1,0.0,0.1,8.4,10.0,-1.5999999999999996,9.4,9.999999999999998,-0.5999999999999979,1.0,0.84,16,0,0,100,100.0,100
fmnist,iid,43,expert_prob,presence_prob,9f917542ec1bb40f,428a92403debe440,/home/roi/PycharmProjects/KD_v5/OUTPUTS/article1_v3/results_baseline.csv,/home/roi/PycharmProjects/KD_v5/OUTPUTS/article1_v3/results_presence.csv,0.8885,0.888,0.0004999999999999449,0.3633231450796127,0.3618016066551208,0.0015215384244919306,0.9099,0.9057,0.0042000000000000925,0.9423095926755356,0.947973109436022,-0.005663516760486376,1.7826279778695735,1.7872309007607847,-0.004602922891211225,1000.0,0.0,1000.0,0.1,0.0,0.1,7.6,10.0,-2.4000000000000004,8.599999999999998,9.999999999999998,-1.4000000000000004,1.0,0.76,24,0,0,100,100.0,100
fmnist,iid,44,expert_prob,presence_prob,fdee26de7f721f8c,abe009687c8920f8,/home/roi/PycharmProjects/KD_v5/OUTPUTS/article1_v3/results_baseline.csv,/home/roi/PycharmProjects/KD_v5/OUTPUTS/article1_v3/results_presence.csv,0.8868,0.8852,0.0016000000000000458,0.330677905523777,0.3307384666800499,-6.056115627289804e-05,0.9021,0.8992,0.0029000000000000137,1.0351135974297914,1.045781610244268,-0.010668012814476713,1.881078573229309,1.8869574781419425,-0.005878904912633542,1000.0,0.0,1000.0,0.1,0.0,0.1,8.0,10.0,-2.0,9.0,9.999999999999998,-0.9999999999999982,1.0,0.8,20,0,0,100,100.0,100
fmnist,multi,42,expert_prob,presence_prob,1ae17f261134557f,10b9c24426be0877,/home/roi/PycharmProjects/KD_v5/OUTPUTS/article1_v3/results_baseline.csv,/home/roi/PycharmProjects/KD_v5/OUTPUTS/article1_v3/results_presence.csv,0.9018,0.9018,0.0,1.6995739265441894,1.6995739265441894,0.0,0.9934,0.9934,0.0,0.1276510817896113,0.1276510817896113,0.0,0.3802350407623575,0.3802350407623575,0.0,0.0,0.0,0.0,0.0,0.0,0.0,2.0,2.0,0.0,2.0,2.0,0.0,0.2,0.2,0,80,80,500,500.0,500
fmnist,multi,43,expert_prob,presence_prob,938891f0341da58b,6f37b1c1500f8395,/home/roi/PycharmProjects/KD_v5/OUTPUTS/article1_v3/results_baseline.csv,/home/roi/PycharmProjects/KD_v5/OUTPUTS/article1_v3/results_presence.csv,0.8963,0.8963,0.0,1.7926450607299804,1.7926450607299804,0.0,0.9952,0.9952,0.0,0.1348430670673133,0.1348430670673133,0.0,0.3903763836934794,0.3903763836934794,0.0,0.0,0.0,0.0,0.0,0.0,0.0,2.0,2.0,0.0,2.0,2.0,0.0,0.2,0.2,0,80,80,500,500.0,500
fmnist,multi,44,expert_prob,presence_prob,393db1feef47cf9d,a1435b7bc88a4962,/home/roi/PycharmProjects/KD_v5/OUTPUTS/article1_v3/results_baseline.csv,/home/roi/PycharmProjects/KD_v5/OUTPUTS/article1_v3/results_presence.csv,0.9028,0.9028,0.0,1.6088323692321778,1.6088323692321778,0.0,0.9939,0.9939,0.0,0.1518579201260208,0.1518579201260208,0.0,0.4291062887388214,0.4291062887388214,0.0,0.0,0.0,0.0,0.0,0.0,0.0,2.0,2.0,0.0,2.0,2.0,0.0,0.2,0.2,0,80,80,500,500.0,500
fmnist,single,42,expert_prob,presence_prob,d167fc214edc5c68,a516ba91508314af,/home/roi/PycharmProjects/KD_v5/OUTPUTS/article1_v3/results_baseline.csv,/home/roi/PycharmProjects/KD_v5/OUTPUTS/article1_v3/results_presence.csv,0.9042,0.9042,0.0,2.942580070018768,2.942580070018768,0.0,1.0,1.0,0.0,3.920342750904092e-06,3.920342750904092e-06,0.0,5.1002922931681286e-05,5.1002922931681286e-05,0.0,0.0,0.0,0.0,0.0,0.0,0.0,1.0,1.0,0.0,1.0,1.0,0.0,0.1,0.1,0,90,90,1000,1000.0,1000
fmnist,single,43,expert_prob,presence_prob,e73aba17d579b084,40aa5475d2d98a37,/home/roi/PycharmProjects/KD_v5/OUTPUTS/article1_v3/results_baseline.csv,/home/roi/PycharmProjects/KD_v5/OUTPUTS/article1_v3/results_presence.csv,0.899,0.899,0.0,3.1933379768371584,3.1933379768371584,0.0,1.0,1.0,0.0,2.784811898827674e-06,2.784811898827674e-06,0.0,3.786881728638407e-05,3.786881728638407e-05,0.0,0.0,0.0,0.0,0.0,0.0,0.0,1.0,1.0,0.0,1.0,1.0,0.0,0.1,0.1,0,90,90,1000,1000.0,1000
fmnist,single,44,expert_prob,presence_prob,ab8e9ca45adc2256,465f8e36644c257d,/home/roi/PycharmProjects/KD_v5/OUTPUTS/article1_v3/results_baseline.csv,/home/roi/PycharmProjects/KD_v5/OUTPUTS/article1_v3/results_presence.csv,0.9057,0.9057,0.0,2.6762206501960755,2.6762206501960755,0.0,1.0,1.0,0.0,3.872599766735031e-06,3.872599766735031e-06,0.0,4.910081560201257e-05,4.910081560201257e-05,0.0,0.0,0.0,0.0,0.0,0.0,0.0,1.0,1.0,0.0,1.0,1.0,0.0,0.1,0.1,0,90,90,1000,1000.0,1000
mnist,alpha0p1,42,expert_prob,presence_prob,d9427415fddfb7dc,49ccc8f99d915a54,/home/roi/PycharmProjects/KD_v5/OUTPUTS/article1_v3/results_baseline.csv,/home/roi/PycharmProjects/KD_v5/OUTPUTS/article1_v3/results_presence.csv,0.9884,0.9815,0.006899999999999906,0.0415412668741075,0.058106656403467,-0.0165653895293595,0.9965,0.9906,0.005900000000000016,0.8238872842622718,0.994965109347141,-0.17107782508486924,1.847589760899981,1.9651703444456416,-0.1175805835456607,0.0,0.0,0.0,0.0,0.0,0.0,4.8,6.8,-2.0,4.8,6.8,-2.0,0.68,0.48,20,32,35,1,118.0,892
mnist,alpha0p1,43,expert_prob,presence_prob,d78a0dac27b97e4e,23232abf198ecd1a,/home/roi/PycharmProjects/KD_v5/OUTPUTS/article1_v3/results_baseline.csv,/home/roi/PycharmProjects/KD_v5/OUTPUTS/article1_v3/results_presence.csv,0.9857,0.9811,0.0046000000000000485,0.0545604023094289,0.0640809692252427,-0.009520566915813801,0.9969,0.9944,0.0025000000000000577,0.7378472888800105,0.8976461422727822,-0.15979885339277167,1.7145826007527365,1.87151575055538,-0.1569331498026436,0.0,0.0,0.0,0.0,0.0,0.0,3.3,5.0,-1.7000000000000002,3.3,5.0,-1.7000000000000002,0.5,0.33,17,50,54,1,117.0,1102
mnist,alpha0p1,44,expert_prob,presence_prob,cc4acf0198322c91,ddbd314a10793051,/home/roi/PycharmProjects/KD_v5/OUTPUTS/article1_v3/results_baseline.csv,/home/roi/PycharmProjects/KD_v5/OUTPUTS/article1_v3/results_presence.csv,0.9868,0.9841,0.0027000000000000357,0.0523772425275761,0.0531269822673872,-0.0007497397398111005,0.9984,0.996,0.0023999999999999577,0.6610174143662864,0.833028083607447,-0.1720106692411606,1.6167379445371357,1.8276485087074053,-0.21091056417026954,0.0,0.0,0.0,0.0,0.0,0.0,4.1,5.5,-1.4000000000000004,4.1,5.5,-1.4000000000000004,0.55,0.41,14,45,47,1,106.0,781
mnist,alpha0p5,42,expert_prob,presence_prob,f2209cbb09508377,a54c900bb8c71513,/home/roi/PycharmProjects/KD_v5/OUTPUTS/article1_v3/results_baseline.csv,/home/roi/PycharmProjects/KD_v5/OUTPUTS/article1_v3/results_presence.csv,0.9824,0.9751,0.007300000000000084,0.0602315281427116,0.0740211919175461,-0.013789663774834496,0.9878,0.9764,0.011399999999999966,0.8850633318569912,0.9944090220081632,-0.10934569015117201,1.8778632914633704,1.9529174589525229,-0.0750541674891525,0.0,0.0,0.0,0.0,0.0,0.0,7.3,9.6,-2.3,7.3,9.6,-2.3,0.96,0.73,23,4,4,3,71.0,935
mnist,alpha0p5,43,expert_prob,presence_prob,133745d7ef97778c,46a2684083bdfc46,/home/roi/PycharmProjects/KD_v5/OUTPUTS/article1_v3/results_baseline.csv,/home/roi/PycharmProjects/KD_v5/OUTPUTS/article1_v3/results_presence.csv,0.9783,0.9754,0.0028999999999999027,0.0737865501265972,0.0804436077259481,-0.006657057599350896,0.9877,0.983,0.0047000000000000375,0.929273865252314,1.0310054612421444,-0.10173159598983039,1.9099044552955828,1.9843705114176229,-0.07446605612204005,0.0,0.0,0.0,0.0,0.0,0.0,7.3,9.4,-2.1000000000000005,7.3,9.4,-2.1000000000000005,0.94,0.73,21,6,7,1,74.0,597
mnist,alpha0p5,44,expert_prob,presence_prob,23eaac99842b9e84,5d914a333007f99d,/home/roi/PycharmProjects/KD_v5/OUTPUTS/article1_v3/results_baseline.csv,/home/roi/PycharmProjects/KD_v5/OUTPUTS/article1_v3/results_presence.csv,0.9811,0.9784,0.0026999999999999247,0.056927057863865,0.0655260225135833,-0.008598964649718308,0.9895,0.9841,0.005400000000000071,0.9427594258179084,1.0404979724013708,-0.09773854658346237,1.9179372878608247,1.9867845451513464,-0.06884725729052166,0.0,0.0,0.0,0.0,0.0,0.0,7.6,9.6,-2.0,7.6,9.6,-2.0,0.96,0.76,20,4,5,1,87.5,507
mnist,alpha1p0,42,expert_prob,presence_prob,1d5cb3fb595a35f8,7e7e1fca6df01849,/home/roi/PycharmProjects/KD_v5/OUTPUTS/article1_v3/results_baseline.csv,/home/roi/PycharmProjects/KD_v5/OUTPUTS/article1_v3/results_presence.csv,0.9822,0.9802,0.0020000000000000018,0.0541155442069284,0.0602755610270425,-0.006160016820114099,0.9851,0.9798,0.005299999999999971,0.9382436737286832,0.990416299200742,-0.05217262547205881,1.9163172813674605,1.952237828492988,-0.0359205471255275,0.0,0.0,0.0,0.0,0.0,0.0,8.5,10.0,-1.5,8.5,9.999999999999998,-1.4999999999999982,1.0,0.85,15,0,0,1,91.0,431
mnist,alpha1p0,43,expert_prob,presence_prob,79c4344e2806e503,97195fcc42426b11,/home/roi/PycharmProjects/KD_v5/OUTPUTS/article1_v3/results_baseline.csv,/home/roi/PycharmProjects/KD_v5/OUTPUTS/article1_v3/results_presence.csv,0.9816,0.9803,0.0013000000000000789,0.0574251182818785,0.0604104793943464,-0.002985361112467902,0.9871,0.9838,0.0032999999999999696,0.9909180253030828,1.036240807769066,-0.04532278246598309,1.9589615857390208,1.985116665284715,-0.026155079545694182,0.0,0.0,0.0,0.0,0.0,0.0,8.7,9.9,-1.200000000000001,8.7,9.9,-1.200000000000001,0.99,0.87,12,1,2,10,82.0,503
mnist,alpha1p0,44,expert_prob,presence_prob,18a721009ab5f2f6,b2e0f36a83d3a093,/home/roi/PycharmProjects/KD_v5/OUTPUTS/article1_v3/results_baseline.csv,/home/roi/PycharmProjects/KD_v5/OUTPUTS/article1_v3/results_presence.csv,0.983,0.9825,0.0004999999999999449,0.0505428141423733,0.0547011967492522,-0.004158382606878903,0.9892,0.985,0.0041999999999999815,0.8223100100957554,0.8925601403309483,-0.07025013023519289,1.8129297105787832,1.871885072420878,-0.05895536184209482,0.0,0.0,0.0,0.0,0.0,0.0,8.3,10.0,-1.6999999999999993,8.3,9.999999999999998,-1.6999999999999975,1.0,0.83,17,0,1,5,109.0,468
mnist,iid,42,expert_prob,presence_prob,9bc82c354ac078be,7e475900f034ef1d,/home/roi/PycharmProjects/KD_v5/OUTPUTS/article1_v3/results_baseline.csv,/home/roi/PycharmProjects/KD_v5/OUTPUTS/article1_v3/results_presence.csv,0.9845,0.9845,0.0,0.0474863140608649,0.0474863140608649,0.0,0.9848,0.9848,0.0,0.8118604848879594,0.8118604848879594,0.0,1.7897930057201752,1.7897930057201752,0.0,0.0,0.0,0.0,0.0,0.0,0.0,10.0,10.0,0.0,9.999999999999998,9.999999999999998,0.0,1.0,1.0,0,0,0,88,99.0,115
mnist,iid,43,expert_prob,presence_prob,a32a4765a0f13177,509e592cb96dfa9d,/home/roi/PycharmProjects/KD_v5/OUTPUTS/article1_v3/results_baseline.csv,/home/roi/PycharmProjects/KD_v5/OUTPUTS/article1_v3/results_presence.csv,0.9829,0.9829,0.0,0.0555206500307656,0.0560070911148563,-0.00048644108409069686,0.9856,0.9851,0.000500000000000056,0.9014819640587476,0.9055659569192888,-0.004083992860541175,1.8796829777930824,1.883701675892269,-0.004018698099186535,0.0,0.0,0.0,0.0,0.0,0.0,9.8,10.0,-0.1999999999999993,9.8,9.999999999999998,-0.1999999999999975,1.0,0.98,2,0,0,88,99.0,115
mnist,iid,44,expert_prob,presence_prob,ed9d70c5453f65bd,3c6064b96d274888,/home/roi/PycharmProjects/KD_v5/OUTPUTS/article1_v3/results_baseline.csv,/home/roi/PycharmProjects/KD_v5/OUTPUTS/article1_v3/results_presence.csv,0.9853,0.9853,0.0,0.0466789696703665,0.0466789696703665,0.0,0.9867,0.9867,0.0,0.8286048743596872,0.8286048743596872,0.0,1.8083692594210632,1.8083692594210632,0.0,0.0,0.0,0.0,0.0,0.0,0.0,10.0,10.0,0.0,9.999999999999998,9.999999999999998,0.0,1.0,1.0,0,0,0,88,99.0,115
mnist,multi,42,expert_prob,presence_prob,d2eabc31aba5005e,40b6bbe423a77067,/home/roi/PycharmProjects/KD_v5/OUTPUTS/article1_v3/results_baseline.csv,/home/roi/PycharmProjects/KD_v5/OUTPUTS/article1_v3/results_presence.csv,0.988,0.988,0.0,0.117843687046488,0.117843687046488,0.0,0.9978,0.9978,0.0,0.1657755963507904,0.1657755963507904,0.0,0.5068018765760975,0.5068018765760975,0.0,0.0,0.0,0.0,0.0,0.0,0.0,2.0,2.0,0.0,2.0,2.0,0.0,0.2,0.2,0,80,80,442,493.5,574
mnist,multi,43,expert_prob,presence_prob,d42eca86862ebedd,18b3fb0af745b015,/home/roi/PycharmProjects/KD_v5/OUTPUTS/article1_v3/results_baseline.csv,/home/roi/PycharmProjects/KD_v5/OUTPUTS/article1_v3/results_presence.csv,0.989,0.989,0.0,0.0986586462804407,0.0986586462804407,0.0,0.9982,0.9982,0.0,0.1555451717904961,0.1555451717904961,0.0,0.4927948894386776,0.4927948894386776,0.0,0.0,0.0,0.0,0.0,0.0,0.0,2.0,2.0,0.0,2.0,2.0,0.0,0.2,0.2,0,80,80,442,493.5,574
mnist,multi,44,expert_prob,presence_prob,514513f25daa1b3d,e983504f18f52afe,/home/roi/PycharmProjects/KD_v5/OUTPUTS/article1_v3/results_baseline.csv,/home/roi/PycharmProjects/KD_v5/OUTPUTS/article1_v3/results_presence.csv,0.987,0.987,0.0,0.1306410345173557,0.1306410345173557,0.0,0.9981,0.9981,0.0,0.1308013064927663,0.1308013064927663,0.0,0.4386234762197089,0.4386234762197089,0.0,0.0,0.0,0.0,0.0,0.0,0.0,2.0,2.0,0.0,2.0,2.0,0.0,0.2,0.2,0,80,80,442,493.5,574
mnist,single,42,expert_prob,presence_prob,9cf5cccd877e965c,67a7d1f7e10ac3c3,/home/roi/PycharmProjects/KD_v5/OUTPUTS/article1_v3/results_baseline.csv,/home/roi/PycharmProjects/KD_v5/OUTPUTS/article1_v3/results_presence.csv,0.9854,0.9854,0.0,0.3139423278145216,0.3139423278145216,0.0,1.0,1.0,0.0,3.748534233606741e-06,3.748534233606741e-06,0.0,4.823978562574781e-05,4.823978562574781e-05,0.0,0.0,0.0,0.0,0.0,0.0,0.0,1.0,1.0,0.0,1.0,1.0,0.0,0.1,0.1,0,90,90,884,987.5,1148
mnist,single,43,expert_prob,presence_prob,27fb114f3b7d7acc,de5faf7980bb48ae,/home/roi/PycharmProjects/KD_v5/OUTPUTS/article1_v3/results_baseline.csv,/home/roi/PycharmProjects/KD_v5/OUTPUTS/article1_v3/results_presence.csv,0.988,0.988,0.0,0.265626294890065,0.265626294890065,0.0,1.0,1.0,0.0,3.0393702503162515e-06,3.0393702503162515e-06,0.0,4.04892151595722e-05,4.04892151595722e-05,0.0,0.0,0.0,0.0,0.0,0.0,0.0,1.0,1.0,0.0,1.0,1.0,0.0,0.1,0.1,0,90,90,884,987.5,1148
mnist,single,44,expert_prob,presence_prob,0c88e9d2da5109c1,02cae6f369972180,/home/roi/PycharmProjects/KD_v5/OUTPUTS/article1_v3/results_baseline.csv,/home/roi/PycharmProjects/KD_v5/OUTPUTS/article1_v3/results_presence.csv,0.9877,0.9877,0.0,0.3314238826915592,0.3314238826915592,0.0,1.0,1.0,0.0,1.76922698566619e-06,1.76922698566619e-06,0.0,2.450097363089091e-05,2.450097363089091e-05,0.0,0.0,0.0,0.0,0.0,0.0,0.0,1.0,1.0,0.0,1.0,1.0,0.0,0.1,0.1,0,90,90,884,987.5,1148
