dataset,regime,seed,left,right,run_id_left,run_id_right,input_file_left,input_file_right,student_test_accuracy_left,student_test_accuracy_right,delta_student_test_accuracy,student_test_nll_left,student_test_nll_right,delta_student_test_nll,target_accuracy_left,target_accuracy_right,delta_target_accuracy,target_nll_left,target_nll_right,delta_target_nll,target_entropy_left,target_entropy_right,delta_target_entropy,fallback_count_left,fallback_count_right,delta_fallback_count,fallback_rate_left,fallback_rate_right,delta_fallback_rate,mean_selected_teachers_left,mean_selected_teachers_right,delta_mean_selected_teachers,effective_teachers_left,effective_teachers_right,delta_effective_teachers
cifar,alpha0p1,42,feddf_prob,feddf_logit,a9de3e3fa5f06018,d650066873623ff7,/home/roi/PycharmProjects/KD_v5/OUTPUTS/article1_v3/results_baseline.csv,/home/roi/PycharmProjects/KD_v5/OUTPUTS/article1_v3/results_baseline.csv,0.3653,0.2319,0.13340000000000002,1.8135118171691893,2.561540500640869,-0.7480286834716798,0.4307,0.2639,0.1668,1.979957070068027,2.1017735786204854,-0.12181650855245851,2.259694693225501,2.266241273697546,-0.006546580472044816,0.0,0.0,0.0,0.0,0.0,0.0,10.0,10.0,0.0,9.999999999999998,9.999999999999998,0.0
cifar,alpha0p1,43,feddf_prob,feddf_logit,16fbdea328414ca8,e6d006cfc727d3f5,/home/roi/PycharmProjects/KD_v5/OUTPUTS/article1_v3/results_baseline.csv,/home/roi/PycharmProjects/KD_v5/OUTPUTS/article1_v3/results_baseline.csv,0.5193,0.3844,0.13489999999999996,1.310298741722107,1.7341556615829468,-0.42385691986083973,0.5436,0.3976,0.14599999999999996,1.928491496105181,2.060180525846457,-0.13168902974127605,2.255948474961182,2.273506647496911,-0.017558172535729,0.0,0.0,0.0,0.0,0.0,0.0,10.0,10.0,0.0,9.999999999999998,9.999999999999998,0.0
cifar,alpha0p1,44,feddf_prob,feddf_logit,be2a4d0042b5c205,c0f913d03f085f88,/home/roi/PycharmProjects/KD_v5/OUTPUTS/article1_v3/results_baseline.csv,/home/roi/PycharmProjects/KD_v5/OUTPUTS/article1_v3/results_baseline.csv,0.5498,0.4418,0.10799999999999993,1.2852645374298095,1.890162203788757,-0.6048976663589476,0.5876,0.4451,0.14250000000000002,1.8821623226799489,2.0243186959823984,-0.14215637330244957,2.248885383450275,2.264741858096389,-0.01585647464611384,0.0,0.0,0.0,0.0,0.0,0.0,10.0,10.0,0.0,9.999999999999998,9.999999999999998,0.0
cifar,alpha0p5,42,feddf_prob,feddf_logit,e8ebfd1b97838513,d0e835345f988a49,/home/roi/PycharmProjects/KD_v5/OUTPUTS/article1_v3/results_baseline.csv,/home/roi/PycharmProjects/KD_v5/OUTPUTS/article1_v3/results_baseline.csv,0.6758,0.6178,0.05799999999999994,0.9005568826675415,1.0466298574447632,-0.1460729747772217,0.708,0.6303,0.07769999999999999,1.7930206170764436,1.8307664241801267,-0.03774580710368314,2.2345380273410296,2.2380536237822533,-0.0035155964412236784,0.0,0.0,0.0,0.0,0.0,0.0,10.0,10.0,0.0,9.999999999999998,9.999999999999998,0.0
cifar,alpha0p5,43,feddf_prob,feddf_logit,97a3221726ba6a99,8ba70c907e4eeffa,/home/roi/PycharmProjects/KD_v5/OUTPUTS/article1_v3/results_baseline.csv,/home/roi/PycharmProjects/KD_v5/OUTPUTS/article1_v3/results_baseline.csv,0.6949,0.6637,0.031200000000000006,0.8666470393180847,0.9793743072509764,-0.11272726793289167,0.7203,0.6842,0.03610000000000002,1.782453391486718,1.8149324198295649,-0.03247902834284688,2.232264580027308,2.235627527087343,-0.0033629470600349265,0.0,0.0,0.0,0.0,0.0,0.0,10.0,10.0,0.0,9.999999999999998,9.999999999999998,0.0
cifar,alpha0p5,44,feddf_prob,feddf_logit,b7f165e8e2e18b64,1e9c8ccd1e771ac7,/home/roi/PycharmProjects/KD_v5/OUTPUTS/article1_v3/results_baseline.csv,/home/roi/PycharmProjects/KD_v5/OUTPUTS/article1_v3/results_baseline.csv,0.6944,0.6774,0.017000000000000015,0.8972167292594909,0.9990643453598024,-0.10184761610031146,0.7418,0.6916,0.05020000000000002,1.7281793966554444,1.770816465576691,-0.042637068921246524,2.2192276479821222,2.223778595806841,-0.004550947824718765,0.0,0.0,0.0,0.0,0.0,0.0,10.0,10.0,0.0,9.999999999999998,9.999999999999998,0.0
cifar,alpha1p0,42,feddf_prob,feddf_logit,2857c6e300930494,6630d293af8401fd,/home/roi/PycharmProjects/KD_v5/OUTPUTS/article1_v3/results_baseline.csv,/home/roi/PycharmProjects/KD_v5/OUTPUTS/article1_v3/results_baseline.csv,0.7559,0.7383,0.01760000000000006,0.7122387742519378,0.7546076863765716,-0.042368912124633784,0.7935,0.7665,0.027000000000000024,1.571173702944407,1.5974883834991511,-0.026314680554744063,2.171959650650655,2.175681106875566,-0.003721456224911268,0.0,0.0,0.0,0.0,0.0,0.0,10.0,10.0,0.0,9.999999999999998,9.999999999999998,0.0
cifar,alpha1p0,43,feddf_prob,feddf_logit,91ad428d435968d6,f1e88c621a2262bb,/home/roi/PycharmProjects/KD_v5/OUTPUTS/article1_v3/results_baseline.csv,/home/roi/PycharmProjects/KD_v5/OUTPUTS/article1_v3/results_baseline.csv,0.7312,0.7243,0.006899999999999906,0.7610089792251586,0.7733401244163514,-0.012331145191192716,0.7539,0.7468,0.007099999999999995,1.721840387010635,1.7301636613387623,-0.008323274328127406,2.216283150209995,2.2172523786761653,-0.0009692284661704242,0.0,0.0,0.0,0.0,0.0,0.0,10.0,10.0,0.0,9.999999999999998,9.999999999999998,0.0
cifar,alpha1p0,44,feddf_prob,feddf_logit,029ecf7489812429,de546cca3eaa3408,/home/roi/PycharmProjects/KD_v5/OUTPUTS/article1_v3/results_baseline.csv,/home/roi/PycharmProjects/KD_v5/OUTPUTS/article1_v3/results_baseline.csv,0.7383,0.7221,0.016199999999999992,0.757378346824646,0.8069720258712768,-0.04959367904663081,0.7787,0.7531,0.025599999999999956,1.6707446908972052,1.684526653467324,-0.013781962570118766,2.2023163942818784,2.202816100170373,-0.0004997058884947947,0.0,0.0,0.0,0.0,0.0,0.0,10.0,10.0,0.0,9.999999999999998,9.999999999999998,0.0
cifar,iid,42,feddf_prob,feddf_logit,a00f0c26cb8bbcde,b0a9335fd8631103,/home/roi/PycharmProjects/KD_v5/OUTPUTS/article1_v3/results_baseline.csv,/home/roi/PycharmProjects/KD_v5/OUTPUTS/article1_v3/results_baseline.csv,0.7522,0.7503,0.0019000000000000128,0.7609709712982178,0.7584363522052765,0.0025346190929412815,0.7964,0.7953,0.0010999999999999899,1.5508668901104945,1.5488693710734205,0.0019975190370740137,2.162036171763306,2.159372890827451,0.0026632809358546616,0.0,0.0,0.0,0.0,0.0,0.0,10.0,10.0,0.0,9.999999999999998,9.999999999999998,0.0
cifar,iid,43,feddf_prob,feddf_logit,e87c11f117ac21ff,66b66282ed861eb0,/home/roi/PycharmProjects/KD_v5/OUTPUTS/article1_v3/results_baseline.csv,/home/roi/PycharmProjects/KD_v5/OUTPUTS/article1_v3/results_baseline.csv,0.7615,0.7569,0.0045999999999999375,0.6973574625968934,0.6968411563873291,0.0005163062095642212,0.7827,0.7816,0.0010999999999999899,1.5913698524649196,1.5924936018916662,-0.0011237494267466452,2.1760931220498123,2.174438754065124,0.0016543679846883208,0.0,0.0,0.0,0.0,0.0,0.0,10.0,10.0,0.0,9.999999999999998,9.999999999999998,0.0
cifar,iid,44,feddf_prob,feddf_logit,fa2bcb5db7319c76,04de2951944865c5,/home/roi/PycharmProjects/KD_v5/OUTPUTS/article1_v3/results_baseline.csv,/home/roi/PycharmProjects/KD_v5/OUTPUTS/article1_v3/results_baseline.csv,0.7471,0.7491,-0.0020000000000000018,0.7422387187004089,0.7432672451972961,-0.0010285264968872276,0.7951,0.7923,0.0028000000000000247,1.6115981178102532,1.6108557450833247,0.000742372726928453,2.1841124427676046,2.182206690832577,0.001905751935027844,0.0,0.0,0.0,0.0,0.0,0.0,10.0,10.0,0.0,9.999999999999998,9.999999999999998,0.0
cifar,multi,42,feddf_prob,feddf_logit,faf19ceb1b28e46e,2b1f3cf2af74e691,/home/roi/PycharmProjects/KD_v5/OUTPUTS/article1_v3/results_baseline.csv,/home/roi/PycharmProjects/KD_v5/OUTPUTS/article1_v3/results_baseline.csv,0.5142,0.4399,0.07429999999999998,1.4455529586791993,1.7961317916870116,-0.35057883300781234,0.5249,0.4292,0.09570000000000001,2.063125837837762,2.2041199782962657,-0.14099414045850356,2.2824704548036423,2.298526466647272,-0.01605601184362948,0.0,0.0,0.0,0.0,0.0,0.0,10.0,10.0,0.0,9.999999999999998,9.999999999999998,0.0
cifar,multi,43,feddf_prob,feddf_logit,713d6b6a6dec828d,a622d7f9909526f2,/home/roi/PycharmProjects/KD_v5/OUTPUTS/article1_v3/results_baseline.csv,/home/roi/PycharmProjects/KD_v5/OUTPUTS/article1_v3/results_baseline.csv,0.423,0.2872,0.13579999999999998,1.660233941078186,2.0600147983551027,-0.3997808572769168,0.4504,0.3223,0.12810000000000005,2.090846723859656,2.217719190511478,-0.12687246665182172,2.282941970565186,2.295768151385477,-0.012826180820290745,0.0,0.0,0.0,0.0,0.0,0.0,10.0,10.0,0.0,9.999999999999998,9.999999999999998,0.0
cifar,multi,44,feddf_prob,feddf_logit,b37afb16cfc0a581,8cd7927a762a1601,/home/roi/PycharmProjects/KD_v5/OUTPUTS/article1_v3/results_baseline.csv,/home/roi/PycharmProjects/KD_v5/OUTPUTS/article1_v3/results_baseline.csv,0.5097,0.378,0.13170000000000004,1.3987098165512084,1.842877778625488,-0.44416796207427955,0.5172,0.3952,0.122,2.051875850729945,2.204121283243258,-0.1522454325133129,2.280152903554469,2.2974821187078414,-0.017329215153372157,0.0,0.0,0.0,0.0,0.0,0.0,10.0,10.0,0.0,9.999999999999998,9.999999999999998,0.0
cifar,single,42,feddf_prob,feddf_logit,dcc1cd8b8d9e76db,5d961fd8d996b192,/home/roi/PycharmProjects/KD_v5/OUTPUTS/article1_v3/results_baseline.csv,/home/roi/PycharmProjects/KD_v5/OUTPUTS/article1_v3/results_baseline.csv,0.0844,0.0834,0.0010000000000000009,2.788810957336426,3.129751706314087,-0.340940748977661,0.0861,0.0789,0.007199999999999998,2.319675674428428,2.3285264305424813,-0.008850756114053393,2.2964527709495712,2.294809425052991,0.0016433458965803283,0.0,0.0,0.0,0.0,0.0,0.0,10.0,10.0,0.0,9.999999999999998,9.999999999999998,0.0
cifar,single,43,feddf_prob,feddf_logit,30fad745b10be4d3,016e17606ae032ce,/home/roi/PycharmProjects/KD_v5/OUTPUTS/article1_v3/results_baseline.csv,/home/roi/PycharmProjects/KD_v5/OUTPUTS/article1_v3/results_baseline.csv,0.1064,0.1192,-0.012800000000000006,2.540905977630615,2.49973550491333,0.04117047271728502,0.1092,0.1122,-0.002999999999999989,2.306377824902013,2.309190689438218,-0.0028128645362053284,2.298976523619168,2.300282550086995,-0.0013060264678266265,0.0,0.0,0.0,0.0,0.0,0.0,10.0,10.0,0.0,9.999999999999998,9.999999999999998,0.0
cifar,single,44,feddf_prob,feddf_logit,b60b5aaedfc63c0a,a77ff94eb714a10b,/home/roi/PycharmProjects/KD_v5/OUTPUTS/article1_v3/results_baseline.csv,/home/roi/PycharmProjects/KD_v5/OUTPUTS/article1_v3/results_baseline.csv,0.0934,0.0936,-0.00020000000000000573,2.508219227600098,2.4262913650512696,0.08192786254882822,0.0945,0.1011,-0.006599999999999995,2.3081798857859765,2.304437659988671,0.003742225797305654,2.298857668166936,2.3007186240084168,-0.001860955841480827,0.0,0.0,0.0,0.0,0.0,0.0,10.0,10.0,0.0,9.999999999999998,9.999999999999998,0.0
fmnist,alpha0p1,42,feddf_prob,feddf_logit,d9e89fd40a0db3ea,eaad1c21866e0c07,/home/roi/PycharmProjects/KD_v5/OUTPUTS/article1_v3/results_baseline.csv,/home/roi/PycharmProjects/KD_v5/OUTPUTS/article1_v3/results_baseline.csv,0.4799,0.3887,0.0912,1.2675213376998902,3.241305366516113,-1.973784028816223,0.5249,0.3957,0.12920000000000004,1.5635469043124448,1.8209750386768253,-0.2574281343643805,2.121057959195118,2.1612216791363275,-0.040163719941209486,0.0,0.0,0.0,0.0,0.0,0.0,10.0,10.0,0.0,9.999999999999998,9.999999999999998,0.0
fmnist,alpha0p1,43,feddf_prob,feddf_logit,0f339439e469a9ed,c01e14c52eb9457b,/home/roi/PycharmProjects/KD_v5/OUTPUTS/article1_v3/results_baseline.csv,/home/roi/PycharmProjects/KD_v5/OUTPUTS/article1_v3/results_baseline.csv,0.699,0.6101,0.08889999999999998,0.8512351243972779,1.1971780921936035,-0.3459429677963256,0.7327,0.6615,0.07120000000000004,1.569219488744456,1.75644935072037,-0.18722986197591407,2.1718788289751187,2.221673031184081,-0.04979420220896236,0.0,0.0,0.0,0.0,0.0,0.0,10.0,10.0,0.0,9.999999999999998,9.999999999999998,0.0
fmnist,alpha0p1,44,feddf_prob,feddf_logit,ca21d7e1641c3b6d,411b30d625d92426,/home/roi/PycharmProjects/KD_v5/OUTPUTS/article1_v3/results_baseline.csv,/home/roi/PycharmProjects/KD_v5/OUTPUTS/article1_v3/results_baseline.csv,0.7625,0.6545,0.10799999999999998,0.6539599994659424,0.94419387550354,-0.29023387603759754,0.7907,0.6686,0.12209999999999999,1.506705087794878,1.6905627146345308,-0.1838576268396528,2.154498787995853,2.206651445576111,-0.05215265758025822,0.0,0.0,0.0,0.0,0.0,0.0,10.0,10.0,0.0,9.999999999999998,9.999999999999998,0.0
fmnist,alpha0p5,42,feddf_prob,feddf_logit,75df60423010f895,4de4a759c90872f0,/home/roi/PycharmProjects/KD_v5/OUTPUTS/article1_v3/results_baseline.csv,/home/roi/PycharmProjects/KD_v5/OUTPUTS/article1_v3/results_baseline.csv,0.8513,0.8455,0.005799999999999916,0.4102019186735153,0.4410058173179626,-0.030803898644447325,0.8769,0.8664,0.010500000000000065,1.2765315370811252,1.2878403963193197,-0.011308859238194469,2.056588314798865,2.0444337554961103,0.012154559302754553,0.0,0.0,0.0,0.0,0.0,0.0,10.0,10.0,0.0,9.999999999999998,9.999999999999998,0.0
fmnist,alpha0p5,43,feddf_prob,feddf_logit,925a59ea8d0143c2,f3bc3d7e5cbb4acb,/home/roi/PycharmProjects/KD_v5/OUTPUTS/article1_v3/results_baseline.csv,/home/roi/PycharmProjects/KD_v5/OUTPUTS/article1_v3/results_baseline.csv,0.8684,0.8629,0.005499999999999949,0.3619626990556717,0.378203005695343,-0.016240306639671298,0.8867,0.8803,0.006400000000000072,1.2733308997321084,1.2880715257369308,-0.0147406260048224,2.0601324374825296,2.0524082583543537,0.007724179128175912,0.0,0.0,0.0,0.0,0.0,0.0,10.0,10.0,0.0,9.999999999999998,9.999999999999998,0.0
fmnist,alpha0p5,44,feddf_prob,feddf_logit,bd30161cf5b0aeaf,5ac7898abb301455,/home/roi/PycharmProjects/KD_v5/OUTPUTS/article1_v3/results_baseline.csv,/home/roi/PycharmProjects/KD_v5/OUTPUTS/article1_v3/results_baseline.csv,0.8528,0.8395,0.013299999999999979,0.4227892777442932,0.4584830131530761,-0.0356937354087829,0.8627,0.8517,0.01100000000000001,1.2003459449618288,1.2028635256628302,-0.0025175807010013873,2.0020325358031745,1.9853486596083432,0.01668387619483136,0.0,0.0,0.0,0.0,0.0,0.0,10.0,10.0,0.0,9.999999999999998,9.999999999999998,0.0
fmnist,alpha1p0,42,feddf_prob,feddf_logit,d42d35c0a068f3dc,749fed178afa09e1,/home/roi/PycharmProjects/KD_v5/OUTPUTS/article1_v3/results_baseline.csv,/home/roi/PycharmProjects/KD_v5/OUTPUTS/article1_v3/results_baseline.csv,0.8769,0.8742,0.0027000000000000357,0.3590002907991409,0.3687738227367401,-0.009773531937599167,0.8909,0.8905,0.00040000000000006697,1.1833412825486465,1.1794050091568742,0.003936273391772271,2.003996660100352,1.9909285080461705,0.013068152054181548,0.0,0.0,0.0,0.0,0.0,0.0,10.0,10.0,0.0,9.999999999999998,9.999999999999998,0.0
fmnist,alpha1p0,43,feddf_prob,feddf_logit,23f187a69efd33f6,e104a8552b32d4ad,/home/roi/PycharmProjects/KD_v5/OUTPUTS/article1_v3/results_baseline.csv,/home/roi/PycharmProjects/KD_v5/OUTPUTS/article1_v3/results_baseline.csv,0.876,0.8519,0.02410000000000001,0.3535811014652252,0.4161886858463287,-0.06260758438110348,0.8955,0.8746,0.02089999999999992,1.1331556632232969,1.1307147685757917,0.0024408946475051874,1.9638368892344984,1.9380246384632287,0.025812250771269696,0.0,0.0,0.0,0.0,0.0,0.0,10.0,10.0,0.0,9.999999999999998,9.999999999999998,0.0
fmnist,alpha1p0,44,feddf_prob,feddf_logit,804cc87340de6597,f7567aeb7e842b49,/home/roi/PycharmProjects/KD_v5/OUTPUTS/article1_v3/results_baseline.csv,/home/roi/PycharmProjects/KD_v5/OUTPUTS/article1_v3/results_baseline.csv,0.88,0.8802,-0.00019999999999997797,0.3470136012077331,0.3507755892753601,-0.003761988067627009,0.8907,0.89,0.0007000000000000339,1.0864310361209206,1.0744925311058202,0.011938505015100409,1.9172713476462653,1.8956830222706835,0.02158832537558175,0.0,0.0,0.0,0.0,0.0,0.0,10.0,10.0,0.0,9.999999999999998,9.999999999999998,0.0
fmnist,iid,42,feddf_prob,feddf_logit,37c69faf67040e53,f4fb2218d388dced,/home/roi/PycharmProjects/KD_v5/OUTPUTS/article1_v3/results_baseline.csv,/home/roi/PycharmProjects/KD_v5/OUTPUTS/article1_v3/results_baseline.csv,0.889,0.8895,-0.0004999999999999449,0.3474234825372695,0.3444983666181564,0.002925115919113097,0.905,0.9029,0.0020999999999999908,1.0158217554505784,0.9988370694247874,0.01698468602579095,1.863078003278348,1.8341072542782708,0.028970749000077234,0.0,0.0,0.0,0.0,0.0,0.0,10.0,10.0,0.0,9.999999999999998,9.999999999999998,0.0
fmnist,iid,43,feddf_prob,feddf_logit,e3ce02e81a31102c,14d0015b3f9f9051,/home/roi/PycharmProjects/KD_v5/OUTPUTS/article1_v3/results_baseline.csv,/home/roi/PycharmProjects/KD_v5/OUTPUTS/article1_v3/results_baseline.csv,0.888,0.8887,-0.0007000000000000339,0.3618016066551208,0.3623528841257095,-0.0005512774705886958,0.9057,0.9055,0.00019999999999997797,0.947973109436022,0.9291063477424109,0.018866761693611123,1.7872309007607847,1.7514116926059735,0.03581920815481121,0.0,0.0,0.0,0.0,0.0,0.0,10.0,10.0,0.0,9.999999999999998,9.999999999999998,0.0
fmnist,iid,44,feddf_prob,feddf_logit,bfbd813f77ac3bed,43f9dab37ad9198d,/home/roi/PycharmProjects/KD_v5/OUTPUTS/article1_v3/results_baseline.csv,/home/roi/PycharmProjects/KD_v5/OUTPUTS/article1_v3/results_baseline.csv,0.8852,0.8849,0.00029999999999996696,0.3307384666800499,0.3328397986531257,-0.0021013319730757707,0.8992,0.8984,0.0008000000000000229,1.045781610244268,1.0309083951026154,0.01487321514165263,1.8869574781419425,1.8644291578816548,0.022528320260287726,0.0,0.0,0.0,0.0,0.0,0.0,10.0,10.0,0.0,9.999999999999998,9.999999999999998,0.0
fmnist,multi,42,feddf_prob,feddf_logit,e1ac67186c293ec6,c518d5d5d782684b,/home/roi/PycharmProjects/KD_v5/OUTPUTS/article1_v3/results_baseline.csv,/home/roi/PycharmProjects/KD_v5/OUTPUTS/article1_v3/results_baseline.csv,0.3544,0.2045,0.1499,1.8199774547576903,6.554081993103027,-4.734104538345337,0.3783,0.2034,0.17490000000000003,1.7048461709541036,2.0968088235182814,-0.3919626525641777,1.9881008076941005,2.065095956622437,-0.0769951489283367,0.0,0.0,0.0,0.0,0.0,0.0,10.0,10.0,0.0,9.999999999999998,9.999999999999998,0.0
fmnist,multi,43,feddf_prob,feddf_logit,c72caa26e20d2ceb,8cdc7a5ce2c46b0c,/home/roi/PycharmProjects/KD_v5/OUTPUTS/article1_v3/results_baseline.csv,/home/roi/PycharmProjects/KD_v5/OUTPUTS/article1_v3/results_baseline.csv,0.4219,0.2109,0.211,1.9147898292541503,6.331410443115234,-4.416620613861084,0.4437,0.2117,0.23199999999999998,1.7059682791639146,2.1088599905280185,-0.40289171136410395,1.9763150576650568,2.082319689360213,-0.10600463169515617,0.0,0.0,0.0,0.0,0.0,0.0,10.0,10.0,0.0,9.999999999999998,9.999999999999998,0.0
fmnist,multi,44,feddf_prob,feddf_logit,ec0dd92c67c94986,8b5619e1467492ea,/home/roi/PycharmProjects/KD_v5/OUTPUTS/article1_v3/results_baseline.csv,/home/roi/PycharmProjects/KD_v5/OUTPUTS/article1_v3/results_baseline.csv,0.3956,0.2,0.1956,1.9263315893173216,8.613065730285644,-6.686734140968323,0.4162,0.2006,0.2156,1.7163621466730372,2.2280514149901816,-0.5116892683171443,1.987301944193313,1.9637304452024733,0.023571498990839768,0.0,0.0,0.0,0.0,0.0,0.0,10.0,10.0,0.0,9.999999999999998,9.999999999999998,0.0
fmnist,single,42,feddf_prob,feddf_logit,44824a144c9525c5,bf43a7bbd0410f90,/home/roi/PycharmProjects/KD_v5/OUTPUTS/article1_v3/results_baseline.csv,/home/roi/PycharmProjects/KD_v5/OUTPUTS/article1_v3/results_baseline.csv,0.1,0.1,0.0,2.302585046005249,9.884842950439452,-7.582257904434203,0.1006,0.1,0.0005999999999999894,2.302581869384575,2.5309431267518665,-0.22836125736729151,2.302585092798063,2.125242305226468,0.17734278757159494,0.0,0.0,0.0,0.0,0.0,0.0,10.0,10.0,0.0,9.999999999999998,9.999999999999998,0.0
fmnist,single,43,feddf_prob,feddf_logit,b3da8b08e20abcef,c48ba5ab037c39aa,/home/roi/PycharmProjects/KD_v5/OUTPUTS/article1_v3/results_baseline.csv,/home/roi/PycharmProjects/KD_v5/OUTPUTS/article1_v3/results_baseline.csv,0.1,0.114,-0.013999999999999999,2.3025866592407227,7.666078952026367,-5.363492292785644,0.0996,0.1123,-0.012700000000000003,2.3025811179188023,2.524838727328719,-0.22225760940991668,2.302585092545105,2.1539295060092583,0.14865558653584676,0.0,0.0,0.0,0.0,0.0,0.0,10.0,10.0,0.0,9.999999999999998,9.999999999999998,0.0
fmnist,single,44,feddf_prob,feddf_logit,cd05b1f48ae157c4,084dd4c334767c68,/home/roi/PycharmProjects/KD_v5/OUTPUTS/article1_v3/results_baseline.csv,/home/roi/PycharmProjects/KD_v5/OUTPUTS/article1_v3/results_baseline.csv,0.1,0.0964,0.003600000000000006,2.302585038757324,7.572461312866211,-5.269876274108887,0.1193,0.0978,0.021500000000000005,2.302583151356476,2.504474913963897,-0.20189176260742103,2.302585092656829,2.1855847471412124,0.11700034551561656,0.0,0.0,0.0,0.0,0.0,0.0,10.0,10.0,0.0,9.999999999999998,9.999999999999998,0.0
mnist,alpha0p1,42,feddf_prob,feddf_logit,fd302b0cd1665f65,4211ab3ca951358a,/home/roi/PycharmProjects/KD_v5/OUTPUTS/article1_v3/results_baseline.csv,/home/roi/PycharmProjects/KD_v5/OUTPUTS/article1_v3/results_baseline.csv,0.9523,0.8872,0.06510000000000005,0.1549976515173912,0.3164773600339889,-0.1614797085165977,0.9587,0.902,0.05669999999999997,1.347947038557929,1.5202555506505115,-0.17230851209258247,2.133497227497572,2.1901112283467024,-0.056614000849130264,0.0,0.0,0.0,0.0,0.0,0.0,10.0,10.0,0.0,9.999999999999998,9.999999999999998,0.0
mnist,alpha0p1,43,feddf_prob,feddf_logit,d8c95f97b83b20e2,ceb53a4be583636f,/home/roi/PycharmProjects/KD_v5/OUTPUTS/article1_v3/results_baseline.csv,/home/roi/PycharmProjects/KD_v5/OUTPUTS/article1_v3/results_baseline.csv,0.7496,0.5264,0.22320000000000007,0.6544280901908874,1.4452292140960694,-0.790801123905182,0.7832,0.5635,0.2197,1.5484148248947085,1.7936861986048585,-0.24527137371014995,2.163384866805554,2.227001717364532,-0.06361685055897759,0.0,0.0,0.0,0.0,0.0,0.0,10.0,10.0,0.0,9.999999999999998,9.999999999999998,0.0
mnist,alpha0p1,44,feddf_prob,feddf_logit,088d73400827b025,63849b8e3a08d7b5,/home/roi/PycharmProjects/KD_v5/OUTPUTS/article1_v3/results_baseline.csv,/home/roi/PycharmProjects/KD_v5/OUTPUTS/article1_v3/results_baseline.csv,0.7989,0.6764,0.12250000000000005,0.5397906281471252,1.509930434417725,-0.9701398062705997,0.8193,0.6636,0.15570000000000006,1.4157085100353313,1.6750667206114958,-0.2593582105761645,2.1236259942226448,2.1764934988926963,-0.052867504670051524,0.0,0.0,0.0,0.0,0.0,0.0,10.0,10.0,0.0,9.999999999999998,9.999999999999998,0.0
mnist,alpha0p5,42,feddf_prob,feddf_logit,b4b9afcdf2ce45ad,3ebe95153b060ea6,/home/roi/PycharmProjects/KD_v5/OUTPUTS/article1_v3/results_baseline.csv,/home/roi/PycharmProjects/KD_v5/OUTPUTS/article1_v3/results_baseline.csv,0.9652,0.9484,0.016799999999999926,0.1012987575858831,0.1567255389899015,-0.055426781404018396,0.9651,0.945,0.020100000000000007,1.0336607028231273,1.0573363121172712,-0.023675609294143918,1.968591732504176,1.9643367401915908,0.004254992312585193,0.0,0.0,0.0,0.0,0.0,0.0,10.0,10.0,0.0,9.999999999999998,9.999999999999998,0.0
mnist,alpha0p5,43,feddf_prob,feddf_logit,46e623736124825c,b537f3f807cd423e,/home/roi/PycharmProjects/KD_v5/OUTPUTS/article1_v3/results_baseline.csv,/home/roi/PycharmProjects/KD_v5/OUTPUTS/article1_v3/results_baseline.csv,0.9717,0.9629,0.00880000000000003,0.094356145099923,0.120833153180778,-0.026477008080855,0.977,0.9681,0.008900000000000019,1.0887744289211416,1.1233103516234402,-0.03453592270229855,2.017307843631744,2.022539239078565,-0.00523139544682083,0.0,0.0,0.0,0.0,0.0,0.0,10.0,10.0,0.0,9.999999999999998,9.999999999999998,0.0
mnist,alpha0p5,44,feddf_prob,feddf_logit,975f282b321b9955,c4535b293e125477,/home/roi/PycharmProjects/KD_v5/OUTPUTS/article1_v3/results_baseline.csv,/home/roi/PycharmProjects/KD_v5/OUTPUTS/article1_v3/results_baseline.csv,0.9784,0.974,0.0044000000000000705,0.0684827811770141,0.0820990600779652,-0.013616278900951101,0.9807,0.9757,0.0050000000000000044,1.0786530695775514,1.1098532445938152,-0.03120017501626382,2.005504962912452,2.012823931906733,-0.007318968994280972,0.0,0.0,0.0,0.0,0.0,0.0,10.0,10.0,0.0,9.999999999999998,9.999999999999998,0.0
mnist,alpha1p0,42,feddf_prob,feddf_logit,5c63d62f03984ea2,9192ef45fa94bcf9,/home/roi/PycharmProjects/KD_v5/OUTPUTS/article1_v3/results_baseline.csv,/home/roi/PycharmProjects/KD_v5/OUTPUTS/article1_v3/results_baseline.csv,0.9802,0.98,0.00019999999999997797,0.0602755610270425,0.0630904607247561,-0.002814899697713605,0.9798,0.9788,0.0010000000000000009,0.990416299200742,0.9813913630329156,0.009024936167826403,1.952237828492988,1.9391811063993496,0.013056722093638395,0.0,0.0,0.0,0.0,0.0,0.0,10.0,10.0,0.0,9.999999999999998,9.999999999999998,0.0
mnist,alpha1p0,43,feddf_prob,feddf_logit,8c4fa8842348ecd4,7d8e412a1334f6e8,/home/roi/PycharmProjects/KD_v5/OUTPUTS/article1_v3/results_baseline.csv,/home/roi/PycharmProjects/KD_v5/OUTPUTS/article1_v3/results_baseline.csv,0.9804,0.9788,0.0016000000000000458,0.0613457520112395,0.0673803040608763,-0.006034552049636807,0.9831,0.9811,0.0020000000000000018,1.046221607227913,1.051459553931003,-0.0052379467030900795,1.990737391291048,1.9883081321307152,0.002429259160332764,0.0,0.0,0.0,0.0,0.0,0.0,10.0,10.0,0.0,9.999999999999998,9.999999999999998,0.0
mnist,alpha1p0,44,feddf_prob,feddf_logit,5e64c8c14ab55789,b98b982f9eafa6ec,/home/roi/PycharmProjects/KD_v5/OUTPUTS/article1_v3/results_baseline.csv,/home/roi/PycharmProjects/KD_v5/OUTPUTS/article1_v3/results_baseline.csv,0.9825,0.9816,0.0009000000000000119,0.0547011967492522,0.0554839780879439,-0.000782781338691696,0.985,0.9835,0.0014999999999999458,0.8925601403309483,0.8753794833159103,0.017180657015038014,1.871885072420878,1.8453333176079147,0.026551754812963235,0.0,0.0,0.0,0.0,0.0,0.0,10.0,10.0,0.0,9.999999999999998,9.999999999999998,0.0
mnist,iid,42,feddf_prob,feddf_logit,d87496c6477f8643,f3f7fcbb087554c7,/home/roi/PycharmProjects/KD_v5/OUTPUTS/article1_v3/results_baseline.csv,/home/roi/PycharmProjects/KD_v5/OUTPUTS/article1_v3/results_baseline.csv,0.9845,0.9843,0.000200000000000089,0.0474863140608649,0.0479586881102528,-0.0004723740493879011,0.9848,0.9849,-9.999999999998899e-05,0.8118604848879594,0.7973634101125794,0.014497074775379981,1.7897930057201752,1.7695377890375217,0.02025521668265351,0.0,0.0,0.0,0.0,0.0,0.0,10.0,10.0,0.0,9.999999999999998,9.999999999999998,0.0
mnist,iid,43,feddf_prob,feddf_logit,097f5357e99483a8,d1f768028cc2ff1c,/home/roi/PycharmProjects/KD_v5/OUTPUTS/article1_v3/results_baseline.csv,/home/roi/PycharmProjects/KD_v5/OUTPUTS/article1_v3/results_baseline.csv,0.9829,0.9819,0.0010000000000000009,0.0560070911148563,0.0576763676802627,-0.0016692765654063996,0.9851,0.9846,0.0004999999999999449,0.9055659569192888,0.895516835304938,0.010049121614350787,1.883701675892269,1.869721411942502,0.013980263949766814,0.0,0.0,0.0,0.0,0.0,0.0,10.0,10.0,0.0,9.999999999999998,9.999999999999998,0.0
mnist,iid,44,feddf_prob,feddf_logit,81b0e728d98d19c3,2cf8a9163a1164be,/home/roi/PycharmProjects/KD_v5/OUTPUTS/article1_v3/results_baseline.csv,/home/roi/PycharmProjects/KD_v5/OUTPUTS/article1_v3/results_baseline.csv,0.9853,0.9851,0.00019999999999997797,0.0466789696703665,0.0471153291281312,-0.0004363594577646984,0.9867,0.9865,0.00019999999999997797,0.8286048743596872,0.8109374887253868,0.01766738563430037,1.8083692594210632,1.7834773389514038,0.02489192046965938,0.0,0.0,0.0,0.0,0.0,0.0,10.0,10.0,0.0,9.999999999999998,9.999999999999998,0.0
mnist,multi,42,feddf_prob,feddf_logit,8dec28b0a6408e7b,0b3e5d3da2ed350d,/home/roi/PycharmProjects/KD_v5/OUTPUTS/article1_v3/results_baseline.csv,/home/roi/PycharmProjects/KD_v5/OUTPUTS/article1_v3/results_baseline.csv,0.5578,0.3714,0.18639999999999995,1.210960118675232,3.512506669616699,-2.301546550941467,0.5386,0.3655,0.17309999999999998,1.7345000106411097,2.038898037840996,-0.3043980271998865,2.1223098693457576,2.2152210106885,-0.09291114134274236,0.0,0.0,0.0,0.0,0.0,0.0,10.0,10.0,0.0,9.999999999999998,9.999999999999998,0.0
mnist,multi,43,feddf_prob,feddf_logit,d9c55f15b6267d0e,9e8473cb1ce51b76,/home/roi/PycharmProjects/KD_v5/OUTPUTS/article1_v3/results_baseline.csv,/home/roi/PycharmProjects/KD_v5/OUTPUTS/article1_v3/results_baseline.csv,0.5294,0.4373,0.09209999999999996,1.2059423419952393,3.679912533187866,-2.4739701911926266,0.5481,0.444,0.10410000000000003,1.7208819628004446,2.039108286103317,-0.3182263233028726,2.11520574080207,2.200876433971916,-0.08567069316984588,0.0,0.0,0.0,0.0,0.0,0.0,10.0,10.0,0.0,9.999999999999998,9.999999999999998,0.0
mnist,multi,44,feddf_prob,feddf_logit,63baf7db4eb05884,35fd882ad9198f17,/home/roi/PycharmProjects/KD_v5/OUTPUTS/article1_v3/results_baseline.csv,/home/roi/PycharmProjects/KD_v5/OUTPUTS/article1_v3/results_baseline.csv,0.5725,0.3899,0.18259999999999998,1.0897900736808777,3.283249951171875,-2.1934598774909975,0.5783,0.384,0.19430000000000003,1.7003228343757215,2.008113371330019,-0.3077905369542975,2.099789232797046,2.2161248796346045,-0.11633564683755848,0.0,0.0,0.0,0.0,0.0,0.0,10.0,10.0,0.0,9.999999999999998,9.999999999999998,0.0
mnist,single,42,feddf_prob,feddf_logit,3724fea623593e4e,27e537ba1de330d8,/home/roi/PycharmProjects/KD_v5/OUTPUTS/article1_v3/results_baseline.csv,/home/roi/PycharmProjects/KD_v5/OUTPUTS/article1_v3/results_baseline.csv,0.0974,0.1009,-0.003500000000000003,2.3025986099243165,8.955038143920898,-6.652439533996581,0.1001,0.1,9.999999999998899e-05,2.3025845393002795,2.4657241995633505,-0.16313966026307103,2.3025850927832083,2.1335115905692086,0.16907350221399975,0.0,0.0,0.0,0.0,0.0,0.0,10.0,10.0,0.0,9.999999999999998,9.999999999999998,0.0
mnist,single,43,feddf_prob,feddf_logit,7d7a470acc65a531,dbbe406688b425cb,/home/roi/PycharmProjects/KD_v5/OUTPUTS/article1_v3/results_baseline.csv,/home/roi/PycharmProjects/KD_v5/OUTPUTS/article1_v3/results_baseline.csv,0.1009,0.1028,-0.001899999999999999,2.302573348999023,5.32049330368042,-3.017919954681397,0.167,0.0999,0.0671,2.302584533791012,2.35097485436528,-0.0483903205742684,2.30258509294364,2.2450855787001425,0.05749951424349753,0.0,0.0,0.0,0.0,0.0,0.0,10.0,10.0,0.0,9.999999999999998,9.999999999999998,0.0
mnist,single,44,feddf_prob,feddf_logit,77fc3b9cf56a03d8,5c2e7760fffa79a1,/home/roi/PycharmProjects/KD_v5/OUTPUTS/article1_v3/results_baseline.csv,/home/roi/PycharmProjects/KD_v5/OUTPUTS/article1_v3/results_baseline.csv,0.1009,0.1028,-0.001899999999999999,2.302584172439575,4.36812208404541,-2.065537911605835,0.1011,0.1,0.0010999999999999899,2.3025837395795423,2.344334391191601,-0.04175065161205849,2.302585092887376,2.2666238556886737,0.03596123719870237,0.0,0.0,0.0,0.0,0.0,0.0,10.0,10.0,0.0,9.999999999999998,9.999999999999998,0.0
