run_id,valid,reason
a9de3e3fa5f06018,True,
b64a38c9c8e7fb27,True,
628816ccf6575c87,True,
00686f5118aeb695,True,
d650066873623ff7,True,
bb8cfa5cd29f2199,True,
70198bce1d864354,True,
fee8296ad0b5432a,True,
640c473b279cba58,True,
6538e442d6f29345,True,
f9a117fc96eb00c7,True,
4dc5010dc8c9e3f0,True,
86ca1aaa9aad7471,True,
6869eda71ce63e5e,True,
75a4a7e1221099e2,True,
ce30ff3f847b9f4e,True,
e966f350c7b8770c,True,
43b7a8f22cfffd32,True,
225e3548ce92366e,True,
16fbdea328414ca8,True,
1ada48c9639e6d5c,True,
a22684050910f5a4,True,
6afa9f7cfd9ff638,True,
e6d006cfc727d3f5,True,
3f0f1e59ff950c9e,True,
aacc2e9cbdfe6b39,True,
cffb23147110ff2a,True,
f4616d936370f02f,True,
636192297f453c5f,True,
34df435b05a7e6f0,True,
7f9048de5aab7286,True,
37ad822a7f1f62e0,True,
bd79103440c581e3,True,
f8d9267044e45c3b,True,
be2a4d0042b5c205,True,
37aeec9803de227f,True,
5fb791d5c3fdef20,True,
a8fe0a2ce6881868,True,
c0f913d03f085f88,True,
63dcce5f980f6033,True,
17a3b12ed320d59b,True,
62fac68a30ab80af,True,
9c42badf74541a9b,True,
135b677b080bf767,True,
0d55d4abf0a9e545,True,
1e6995945bc1d9f7,True,
6deda874bc51c9d6,True,
8b05c26c91f474a6,True,
587791d718ff4a92,True,
e8ebfd1b97838513,True,
1a5ec00c049ea18a,True,
313f884cd8366ccc,True,
5fc434b11f27e147,True,
d0e835345f988a49,True,
27dffcb093acc0f5,True,
90a9941ddd2f75b3,True,
dfcc3fe01062e5dc,True,
5ce600856a6236b5,True,
70fd45cb24397f9c,True,
240d20f2596b7a5a,True,
97a3221726ba6a99,True,
fcb2d6b803bea567,True,
649b5421aad84b2e,True,
1433645606357b07,True,
8ba70c907e4eeffa,True,
d056c98fd184e3c4,True,
d4038d5bcc2c6bc7,True,
b7f165e8e2e18b64,True,
43e1e8dbb73f2bc9,True,
9e2d1b32bfb5f99b,True,
bc97d7978a92757f,True,
1e9c8ccd1e771ac7,True,
12aa7bc5bfd8ca62,True,
a9472ad2cc94ab9b,True,
2857c6e300930494,True,
647850f543c3374a,True,
901f3616ed554925,True,
bd0b8b1cafbe0b59,True,
6630d293af8401fd,True,
74970e4ab28b3d1a,True,
57f49129c270c132,True,
a20013e877156625,True,
6f9f51738222250d,True,
78f7162f96a08885,True,
c0750a67a0c648c2,True,
91ad428d435968d6,True,
342176127b0855ce,True,
7b7ee002fd688e63,True,
188b73fd6991bb7b,True,
f1e88c621a2262bb,True,
009ad8beb224298c,True,
d8138bb4abcf6266,True,
029ecf7489812429,True,
3f9ec0095a44e2b6,True,
cf3b68f26236ee46,True,
976891d6ce61e4cc,True,
de546cca3eaa3408,True,
44d02313966295d1,True,
2e4606dd8c426730,True,
a00f0c26cb8bbcde,True,
b25818fe5626557a,True,
aadc4f910a8966d5,True,
c5960233e7e78787,True,
b0a9335fd8631103,True,
fda178d0340937a9,True,
da7b6ec3376d2c08,True,
54137279e4a9b224,True,
b94ba5ca2553bfc5,True,
8dfd89bf4b4933ff,True,
4e5b4a12f4ba5ae2,True,
7dbe0444b9602f86,True,
ee203208439b0a48,True,
9a081680d68fa9ae,True,
161c0fe2631b90d8,True,
d9da2a5101879d71,True,
ba00f4c40a49a340,True,
f24dd5ae67adc533,True,
3f9308c5c90c7986,True,
e87c11f117ac21ff,True,
732fa36ec846a6f7,True,
b91bf6f15b0520dd,True,
ebd4fe9dbb3a6e0a,True,
66b66282ed861eb0,True,
d7e3b9469fcd56bf,True,
54be8f024e49d19e,True,
f49202f7a420bfc2,True,
afeee36440d91f3c,True,
7a4195884a26de7f,True,
9fc4c32a614bef9f,True,
047c6e2197a1a64c,True,
efe6df193fed023b,True,
7a0eb7b37e441dbb,True,
1ebd8f4d0fe501e7,True,
fa2bcb5db7319c76,True,
f048d10da4d4f8c5,True,
6b6e54aac0100371,True,
98037d56541a91a1,True,
04de2951944865c5,True,
70c8cf0445c1420f,True,
2adfeaea012ffc17,True,
c418af63128e3e69,True,
85e3d7f32064152a,True,
0c0d42c1537f3b45,True,
410032b345b6a863,True,
3dbe23a4ca338222,True,
7566300fdf912b52,True,
8766ca11f94b72ba,True,
6ce4452f1aaab752,True,
faf19ceb1b28e46e,True,
e45d743ef17dcac0,True,
63cb0042b37a39fd,True,
8890e361e723bfaf,True,
2b1f3cf2af74e691,True,
dfcb4f0cd06f2dec,True,
d1edd9170634ba1b,True,
6973df2b8ea6cf7b,True,
7e45df5be148ac25,True,
8f0e304de29f7a95,True,
0740d6c5f42a7b19,True,
713d6b6a6dec828d,True,
cccf669675b00118,True,
792d725e8dad193e,True,
0ef3f2f21cd2a102,True,
a622d7f9909526f2,True,
319503d2be798cfb,True,
d8b07f6afc8b2393,True,
b37afb16cfc0a581,True,
c75c2a10a08cf2fd,True,
32eb9c6244b07d5b,True,
90b453e37aa2a237,True,
8cd7927a762a1601,True,
2da55c56165389a1,True,
1a7201a6e079cf25,True,
dcc1cd8b8d9e76db,True,
f384e4ed50945edc,True,
054560e06a5eca83,True,
a331dc9eabe1e5b8,True,
5d961fd8d996b192,True,
28bbd20b734ca0ba,True,
e2401c3829e09d4c,True,
c6d58c4fbb89382f,True,
2d4c87c3549f39e5,True,
6980750e1eab8bd2,True,
4c1b1349cb254c4d,True,
984463076ecb519c,True,
9f548f3ddab858f6,True,
1ff59df5538c42c7,True,
6daf0c166bb3b82e,True,
30fad745b10be4d3,True,
9d78cd505aef877c,True,
209815128fc8fe36,True,
d50362a1d4b30185,True,
016e17606ae032ce,True,
0ce85fdb9c38d1f1,True,
11467004afb982b8,True,
bd411a0f802bf1e8,True,
69288df85a676568,True,
66beffd34a6a9318,True,
a560cbbaf54822ed,True,
de7a87fcb6c144ff,True,
54c89137f10e0050,True,
be21ad0b8c065ad1,True,
d2303a6b1e21fff6,True,
b60b5aaedfc63c0a,True,
5284426a3da466ef,True,
9b17057e89931026,True,
5057abc673058bb2,True,
a77ff94eb714a10b,True,
c90017f9805aec2e,True,
64027772f152c5b6,True,
69bc90398f3a839f,True,
d761a8630e8726f6,True,
90d6a72f187e0e8a,True,
aa65a1b1b32e658c,True,
6e8a5f54c34916db,True,
c1cbf9571ae21ed1,True,
f3ceef25c58df1d3,True,
c5bd69e91022fa35,True,
d9e89fd40a0db3ea,True,
f003b578acbead11,True,
7445a77f2eaba59f,True,
d1f61114c058d464,True,
eaad1c21866e0c07,True,
ac79ecf816739412,True,
84aa3a7dc9c2fa76,True,
1f432e9bb4c8eb67,True,
39c61093264e6c1a,True,
ee4622118c8e53e8,True,
f40e6e8043575e58,True,
0f339439e469a9ed,True,
89b7a98af918a190,True,
347239177a9e6dfd,True,
6855966ae85d639d,True,
c01e14c52eb9457b,True,
5f6a723f7af6ec99,True,
9b78d8c0f7d0569d,True,
b13fe59f2f31a5f0,True,
f7e294c466c25e39,True,
d6936aa789a071ad,True,
23558ce568f1c4e4,True,
ca21d7e1641c3b6d,True,
0319b4e50dba203c,True,
4be9e2408b94c0cb,True,
454a77ebf6bf67c4,True,
411b30d625d92426,True,
926999dfb235a311,True,
72841014e5991ecc,True,
af0b30146e14b637,True,
20ae6273d8b37e91,True,
34370c2c97f0388b,True,
0889e00473932e47,True,
75df60423010f895,True,
a94e698fa3ce41b2,True,
edd7c54fe864b2a9,True,
eedbba9dd59308f4,True,
4de4a759c90872f0,True,
ea9bb8b624780129,True,
d2923696d94abde5,True,
f0e0cbef23719b6e,True,
9387030c8b6e5800,True,
e40b683092f7a593,True,
280ced8d1bc52389,True,
925a59ea8d0143c2,True,
a9382d7e110e1b4f,True,
e7bd87226c652046,True,
9309311bf9a7cb97,True,
f3bc3d7e5cbb4acb,True,
acac8afe47bf20bf,True,
f9ad89368e1ebfbc,True,
e6c7115bb24b0b52,True,
724ed55362593dba,True,
e47c4480a07b5646,True,
cbc6f4dd29e857bc,True,
bd30161cf5b0aeaf,True,
4fe5e732841bca5c,True,
d402586b0ab9b100,True,
c30f478ff960c420,True,
5ac7898abb301455,True,
b4cd97713252b444,True,
e3f2ee9eff0d2a99,True,
952697c72f522460,True,
fcd5dcee0205527f,True,
48e16bdef4ab6476,True,
a0f194882a8d40bb,True,
d42d35c0a068f3dc,True,
be206107d3b9963a,True,
e59b5e501645941b,True,
98b42d11fba448b5,True,
749fed178afa09e1,True,
3a0157dcfe5d2d3c,True,
fd4814060ce10ff3,True,
516de079fc06332d,True,
a60581bb57e69639,True,
08383971858ae044,True,
754bca3d55bc3082,True,
23f187a69efd33f6,True,
b98312a1293a366c,True,
3d73044bea5d30f8,True,
e972c097c653d5ce,True,
e104a8552b32d4ad,True,
88020e3423038857,True,
1f040ff6e65d29c0,True,
3ae5b947059bcdd6,True,
a3ba22be2422df85,True,
bbaf4389c6b58903,True,
9788965e02450ff0,True,
804cc87340de6597,True,
81815007cc97fb81,True,
e78d61971b9e4e5e,True,
cb0d9dd9731954d3,True,
f7567aeb7e842b49,True,
ed283616f9067e56,True,
8574d1f2101f2143,True,
781614785a653a4a,True,
ebff5650a046376a,True,
5b1f4f829a4a21c7,True,
eae4166c7df68b00,True,
37c69faf67040e53,True,
a893354e6047afe2,True,
6fa09ca35c17f60d,True,
9c0026a52c30a040,True,
f4fb2218d388dced,True,
c74227f7a462d768,True,
4f597cb6e165aa99,True,
ab0ddf392f1e4092,True,
dc84c98c4c03718e,True,
d7598cdd5cdbb6e7,True,
420de0cbac1edf5a,True,
e3ce02e81a31102c,True,
9f917542ec1bb40f,True,
58ba9d6b1437c74f,True,
0b049594ce1353e9,True,
14d0015b3f9f9051,True,
9ba41bf7e86421d9,True,
526ce8717d41c330,True,
42a8efc035fc8c25,True,
d1333cce5165256f,True,
75d22f7938affba4,True,
428a92403debe440,True,
bfbd813f77ac3bed,True,
fdee26de7f721f8c,True,
ddac7c41f6623345,True,
05e3d24c3760d4a4,True,
43f9dab37ad9198d,True,
17672c75c6ba8f26,True,
3dedc03a142bb4be,True,
bd3d0b2efa13e5d2,True,
afedbf8531f92b9a,True,
ef261a8a6b01fcd9,True,
abe009687c8920f8,True,
e1ac67186c293ec6,True,
1ae17f261134557f,True,
b5e386de593a3387,True,
8635fbed6b20214f,True,
c518d5d5d782684b,True,
ef23bcac577da509,True,
6e4cf9e2da9a1a3b,True,
58f434d7894607a6,True,
dc5084192a9e6ae3,True,
3b53c9c6b8894bd7,True,
10b9c24426be0877,True,
c72caa26e20d2ceb,True,
938891f0341da58b,True,
bcc8c81d85f2294b,True,
6501ab93d87857b0,True,
8cdc7a5ce2c46b0c,True,
551289fd4ceb7269,True,
168a82295893ed4c,True,
e7ae91326bd70e56,True,
f15ec469cc571c63,True,
999235d2e3bd1c38,True,
6f37b1c1500f8395,True,
ec0dd92c67c94986,True,
393db1feef47cf9d,True,
54850265efe0762c,True,
fa116c17331b2e03,True,
8b5619e1467492ea,True,
eeb7d4198c4a1924,True,
b3eb8fd52667825d,True,
2896b11b662c99b4,True,
def8c9282be8be99,True,
71a2217a99f9324d,True,
a1435b7bc88a4962,True,
44824a144c9525c5,True,
d167fc214edc5c68,True,
08eabbd992538a57,True,
1bf1869b242b152c,True,
bf43a7bbd0410f90,True,
917488946fe48e61,True,
5829e244613cfec4,True,
5540e70f316b3157,True,
ec59f8482e80c410,True,
99b441333e5bf3f5,True,
a516ba91508314af,True,
b3da8b08e20abcef,True,
e73aba17d579b084,True,
0d2bda7ebfd8f566,True,
1ba7b32f81110e9f,True,
c48ba5ab037c39aa,True,
09c178bb4ee615c5,True,
2f646cba63ac46ef,True,
fec5a40f26eec1d0,True,
ae7dc6816b60195d,True,
09d275ff7b023dc9,True,
40aa5475d2d98a37,True,
cd05b1f48ae157c4,True,
ab8e9ca45adc2256,True,
45d2e0d5b1a6931a,True,
40700dc4636bdaee,True,
084dd4c334767c68,True,
631932254a7a791e,True,
630e5c4fc6ca6778,True,
bdb763a84624b91b,True,
3a3a90c833fd947e,True,
79edd7ca6a5e54df,True,
465f8e36644c257d,True,
fd302b0cd1665f65,True,
d9427415fddfb7dc,True,
690075f851ef6b5b,True,
a70c36e629578fc0,True,
4211ab3ca951358a,True,
0425fb4bce2e031b,True,
53c0ccc232a56e7f,True,
6f4162cbf1b1bd10,True,
1081b63773e37f4b,True,
b35c3f55c399a313,True,
49ccc8f99d915a54,True,
d8c95f97b83b20e2,True,
d78a0dac27b97e4e,True,
25d33445f9cc1ca3,True,
6910d42687b1691c,True,
ceb53a4be583636f,True,
3d89c1aafe58ac69,True,
aa384a10c896f140,True,
075064b562201129,True,
e69d6e258cdddf29,True,
5b8931eb0c3f81c0,True,
23232abf198ecd1a,True,
088d73400827b025,True,
cc4acf0198322c91,True,
e667c3e35d84b7d8,True,
e8871b2f0749cfe9,True,
63849b8e3a08d7b5,True,
7970529beaeb8427,True,
aa03a0a2c9457356,True,
f8b59906945a3575,True,
406fc4f5298abbdc,True,
1ea6f18f70faee56,True,
ddbd314a10793051,True,
b4b9afcdf2ce45ad,True,
f2209cbb09508377,True,
96e0ae5947cac9f4,True,
01f3665db7c1b177,True,
3ebe95153b060ea6,True,
ff3e68157b637807,True,
232019a88b07f3cf,True,
5ba1d39afe10e4a1,True,
a428163f7663f38c,True,
f0bcde61d7afdc43,True,
a54c900bb8c71513,True,
46e623736124825c,True,
133745d7ef97778c,True,
3b70242bdc8a2540,True,
1dfe2d60f142f80d,True,
b537f3f807cd423e,True,
72d41d415809669c,True,
8f9075026165bdab,True,
02b6f070d4bf1f8c,True,
7ed0103ccf2afef7,True,
1f65aeb93a68d944,True,
46a2684083bdfc46,True,
975f282b321b9955,True,
23eaac99842b9e84,True,
0ebf35ce24c0ad53,True,
04083fd7a69581e3,True,
c4535b293e125477,True,
623b5bf47ff948e6,True,
145efea3aa26c489,True,
b2d446a72a8fc260,True,
89453efca187e80e,True,
d158dafe8b39f74c,True,
5d914a333007f99d,True,
5c63d62f03984ea2,True,
1d5cb3fb595a35f8,True,
b9638230b92b67a0,True,
56a59f5fc1fa7eb2,True,
9192ef45fa94bcf9,True,
12f24074c6a85064,True,
442f56b475a76580,True,
7c68af7b8561bc20,True,
f239bf0fb6b47c6b,True,
1189fb75fc4d4a12,True,
7e7e1fca6df01849,True,
8c4fa8842348ecd4,True,
79c4344e2806e503,True,
b5f96ca8d1b5d8d2,True,
3ee5532d2e649db1,True,
7d8e412a1334f6e8,True,
a40939caaa866ebf,True,
6f4f9a55995519c4,True,
097e14e23469ed56,True,
24de7479c7865e40,True,
6ff7db94a5c1fd52,True,
97195fcc42426b11,True,
5e64c8c14ab55789,True,
18a721009ab5f2f6,True,
8ca25549a3576331,True,
0953ff10e244dd8c,True,
b98b982f9eafa6ec,True,
3f5891f6bedf0e31,True,
c58ed946c2236a89,True,
76cf43a082b7b4d0,True,
3e50965cb6cfcd0b,True,
0f602383a9f62436,True,
b2e0f36a83d3a093,True,
d87496c6477f8643,True,
9bc82c354ac078be,True,
4345bd50ed9e7074,True,
527d8f17d82fd73c,True,
f3f7fcbb087554c7,True,
e9137cf541da17df,True,
9c650aad4e83ed55,True,
57c5dbd8af008c6c,True,
695ef93037f7ca54,True,
4fe2719c1df3c2d7,True,
7e475900f034ef1d,True,
097f5357e99483a8,True,
a32a4765a0f13177,True,
c4b6112e88fd4f10,True,
8ef75a091d70a179,True,
d1f768028cc2ff1c,True,
a8b360ba6dc01a3c,True,
60d11e45bb72ff08,True,
19e244a4b9a4fb66,True,
12fe0ba01cbee9be,True,
9a61f96ec8968a96,True,
509e592cb96dfa9d,True,
81b0e728d98d19c3,True,
ed9d70c5453f65bd,True,
0214923722a2dd77,True,
2159f0970c38c9ba,True,
2cf8a9163a1164be,True,
a917fd671cc98a13,True,
7e31a3fba1ec195b,True,
241675afcbe24555,True,
4a51e2d50c1a700d,True,
53d693d9e6211239,True,
3c6064b96d274888,True,
8dec28b0a6408e7b,True,
d2eabc31aba5005e,True,
60923db11234e605,True,
3ae96d596ba5a68c,True,
0b3e5d3da2ed350d,True,
45cac312d61e5507,True,
54b98d88478319a3,True,
eb4c898e4c435d58,True,
566f07f192a2693b,True,
6052301c72a9ceba,True,
40b6bbe423a77067,True,
d9c55f15b6267d0e,True,
d42eca86862ebedd,True,
9a17f328d8441bc1,True,
39d18b6121a5e257,True,
9e8473cb1ce51b76,True,
0001fce6c19b8801,True,
461fd29990055bf3,True,
922e429d23dcf563,True,
0386032652301a79,True,
0866d10daa5fef93,True,
18b3fb0af745b015,True,
63baf7db4eb05884,True,
514513f25daa1b3d,True,
823c02188f2e65c3,True,
e0e83e43f52745a7,True,
35fd882ad9198f17,True,
123821e429cb7a59,True,
30bbc67a5ef07eaf,True,
1f372b59fb6b6060,True,
eae1771a810ae620,True,
47a8fa576c828f4f,True,
e983504f18f52afe,True,
3724fea623593e4e,True,
9cf5cccd877e965c,True,
89d722d990c06664,True,
99837b4a7dd53a90,True,
27e537ba1de330d8,True,
7ef3dc77dd3f3b25,True,
022e9d1452d5490f,True,
30e91770bdbe8960,True,
7abeba848341a83d,True,
84a4d2545c2b0ef5,True,
67a7d1f7e10ac3c3,True,
7d7a470acc65a531,True,
27fb114f3b7d7acc,True,
7fbf2f593b5c1322,True,
12026cbabced0705,True,
dbbe406688b425cb,True,
3e8f1d9a26fb6edc,True,
d190fbdf18811abd,True,
cc8d1516260ab268,True,
db0090aea69a0d99,True,
dbc06768c552e4b8,True,
de5faf7980bb48ae,True,
77fc3b9cf56a03d8,True,
0c88e9d2da5109c1,True,
efd18aef92142fdd,True,
4b7203578badf355,True,
5c2e7760fffa79a1,True,
7dfc4d42f04d618f,True,
66d072fb610f9995,True,
4da2634d624ed3da,True,
c31c43ec48379384,True,
9fd379b145b4ffd0,True,
02cae6f369972180,True,
