dataset,regime,seed,client,file_sha256,state_sha256,valid,reason
mnist,iid,42,0,18f1cbf7f29fb54795aedefab8349b5991d08f2e4875eb3e706ebde2d056db92,3142cd258fef0dc8f082b9362f2d72b26fe32a138ed133c7aba178e4525f441b,True,
mnist,iid,42,1,3203d4f64743bc4a13584e7cdd4a45a95261ba58bbe0ce04d3c3bd40c8525f6b,28ae0d260e6f2c65e4c5c39e6c5ef0fd4a27a9675e9cb9cb5ac29c58f024045c,True,
mnist,iid,42,2,d175f22490c52a9ec3b67b1acd9888805146c4e277fa2dfba303f9309b3c0229,ec3883949eaa219d18af7989cbd3c95e5b8260d380c9d2da043cb430f4b7ae60,True,
mnist,iid,42,3,d8cc29915d2e9c2b96e52706da806345ebcb1d9ab6b2dc8d4a9adef979674681,53865c252eb4f96f0dd134e64c575f5ad2fd264f5d7a69b4f465b1c0116f694a,True,
mnist,iid,42,4,de374e1cdf1bc892d8a6c91306d6c5e285ac1fd8a8d2498dcece1dc8ecff19d9,ec7fd7569bb8f8d25234127ba084d398fda6ecdcf48b1e7f0eedaa03ed000f9f,True,
mnist,iid,42,5,f2b125d925b12d4958f8490e6c5bc2a5a6ff8d1b3dfbb171b7e8710ab5da014b,a6b327232127fd16f5a163642216ebb35f3ff1d918e678d8669a369be0e3c96a,True,
mnist,iid,42,6,77ab08390066b1da69b4ba350d8ef258cd34577251f9e2972c4f44dfcf97a551,fcd4d47ec934670607775d0c880dd2227496e1efa4d4816b8e4eca33a47e0aff,True,
mnist,iid,42,7,51aea17535f471978fd8fca463234f2a190d96fa751950e11c76a95484ec8414,0aae76532054eb4dfa5d43eb215d58045a696acda84be77d782d8ef07acc6c8f,True,
mnist,iid,42,8,729dcad459cfefe605c8cf2bec296ca363bc6e971bb302234020e3b383a16c54,2c9165439e16382604203d0d835be40797b6c179d916fbc736d3086a8ae1d270,True,
mnist,iid,42,9,7c1517b4b2b1ead96742bdf350805f9e9fcb8b5ccd993a93f5ae0fdaa538f3fd,93f6b90b97368328e61305b7e1ef72174efc609719f019d7de7cb0971db5e2f2,True,
mnist,iid,43,0,0d07528766619aceb7a848f2e4e930727425d7da49be58604bdf312c84893e2b,9b9d9073d163d2412c6fd4261f093fcb9e57f7c68031149f8b60f72d668f7932,True,
mnist,iid,43,1,f133d77320d43f9240cadf6bf46177216bdb2cfeaf5d0c97d053e39d50082cf8,9213dd45d17ed3760fca16856712d4687e9195a5015aa670db8d3936b3b83b99,True,
mnist,iid,43,2,9f32712197191a822aed972d76b3fce3f011e4fc874037d25e4ca601e84c3a46,78ddb881d498ba73838da03033c85681efc433f8fc392826c7a11b90242e66a3,True,
mnist,iid,43,3,cd0b2bb4bce18ae3c1d67ba8df95e0f12d86eed46154ad2a929ef54b4dca2268,3a8c8f271c0c1a4f8cc8da00004c719aa42c1642603da33bf9cdafe5aedee590,True,
mnist,iid,43,4,39b5472865bc524b68cbbb58d3188ba4f2dc339c831fcf6cf03fcffc9747f358,909d21759266c25ad7f0826f859c8dd36925c2e0854678f57d2cb00dbedb6b7d,True,
mnist,iid,43,5,23bb528d1f3b1ade41c3f918c79d21dcd4d58b79c904a51442dff974dcce4803,c6eb3c6bba3850c500aaed71fd397e0a9567ee0cda9f50b2f38e4b6ac5b71746,True,
mnist,iid,43,6,021e86cd24ef2ad5aeab0e5bb2e10ad8c9b4d6dd9a13e9810ae283b5ea679ef1,7d445ddcee074d1a0343307e222713b02299e68328cfac488dea27f9c9ff2240,True,
mnist,iid,43,7,22b79f711ee287b8c6ccafd9448ecab60bae983acdb0e90f7edaca237b6fa13d,1b7c45f30baafc43e503351128b6d6cda300b6e8a696c18fd129d3897eac6158,True,
mnist,iid,43,8,ca7926c7ce8ddb8b0952fd10d86dfdc4f5e3f5b2d52ffacf77fa280ec90680f9,3f9d54637deb457bba5d666e81dc7c416d50086b7aeaabfd2f01eb3c52b798fb,True,
mnist,iid,43,9,51f93878a376413e51d303bf95fdd90f1a93c5ccd22715ace7aee47786f3313f,136566db12cea4376c7d5fe78f4e73be272f85c1074b55e8c0d032b4a127091e,True,
mnist,iid,44,0,8cca14dbe2480efcd57709b347d2a72811177e98d4541e49e35d0736316c03a4,db46555702a7d9eee3be7d6b3811eb1f4c0bb4664720681fb0ad9c454a7410df,True,
mnist,iid,44,1,372781041caace66e31b98d4a815461b159734a696b1ad309614ddc85aa7c194,0204e753f8cc374a346271e84f8864d60084ea0b3f2d09b3113de0d82c46c000,True,
mnist,iid,44,2,6d1c6bb5c36914e8eb6a1723b2ee534a6ee4a0900eace763855add879d166c49,c1f8e9fe74d377fe94d859569d05fabc9e632dfdc61ce7654075b28efa754bbd,True,
mnist,iid,44,3,4b0ddaa665c1a6fdae9f682a458eef6bedb2547478bba7bfc50312040860eb31,c29cda8e76745fe69fc768c8c38081f3111f495aeb3c7ff15734ee17acdaec43,True,
mnist,iid,44,4,f3fde4b712e2ef4f4116078f55cc1b7f328fc2621f8e15cb777128f38bdfcc38,3a6986ef0a02290d2fb31429b927384d1a539ceb72fa148363c6bb11c6b91ebb,True,
mnist,iid,44,5,c78dc4b51ab678cc58f4dbb4b8013626dec8fa6471a4b789bb29026145f9625b,74dbec560601a67367c9b8faf49f937952cadc294e8af2ead739fe4aa200fff2,True,
mnist,iid,44,6,e797af934d24b8623221376e900759b5d64f642bb4e981cee391c3c531ee2a98,8ebf0cc4114dcbbcb8ea56758cd7643a414e324a2a09a1523f8fc46777235409,True,
mnist,iid,44,7,da2e31cb76e1f9175ca30f2cb13d4c85df6523bdd7f88722bbe8ddc50f7c208a,f7357076034547298e9196668bcc4b5a1532c3dc709fdef7bada54af9928aed6,True,
mnist,iid,44,8,1e8c42952183122827f9f38071f5b4a07f6666d6e12d291b3635b77790245013,0effbc34d8646193d194091d8203a2148a164d09e233bc7b2566952014f08798,True,
mnist,iid,44,9,b1abb32c085c3af460d434e7b99b5ebfef099976288f4bae6311e8bdbe933978,db519e7ebd9c405d3468103df339122005c81f81a10c5735dfa68429a4502094,True,
mnist,alpha1p0,42,0,4ba0cbe79a40b806e260ab3b75f8a82a7078c31042fff69e4abd92aad7258440,8fb0d563b1f66817723febe4dedcb268fd2a70194198c947f31c15cbd73a029c,True,
mnist,alpha1p0,42,1,2ce5f449ee3f970d486a68aec7a4633e53b9619dd3bad4b5c4d002952c8e5b83,35c75ce2f7dc1ef37364b9c2b5345ac73bde67ef3472394335aa5de1583b88ce,True,
mnist,alpha1p0,42,2,383abfec5d518e3a92b4364db457d2c5752094e0b1273e3c606a55f974726d48,021751f01ee0f0b7c566dea547ae6a9cc3a53a9be33893407806954d8b043c1f,True,
mnist,alpha1p0,42,3,077539452a5665cc7fc028c725053d76274e12ebb010117c0c2c5dc905738556,66c280bc4edc753be81063403a60d30df6901250f1a4320280d9b938ad18e6e1,True,
mnist,alpha1p0,42,4,363354e5dacee4a553b37687084c8d51572f3cc70a3c107427d96f20a14b7c1d,d43131ca840cf075e8862f651fa217c5d2eebae59394a5fad83b1b50f37daef0,True,
mnist,alpha1p0,42,5,547bfeaf62540fde3808a14ca9e88fc169e95c95e257f02a71d96ddf8ac7def7,30f250a6f7f7cf4e20892898c5ac412278a11adb26db7196357e0c79e3478426,True,
mnist,alpha1p0,42,6,8311e37c457f58170633888e2f41b6c1ce55f3b6ca4fe868c20a6a714fda052a,b8c6b4ef31ce47868c32d9ddd58cf1351222bc9b898e36d432b3b679da48edea,True,
mnist,alpha1p0,42,7,ba4f7c467d44f6558cf0c8b47ee6407094a5ee9164547f408f6e2414b844d219,13100c2e1658dfc0760a931e36dc378d057a6971f2e4de3169b92c679db5c128,True,
mnist,alpha1p0,42,8,738249c0b0f02fda378daa571b3889c15e8d70ff5ceb475223a9b50207cf10d1,c1d410d634850ed1cccba56c3da4ad317167a6320d61a959b06cf9606116d6e7,True,
mnist,alpha1p0,42,9,ac2b7617a9bdb78a479de9a245f6473ebe2958ca8e9447f020b5445f215587d7,f3830583fccbfce4a64f8b80be2e5ccc873c3b6e5ea93c263f8aa250003ecadd,True,
mnist,alpha1p0,43,0,49c267ef45f723dd04d1a3d1575a9743ee11e4497f9222a256c09726bf8ae8b6,49310617ae4a49d88feff67a2042d5592d3519f08eae296d1b5e2b3ce7d2a9e4,True,
mnist,alpha1p0,43,1,8a83342aa25016bb43925e193130a3796ef5c2aed60134b70728ae8b98a299e9,9442021a67034bb692c033213f838d3f18fca28caa7d246b4e04a2c3ec8ac6f1,True,
mnist,alpha1p0,43,2,fc630547bed9658e5cd50e53cb9bc35926c398e1c553c420757ff6b27d5ca183,0b17dc4bf5a6b737cefffeba674efdc69a15d963a0431b0473a6567c540cd7ac,True,
mnist,alpha1p0,43,3,cfd22e87e1758e570573beed0bb7a9e20e74b412fc5585d605d67aa6fa502540,2aa5a3bde6f715fcb3d5399272ac607202877a0dcfa1bb3c651ce81c70828904,True,
mnist,alpha1p0,43,4,e924eef490f045ddc5050018f9bdf1ccff65daf793ed22f54b47802c68720cd3,ffc9956b886403b89af7c71b4ac1312b736bfdc4b7fea5577c95587788a0060c,True,
mnist,alpha1p0,43,5,20fa561f7c2f34bdee496e0b25f394327bfaeec1038a55c65c5ce18b0198ef58,3500b73ef3a955375c31354bd88fb8237836d4d72b66d83a4505a8cb635a9847,True,
mnist,alpha1p0,43,6,1aeab6185a0d5172988e1f4fbd799520e49800f4a6fffc6feb69607cc88b7329,5b4ae9109ae5b680d0a665df367f880636488144d6615dfa27cdb5003729184f,True,
mnist,alpha1p0,43,7,c3c931bf4b209d569253789065cc65c8da4cf70cd0e9ecc7f8edd8de9bced04e,4c8603ed2d16093b8d3ccd5c181f64737dfa79df3b91719322763f638c5b142b,True,
mnist,alpha1p0,43,8,16468e4533fc0f4d51b03933c1320f3b0842e6edbb432d244636a827fbb762e6,541877d045f4355f85dbfe0be903d3676761b172a1f5af7aec24875808991e67,True,
mnist,alpha1p0,43,9,d08ed69f95d368fe3bb4f37632ffca6efef4baf8bece4f7adb252143daf69d04,6f32ab2aa2665541897113bd9cb9576ec2052ead9b60637f6b7a6729195371de,True,
mnist,alpha1p0,44,0,c701e6417fef1541a694058f7de824260d20d7c5d0086cdc42d93c7ae3bc7c14,e5ddb5dcffb414bb7563da28d5e7ff97af7b21729bdf6a79d34b0005f6bcd99e,True,
mnist,alpha1p0,44,1,c898c9f3df4f0a152da78760724ac71e9c19bc3318dbab58baad6fbcb7ab2300,17028c7b563084130385f19136e185967a199d58af273bef9b64f27ee1caf01b,True,
mnist,alpha1p0,44,2,96ad2d85ee9105372f486d16ebe0b812b555903825b44379707e56732b53ad27,07a0fbc6671331d6051681e43efceb315a86d89a41ac8009cee38c747a255251,True,
mnist,alpha1p0,44,3,1d2fc4b496bef14aa5e39c2217ae0d0a9a344d12359c26ce551328f0791dfa9b,b715f7f5e4970b4ec5592d2f68e1a4cc79a6e79a87fa1d2c4a128f56c0eb283e,True,
mnist,alpha1p0,44,4,8e1440d8db0842afedd823fe8328e6b3524d6633d4ba62b2b5477b507abe2a00,88e685181257eddf79f35dd289b82ef3ad297fa66fb667e8bdf50ca038ed9020,True,
mnist,alpha1p0,44,5,31d46270373a76b6e16d2c60beb6ee58b8e0c8c02380b44bd341ce61dabd5355,6b7dc057b65825d9efc01704c5f72402eec3c954b78d3f99f03b72a22b78c576,True,
mnist,alpha1p0,44,6,bb6800eb576299f582169472da81e003102ba788168581364e29a81c10d2fe50,f52db13896c63420e8b0bb331f3973f395938c2b3ea1e8538e4c5e286c5bef66,True,
mnist,alpha1p0,44,7,53803a0afd2c22fa2751404cd810f3af0ac0a7e0eaf65f1f9e5104ba5ec9c61a,abac1234106b50124354bb3aa51aafffbfc7644b76dbcad0df657213271547d3,True,
mnist,alpha1p0,44,8,4282494f8f190bb705e9a3109535960c21be8d1489cbe60e6ae3a4640b0338b8,f65d60d3abfa6fdc81cb9523d04c4ce5876966f2bc6f708ff164686f9072296f,True,
mnist,alpha1p0,44,9,d63787da7e61c7f9acd9018388a8df38791fc0e3ab990d0717d4016ae7dd1f58,e2f7dc3e9d70a79635c1406a290e458a8e1307a06c64ccf00633202a48eb8ff1,True,
mnist,alpha0p5,42,0,0754480b11213beafa70115177cecb93521848ec9481419389297a5a8fe0d6d3,4a3141b4aea1c74f8879be56f5444f6f013fa3d1af9d11721055ad17f63ff346,True,
mnist,alpha0p5,42,1,026ceb98abe25a8ad46ac4b00299349505baff761c4d80f357d3f46fc292c11d,bbc37356452a148cc7390b51bcc79816ee2d0b81de0e5469b56bce7753b89d8e,True,
mnist,alpha0p5,42,2,bc6bd59dbd673e9c76256c1123ac357f3d9edc801246eec137e702b5e09b6f57,b214a3dc19751cc174c757ec1356d62f94e095258e945bb4e50473df343bc978,True,
mnist,alpha0p5,42,3,dd1b14e6cd75dfe1ac913228ed4be7c370281ae1f6f96f500bc12d864ba9c5fb,c3d7165faa30510d1210ad7c26d8c524e9b785781bb8235a4f5dc0d34c23c7a0,True,
mnist,alpha0p5,42,4,df271638193062ca7313d8b84e828e00fb155fab97f26c94c6f25986e176e6ca,b99c789a0e4a5ad27eb7bb8dec5b35e22c1ca9d5ffcc800a51d123cdccf4b3c6,True,
mnist,alpha0p5,42,5,e4ec622fd7f483705c90e7c50ab24037b05a04f77bc37d421799db551f8f2f38,6ce8c1b516adcaceaa1c212507e543628c17daf6a512c2d061a6d1a7eb5d999f,True,
mnist,alpha0p5,42,6,914cc901258536df1bcb3fe649652dd5b01600d7805b62da12c5cba3ade37a32,905ca3e4b843878ff2d82a8e7c7c2c06a5d2edd48e4ab26f190b2f7b0593ffa5,True,
mnist,alpha0p5,42,7,938e43615fa13eff5077050c466f6b6d69f5f3b3e4a4e12d5ac7464099634edb,56e6944eefefb99c8f974d7206c917ca64c7fd78f09e0674bcfdd99422e5d069,True,
mnist,alpha0p5,42,8,f916aa043f39c93c7bf1b56b43e596b7e99810846a305e1bfcf645dd1e40fab3,e80b02891559c09493607f836215386423762b926670c24205c6032bbaa90e79,True,
mnist,alpha0p5,42,9,5c98df1b44556279e32f228e21235704fc39df221f171aed68e6dc6f3fbb44cc,3d6314a11234188f86e32ea6c17344017c2288bf4ca92b9061f2d2b800ae40cf,True,
mnist,alpha0p5,43,0,2ca0b05584e356728c2e7f2b1c190b84cb79c1c698527393f4cff88475cf18bc,e20cf54025532cf339990d5733e2216f4a3e30753c3903e4a85e813f068c5c1a,True,
mnist,alpha0p5,43,1,c665a6b2c495741bc040c0bd3c8f8527404f1d6d13d4d71dc4add77d9551e086,c9bc467020181181743385a96b3d76c8721613d0701dc482ebaeda399b811f30,True,
mnist,alpha0p5,43,2,4ba7b49a03108499e9f3f8ddac22915883d4f22be4f4601c15fc336f5898310c,34c2ba354faaa71e16df15751fb4fb7f05125b769702e5c51cbff7d22f2bfd5b,True,
mnist,alpha0p5,43,3,cbd401d99d0bc2aaa3f1bf1f31877b6121bf76422fa67e19ccfac3e77d940890,cd787b9acf8df0574ac28875b6a965c9db6f2d64c297f441d456c347cca1c5e5,True,
mnist,alpha0p5,43,4,e3e60ff79ea812833bf9d60da0f849d889a6be3daa008945e9f9fb900c734e0a,9209c91afbcb28b0476fbe8777c0311c8d8b62905aa4d018db764cdde02c5057,True,
mnist,alpha0p5,43,5,5c5098bbdca2f1d6d8c00f37163b732be87953d5ce958053b381901b59c25e23,ba9545530371736e45edfea79fe485bc63aacfd13083db99a78bc6b1a4447a3f,True,
mnist,alpha0p5,43,6,09e91d50dfde9f29f6d8eebd19bdff2ed377431c8dd7bda2aab5607088a70118,d4f5dc780b5770c931aaa741fbf8c9365898f8b0630987ab8c6e63a07448c78e,True,
mnist,alpha0p5,43,7,036d25453fe3eafdbe614ee7fb2b0afbb86b20d1584217c0188cd62dc9cc4b0f,36d28f03c58a797ed2813b40b1e52bd4a7ac78b997a2daddf1bc992aa116c085,True,
mnist,alpha0p5,43,8,486160ea22a1087e26553d9bfba0d59fb7645d3e39d75f75d9103753e059c1bc,0914841e18664af196e199fbd873e2667bacb73987c7403259b59f8bfd54ef7f,True,
mnist,alpha0p5,43,9,69387596442f93ad2356c345641a9659e23fec422a4e37606600b762ef33298f,e676d09ac98380c242f1a293b7917b06e8cb348660b8876c6255102368e7b90a,True,
mnist,alpha0p5,44,0,43ff158e65eeec999092cfeeb7420ece7430a2de12aba037afdce65425bb7fc7,a8bd4dcd177d3c8efda20acc381dbcfe2d1fa8a27d688d1c4901eecaaa5719d3,True,
mnist,alpha0p5,44,1,afdd7d9b6965f7c1cecdd8452e9e4c154addedce84e44ff5bda99defb1beba88,f8d713d8963721ad14f735de2ef60057a43d4256d0c346ca632b8999410419cb,True,
mnist,alpha0p5,44,2,26bf63b86737bf29c70b5e5c604fd3003e0cf8df9b199f13f22bbb1c01e16004,9a9b3f0f54c34675f7c8eca28dce090f0670922557c5e0a2096fdedb0d02ac14,True,
mnist,alpha0p5,44,3,85e07dc9eaa244e06624d79fd03a217f8277f259cc898c78462befdb9c0cc31a,a6f60da892daa41fc3e43eceaee05e0834426c4569293cc2f6b652b0f05a288e,True,
mnist,alpha0p5,44,4,1493c3a96c600e89d49bc60dd0b15c891c347f893f3176c15f25063d5358f004,d5d134ac6c99df29f6cea4d59f9c8c6846e376db01c729b868c13317577bc5f9,True,
mnist,alpha0p5,44,5,958cc21b9866a3e2bf6c57740b18c2210b6b5a6b17415c531b02b5bdd41b9df6,606f13653bf3fb3a4419bd7775629201c18e721d3e1a0c1adc0f55a3358a7ac3,True,
mnist,alpha0p5,44,6,ba5173ebac44ed00b8839ceea305bc7cbfc0a4efbcae25138b6a726bb28fd3a5,f76065a72483199b2551228739612fb44a1bda2a35485a47c8b0bb3560c435a6,True,
mnist,alpha0p5,44,7,31141e0cd588f0b07d8d9187ed678af70ee36c04384862c6ff13c5f75c332260,15d0c21097540f4266126ac271c1ffd34ad5bac7ac0e5a49f141e9bdb17936d3,True,
mnist,alpha0p5,44,8,42cd28ac14cfd5bbca74695b9e7d0b2360b40d77d1ef32c6269e730157efb4d2,5a2115a2893a1ed779e54e99c588d1ff4668abe1ad895857db5e635d75f48850,True,
mnist,alpha0p5,44,9,7c8d235a88fe3ed580a4e822e8c186a08078d925c0967e0870a311d9d628b306,3584188b4d205cb73aaccd207e1d0b3f4482b0d24409929c1f44765c522be16a,True,
mnist,alpha0p1,42,0,7af56028c640a181b7a2ef36a4ba7a2aea07784e0c6b09b8b6a47dfe62417a1a,531021caf1dec8d391f7b697cc8fa08e828b07c0f0379e5f3b4ab189e1be8c70,True,
mnist,alpha0p1,42,1,2045cf76d8e7cfc10e533662cd1d35a008c9d760633a56dd3dcb3e2fadc60fa6,b677ff93d2409b7cccd53fc9c32dbc1b9720565c4c11593e13bcde34c35a9481,True,
mnist,alpha0p1,42,2,70371fa997c2a4a56db30c3fb5519fc53e80728c18bf78027ab21bd20ff34119,8538c99dfc60d2ade1cff0038a338ac6bc1284ab3ca40f910dc4aaf9c9591a92,True,
mnist,alpha0p1,42,3,4bf6bc1e42c13fec28cbf688b4f23c1c8467ec30c865f4d253553b1a3c48fe31,af04d99e8bbceb2fa6fdee7c649b51ed35a920e8bd3c402d031adee4ee4672b6,True,
mnist,alpha0p1,42,4,1e96bc41bcc05a91732fea6c2cf0125011e04f571108f26aa8cde2dc3c672dba,1f7d6ff29961422096cf5d50b5e929df5060a17ee9ce10ccfd981c8c5f427c76,True,
mnist,alpha0p1,42,5,a5ddad7a4781abe7882a274d129395bc204d8b33b6001e8e9bf4a760e3cba181,541696477e461a3bf68468b32641966247d5b960d0b7eefca23c87ff051390c6,True,
mnist,alpha0p1,42,6,9a9cf5498d3dacc3c888458c5fa46af3898af8e050d78df22671c4c8dae3960a,53134162e523cb982a81dd00729a1b722df340891cb960933a7f5969d051a652,True,
mnist,alpha0p1,42,7,051acef1383ec1b9ce59d7361fa055ab1904fa255bbfd9645a64e7d388742129,03d1d212aa90ccd7d427f8fc2b65442af76ca80d513209c568d8b74646e87acd,True,
mnist,alpha0p1,42,8,2c30376533a9588ac8682b0a0540bed823f5190cfd0a581e62765bea3a9e1ee2,ef681f677120e2184791da194f70b9e6d9d362d1febbad1ac3b4b09b792a4761,True,
mnist,alpha0p1,42,9,6d673aeb3af07a4c6c6110e7cab0685efe19e5e2d7e1922d5d378acc7a2d175c,33f40a15af1e3d8d36d7fb9b1b6e15c14df906e1cf73dc125d8430c3b09a9eef,True,
mnist,alpha0p1,43,0,9e5773f1a6ce3927d953f0f4be7a5fed2d758c02f58fd802d50bc7bb292504e2,8e67cd6d10b383fe62afbc0789ba3fb226b03eea298ad89ea0ed30ff32de1ef5,True,
mnist,alpha0p1,43,1,c6c58f7f8ca3a0f294aaf7acbca1b1fb0fb62967eb8242344feefd159e1c4643,a2fad472bd526481a1bea2f47c59e749a0742c0e446fee9fe9120304d7491ca8,True,
mnist,alpha0p1,43,2,6ee20506df6d155dd2344b97572301fafd3c3c3205703a920a970d00b34f8fa5,164304e162bb3cdfa0256508d55850d0dde19f14dc3c0e37cc6c7ccc7e0f4e9e,True,
mnist,alpha0p1,43,3,d022fd789bcfc32456e3e77c9e26325feb6cca02985e818cd2eced2f391d46e8,eb7a25aff352649d07a2182c291991fd39b085d0ccc5d842d6d2a8b385abfa7a,True,
mnist,alpha0p1,43,4,0242d4e893e683888edd0d4ead0b7a35945a7fde39daba1769290aeb2fcba1e5,7909ac44d72ce604451d1be8ca3387e508d125a1bf93056bed7db2f38b368fc9,True,
mnist,alpha0p1,43,5,56d4ce5d962ea61f41b95be0ba2e4b358d8bce4ee9e6c7fb42c82337a4ef3803,5cd5e1a9ff28221d84fd4b56ae871d826be9a0cfe39b833b268aa9397e2cf514,True,
mnist,alpha0p1,43,6,67df8423e9d125bbe2fecf7da0e0d6a0c4b0d42f70558fa9f2c2084164173e3a,a7f3d6ba7480e72d09fe02be3a94d675ec75b803800a463e5bc5bb2d1c130f54,True,
mnist,alpha0p1,43,7,52e2bcdf2d7869a45bd38b7caa3958be4a7b3545b131505dbf85727ccf73b6a3,8141864fd882c0f5a77c12e5bcf5d6b56b85a40a1c2ef347ee5941c25dd25f80,True,
mnist,alpha0p1,43,8,d58614aff1018b8fbc2231f06364234d5f6b64384eec27daa9255b44ff0c5e87,c6d2d3a586be6917c05961ab3538e4514fd3a33e33296eb0cb634e9981c11521,True,
mnist,alpha0p1,43,9,36966c358f029cca2f054f9f1f8dd7eb1f476135114d4889d181328f67db9fc6,938a5ecfcc766b460d8b11381843ad4e4cf891b426df1d468b7e4c8f5197157d,True,
mnist,alpha0p1,44,0,9185c0cc10439a06acb3093e70f4ede3de96cb49c9e302134480e97da31c7746,8d9fb3ad66ce817a5bc2f5fd46b427a9989424be4d564df5b4112f9b320531da,True,
mnist,alpha0p1,44,1,93c486e15592e4c2d9d2864404e2762e9b5b4d98e048b90aab36bdcb68ee8f18,78278dc1584c73287c3a9131de0f725f172c85d94901021811618f027dd2cdee,True,
mnist,alpha0p1,44,2,aa0e3de94c0be2da6b37c1bbfd650a87fbc2e814a09d9ccc4f6bb88bda6f0f74,69225d49d5a49a464ae9e2eead62a87923fbba95bcf12dba5f075f3889f68e9d,True,
mnist,alpha0p1,44,3,e94d440052405e1c5c6da838e0495819ce10486f16db02a37719535dc01bceda,c870ec7f24c1257f7b8984b824717be28333aed8ffefd4da13eb5e9ad4757f91,True,
mnist,alpha0p1,44,4,a16c29a65503ddcce3c72b7b4eae8f767a4d63fe61fa29492dd5cc3ff30e2219,f5e5d2a590cd5e0826a995dacde37027f48bc82214141fce2d1bfb3f93678dea,True,
mnist,alpha0p1,44,5,8fbf095c51cb632527c478753857d2af646326bb48729c959ade821ad55355d0,0296d356ec0cbe798362fff0af9214996611415c0743f4d341e82ca4badc0910,True,
mnist,alpha0p1,44,6,2d27323844f858a1fd742ce55fdb7b0bda1e16385d0e6129195996fc9c7f215d,fc5e388ee64571c9611515346e1ca5bbdc309e55b82472c716aa782d7450ee9d,True,
mnist,alpha0p1,44,7,726608328480e990f4a712e546302473796ee9ba295049b9bbd34cb6c86c2a19,cd812520959ac22a222129eb35d1e333f0e7d1425e954f6a9cf7d6dd7c4696ed,True,
mnist,alpha0p1,44,8,8c1a7ee9987e7f0780a3a0f22ee3baf20e7311070beae45097b545192cff5574,35c3cf952413fc694860211286ff751968bb8dfe411457feab92d0f376913a0a,True,
mnist,alpha0p1,44,9,f96ee6f8d151bd0ad9ea7a9a6005d68a7798a5c3f3302c7550bae1b7988d1d81,d9eb6130e32f26eabd6e67be48bb1a18d6ee4c444eb05a2a5c59b9070015ede0,True,
mnist,multi,42,0,a9d6187ec47bbec65e647302f7a06167a09e3c556b2290c51d7f18a9ed8e709c,d4b46ee7b086b6f056cb979c58711e550d23326012fe95c48f0b75e1d4d9b805,True,
mnist,multi,42,1,eb2cc66a73b5d37a1da100ee1b5daab0fd3433c996ba43324d446c2ab11a3149,e266b4c965e8e20fbe6a1736fed4688d8af1314f7e7ccb858f9d40938cb7d731,True,
mnist,multi,42,2,71d4bdb41c9620b046259440bb8596972fc4c3adcca6bec2c75a7e6266ae7fb7,c53f01e025a3833e3e7c1649fa40bc35dabb9722874f64972426a77015e5e776,True,
mnist,multi,42,3,d8700719f0523806ebeff00202fb800da5f1785aedfa2620d2d02b934d2fa809,293ea9110e0c16f0db57e63bf13be0cf462bf1c47aa5b7ae69ca6114c0a2e80c,True,
mnist,multi,42,4,7a6bccd46146dee9a47c27ea1fe08e0a9644d1f98903c9e7b12435ed4bda8051,da8494e17c8b63fb53b9ab3a3b8ddd79bb20eae9fc9909b28262734916aa5229,True,
mnist,multi,42,5,8352860091e9367977f76f7397dbdbaea4c87fe71fd7de56efc615b885bf1a73,576a47bdf57c16f75f0736e081504d5fa022c0a8668a1e596b71e5dce94923a5,True,
mnist,multi,42,6,3d99b41fcfb5260a48f15ec8e7f7386210a2570eac36ae4d30569d94733dd642,57a2304369284a748828429cf4071d8b17f014450590499def500093968cba25,True,
mnist,multi,42,7,8b573b330699f3164daf1247fe77bea93ad21d59c48781b7704009bf6e566108,11e20e40efcef6681814d5ab7016b6b4a9176f5db5cfba745e90f20ea58a2295,True,
mnist,multi,42,8,18756909ad160695effff6c1179b780738acb88ff35e95c928d22686dac42613,1596ff758b697f6e3dc23446d3de0859e4283f801dc8daeb5c49defef109a0a0,True,
mnist,multi,42,9,3710ab0d80c18a9e99f1395671833e124f43e95d59882a284afbc65b9a091f89,076146638267bccb91a438e3cfdc5fa57c7389dd8b8fb813fa4ff7f641828c80,True,
mnist,multi,43,0,7656ea2a85557cda0e9e7c8e024a5014eeb402e47bedcebdcc736748b3e644e4,c5613b8f6934e87ef682f410fc7b830434aace32110ed5f6f7f49042fb73e2f8,True,
mnist,multi,43,1,08451673a97fef7d13ccd9d9cd67cb46004a876f2e8b45fbc2edc7403d736082,4615fb63e14a5bf200461a261d2dbf7a9aff8217ef6d92bf8c1ced50f9b3239c,True,
mnist,multi,43,2,a0ebfefd4c4e9c5146d3eb58e59961dc89005f4f9bad183e9548a636901e07b9,ee6eb6da655553c8b6ba7c9967281269b052c531fde4f73bb289d2a542b95ebd,True,
mnist,multi,43,3,7b24862488dedc9e05d261be6bc7fe5f3d2bf211290540425f9652806ffdeb43,21e10e3053a96dfb387585e935151dffe73863f3877c50158429c9292526b855,True,
mnist,multi,43,4,9db609bc5799c49245be810ca7c03c2d918cc853a20d33f53e079e44fa8e7d56,dfc58be4694858b90579050835c91bfd0eb56b4ed9ddce3756c8c824bfb12c9f,True,
mnist,multi,43,5,b310198785e8667defc65fc64a9ecdc8286e2481a243bb7f9bfc9fa6d5eff62c,c96c3f02b3a033aaf1808bbf77c0749fc5bfa05fbfc7c413c161dc11ca5caf8a,True,
mnist,multi,43,6,c36f24752e3e9477d2e47f1f71594137419967592bbb3a9a0dfe5a524c81e141,5187cf9a8ccece635e095130f6109d849dcb70c619f3cac20f9b1aea75d68991,True,
mnist,multi,43,7,b8182db767d4c7c5f47c84e0a2b0fa49a6d0a04b05dd6f8818b2a4f89151437b,5548ea5ac04c9796f32dec97450a80b0003584d892589eefe8d3e43bf969e37f,True,
mnist,multi,43,8,d0c6cddc3982defb2e9bc68846f77d89c8ec3d177c7e31eeb79a95702cfe7b50,d3abeb7daabbf60dcd4ba380595c98525f56d58c3581244ca5a2a26d1221eb76,True,
mnist,multi,43,9,17ebe0ba753767aaf36dc2dab17f134735e4adaae3297559d9446c3df0f59c01,22b5919f77f12695fc4318107aee0fa35772b307f98b8062ff17253993aba2e8,True,
mnist,multi,44,0,09dc0b83a2b637d959b9623137e61cc47c32b3a0ac90b2a8c0692b2b098b95dc,faf189ca9d8e950ad3913e6d1ebb38ce7a9acae08ce52b6eadc0b7cb51c35205,True,
mnist,multi,44,1,d1fe5f55472f9a7b0fc3d35719a6f9aa74139e94582faf84e1ce4337860c603c,79c65e7c89e82dd037791722b74cc4e93eb1f56607d571d497e8397f57841158,True,
mnist,multi,44,2,0a915dd3efefa684f685e2c516ae6db97521a34550171ea9ef3a44de3be55eab,4dab0cee0112c87744bd986a09257c95844edfdf11b42d07bd2643952e60108b,True,
mnist,multi,44,3,0400fff345d05a031b92467b0c8c9137c481d95b502783301019188d4ee229fc,7eb9fe2e859f3d04abaf5b11f0e877c1e2a53abba61d70ebda824db1a3b1c417,True,
mnist,multi,44,4,6593fb32d5098f6991aaf57bcc9484df88f93677e423d19d03f7ff2821095ce0,e539f3b556ea0ff9a0fe04dcc401ed53ab81c4f8d2292775e9afe7239579cfa8,True,
mnist,multi,44,5,096f3fb086e3d9a8fe56b4f2fe23555e6533650a3205233e059b211c3defa902,0a27172ef3113f0a9a68590b963bfef8310e4765390c56f29a164ca3811be7d4,True,
mnist,multi,44,6,f8053dd78ec75a837ece1c871314f8778f4d44b35b0cbc40cc8fab03a9ffae63,1eab2822ccb7dc1dba6aefeea272d1982f9299556a3ce045a2495a9333d97c60,True,
mnist,multi,44,7,d3644a840be8ea9d650d23b2890c9944e51a2988296a0d065277643e936d10da,026ef53696e4c89984aa798133b464511c4c54106ead846b7562ac807fce0b53,True,
mnist,multi,44,8,ef20687728ccd1a4a660e1fca0e7369326b93be4380098ac43b82ad0e5270af7,eb16d1d56737da45443afe4afbe8e995e6d17676854b6a9ef73e73eee5e52e2d,True,
mnist,multi,44,9,dcb0ed5316131d30c23ee8031d0d4238aef8c42f1468a8f2dee462b52ceb74e4,61406c64159320a2f8430610597aa67842afb245ebaf0c670d67f956e3b738e8,True,
mnist,single,42,0,0f9da7a0598456aa1a8e1edce58e7b68198a7cff7e0ab78560cc4986db4d4d90,e4d118882151d4caee3985d4f552d2b3baad2a72a9965d5886dd28266da18584,True,
mnist,single,42,1,83905ce906eae5680e8eac027a98cde9a6b62655bfd327efb1998175a8cb5bc9,86133feb82c54b18bd5d974172580783d9677e011bef4fb21b03dcc383bcb232,True,
mnist,single,42,2,b54caa56ebeeb8da7b0e626e061bc55f08cc6406b009774b847f82c058dab445,441a5e833f5831e7831ef9ec169b4e1b781f6fdf1ccae61c132b64ce158dec9d,True,
mnist,single,42,3,623f67e0a12b8a07f78e0d365923972cfae919d60ea7270eb60c3b4bb1b98e4d,91301c8e6fc9fd1a97d1d951fa69d8acc9e316536cfd720a4b41ea59a38c2bfa,True,
mnist,single,42,4,9555f47f09d3694b7ba16abb3e9fb5d1403329dce05947a211da22add6fe151f,ebb2e23680291fb6aa01df8ee395e9bded730616780a13e76031c0ad81aec56e,True,
mnist,single,42,5,20925c2afdc4a92c21da1f04a8b6df965a462c82894d88de859339c7c4fbf9ae,a0a194df1099e203617b5a7e4976c8a19e4c41c8431c4d08ee721d91699310dd,True,
mnist,single,42,6,b6491cb8d381d3a40c43e7a726764441451c001673fa6b88599b97d1a9a0ece6,304492382ffa380c478035ee1488a3cfd0d60768cf9bdf57dacb029240ea2cff,True,
mnist,single,42,7,7721bf79726b6ba5eefd24d8c641a9c98cf8bb8ba093d3858ed1650a1ea83e4a,96c20253f440e6c2595c6bc8db9e701942f6291d6b99be7be0c8c4a86262a57f,True,
mnist,single,42,8,56d5455880cfa61d4813e848d7d86158172dc5217ed8be69338a43463925e2c1,5a846f338c75eca2da21f3e448b3bbdb60323ca7cb8a63026ebee02c9a59bccc,True,
mnist,single,42,9,12cb4f7bc3f36e47f550d887c85e39712358216e0253077718515c3e511e2324,61ef10d31372ae9e87a5e2354a8d61d3d0de3630b2df82fe56e4225d47620321,True,
mnist,single,43,0,97890a229e9a0eed276ee92d805360cde73df1f01df90aec40797219acbd7675,5de76a0fbe83e201e99f844f527c8f5f442551aa509ff7e5ae9ddccc4982c3c6,True,
mnist,single,43,1,a69a6fac3ff2efa0bbe568ba8e169596dd1fdc4186b725e3d66cf3791119acb1,d81f1f31b38c1c50fd07722e1863bf9122f53a8e3e11665e3c4dee53b83e25c4,True,
mnist,single,43,2,5a899d36b9f4c8def127457c4ca79584571855921243b3d574658f60b0756f8a,a9182062424dd204672409223e4f16df701b9a81e5821b98006c262d0df12d60,True,
mnist,single,43,3,f602ffc907854b752572a2c856f8edd8ac73109d49373dade52e3b7803b32356,835c1ce7fe9a96235796f908bc78c4a4374aea46652954f21d511456e13f8c0c,True,
mnist,single,43,4,d2847efae6ce2c66ef3e89b55cd5c454dd905211ca110402628af36053bf5d56,ba927853d8caa727eb215d52c127230c7af95d1f64d0d0c9ed880bba3afa5328,True,
mnist,single,43,5,cdaa40122c235382825bdbe2d641449c42cd6e3b07d80a794aea03d1e545f64b,c6f6dcd8837970eca44fb0c2fc159427f7c26ae131f7323118d49b11670581d7,True,
mnist,single,43,6,0e361e628268218c20ea0440a7442ea5c855295d62d3eb07dd487a1c6056b657,c531215c00ebfbda3720af7768a5f286217c42ed61310aef3989f07e30468139,True,
mnist,single,43,7,746a9dcfd9b3fa95aad530ec2209e8813edb684663784a946fc4bc940abf095f,faeb1dcffe818021ae639ec8579489dbe1a8b44c9671f4303fd86f254d6d6f82,True,
mnist,single,43,8,d895b7e75e1236c2f8a59880b8fb30649e306b6db464a887aa7fd61f7cca5c0b,56c59e1e88520558617d616549d921f471c31c298e528fd17d097566e45588e4,True,
mnist,single,43,9,6a1c2ff8ab0b9b44bd0d36e03ba71138159e4a6ffc720c1061a3050445d88bc1,3fdb9964c52d133c5cc7b3af068806d7f989355234b8df585cb177af2486d153,True,
mnist,single,44,0,909cce63e50477a4e9f18279be10af97009b2e308c94d3a49dad2fb046688248,449f9d991c6c498f1a32627045d08556e531e96963dd8a75d094dae31acc00e8,True,
mnist,single,44,1,d57ce65ff36c7528aa3deedf8a2d7237cc51d1100efe6068876466858fa64a1f,5becc36e1949e0401ac82f33a6376841c8e01c5dd1c8117ec762439bfd03d2a0,True,
mnist,single,44,2,d327362ae499960c23cd3f5b71ac572a4da5a088bf85375da0960268118489e3,3d4b33b113c9b949f7faef96c573b9a1b714ff37c7c01200799d36a083b211bc,True,
mnist,single,44,3,360f1a3b88aef29bca259e96a754e05ac6ee10290cae62f6d63a1a544959da6d,b11059233a554aee43a7a8f5f6c576996574788f79e315ab53dde00e52a96932,True,
mnist,single,44,4,1b16176bd20170b80186e18f200308b52147969636ed137d31413bbfd8c0f4d8,c505ad06e6e885213ad441284577aacd2d410a2ffb9ad68475bb9cc249ee1f49,True,
mnist,single,44,5,e50d87fca2c91e503495ed6e42786f3f97f1b79a734e378ccbe533f9e49c9d9f,5669a44872ab876b5b6c60d5900f417d3c5e0e8ca7a18abbe24956aac569c879,True,
mnist,single,44,6,420e2d6ccd311399061f13a784216c4e8d31b221e1d871094397f2c880bb3173,59486f52da567c8f9b4b40a1fbb5b7111a378b565f7cfa0726ac8e22c5926a92,True,
mnist,single,44,7,711e497e48cdd52232d3b6f299d1c0e1a28e484bca2632b0e7f7dd027a9a941c,e68f2009d6d4a376992893a2e9986f40a2bffe263883d9ba5d095eeb57024cbe,True,
mnist,single,44,8,a38b5d5d33b4b1305d64fc1f0b1044294bafa0b5cb826e8bd087dc45dfd46b98,7803f4c88b1f2f4459af95bad26d672f3a2a6d751e516e9f45cc54d7fa416487,True,
mnist,single,44,9,729422e7af0310f534274f296349a42217d3fa6ffe3b86ae850f03eb72a11ce5,e98c12604e1bf055856cb40fc4a6b17a7d5f01bd18f1c3f66a8264294b27ce74,True,
fmnist,iid,42,0,5a3808d56f4e0a226f956b2d6468019edc5c6174b29ca9605729a6bc2c8d26f0,1208801f18f863ab9e8b2dfaa69f04fa008358442424381c2e718e76a2ddd01b,True,
fmnist,iid,42,1,d235b79f6ef3d6bc36997b70564eea6d6b392a5bc44f86ce363cfe617f85e927,61faa231cef0a69961f6b89177fa00f8963f73ec470d1dfe9447d20437148b9a,True,
fmnist,iid,42,2,87622dbd6e9d91c232e44413acbe6dd8a6083354a3d47cf777e5fc9491e83ee8,7f6b425b2976ce37c0b2b6998077dbd721ecb1673eb103380e26606885d28c92,True,
fmnist,iid,42,3,f4dc4add2473fecc43a66fe1e66f6a11b62792fd03eadc658a490a6fe5e12cbd,e306b28a542550fc08e1af182f452162f319c740eda12e6afcd4e29b2e57306f,True,
fmnist,iid,42,4,e7ff2ce81b2c838abe052c4ce5e7498598c703729aeb3d074ccc9e3b2b49f7a8,993d981e28838bc2a11cfdab0481b0f190ab7801e5d213d138cf0bf05c4ed1ca,True,
fmnist,iid,42,5,7bbb723d89b22d1231dc502131087c577ce25eb1d2b195981fe2bcffe7449eac,fbb9e99e229b6eae21b10815546ae5ae65db02b637dd5cff37849caf4f20b115,True,
fmnist,iid,42,6,1aca940de153b4ff839553fc8a0891dd0e1fbcd16575207dec18e8e1d4143a4c,98acf2655345417d29f97a9762703d86d40614a74188a7103deb02d9bf38d4c7,True,
fmnist,iid,42,7,238f285f8b5e99f5639803f80fb4a0ccc70f488aff3dd6dcfcf67fa8bac02770,7be6edba4ef23cf00ae37225deabd99b762a06d02dcf96920bae21ee28cf5f13,True,
fmnist,iid,42,8,e105b5ffeeee367eefecacc28dd7f100c97a969530259970306a118140bb6b99,95a9d185bf16d000202fdd1042a9bad6ab62cb718e0fc8c2548b5e75d02fdfba,True,
fmnist,iid,42,9,6bb7eb57bc4ceeb4318bc1f67e454badcd28b7f533e3e0fe7916b7761de2a12d,8eee008468cee66baeeaa1e642aeda78778a16ff33f61398e9e8cb24799e4588,True,
fmnist,iid,43,0,f2ef6d758bd3822a0c206fd6c8762c94e1919f6d0580ad54fba8768dea63d699,46fc234ab4870fd2dc077d2591044e35bdc894b6257fc8786ba73bad065557c3,True,
fmnist,iid,43,1,887136be2fbb52d4f19a5f0084e6a5003888127fb6c5e20d9c865a9ab3d4e05b,70a4dad63c64f034894517c8ba13e66902b02822102060c2c4c816238abea2c1,True,
fmnist,iid,43,2,6623ce369d5fd6cdf064894140b22486d6e6c25f519ee672e568e3bb80077ea5,8d19fdfc7a2288673770d669cc9d90ff86797b91f86226782e89bce2520ba589,True,
fmnist,iid,43,3,219870959575e591505db85ac560e4330eac14c839b02f0c12fd1fb4f5cb2c4f,4245b5fd9cea824813a18d8c9634a4d5650b63000d26bf5b2185740a8261697b,True,
fmnist,iid,43,4,00a127b6e62ec07510da0f97f5e732c58907ea41527c66298109fcd1eb8ed74b,92555650eb96661f76a676b7bcb7554689b89a1331fd906d3c33ebd2702adec8,True,
fmnist,iid,43,5,4a86787fd27858316526b7bf5e18022bce13b5183422f5b70e7d897524d75467,30990acaf87d4cdebaf1a29da28d19f2432ecbe340b9c3266e837cffbdf6a165,True,
fmnist,iid,43,6,0462aa63309c220ebba4546257fce4f5a5d0dab75aecf74659e51e511a727dfd,a5554b36c6f97e7aec9897cdb196e90cdb60b68c9de09ea686df4b85561c7b83,True,
fmnist,iid,43,7,55110e5fafa0dbb6741f0c44ceafbc9d881f49fd6f1f9937bcc8051a5688f46d,7f52bf87f76d686cb91ecd86233bfebf8e7951661fffcb646faebd74ff2088e9,True,
fmnist,iid,43,8,3a62d4a89cc2f75085f3e2ba05747e9ca0710a6e34f21cfee53c929bb805ec61,95764acab33df69872975c8340a8785425e84ce2617d58755e5164e2b6ac27a3,True,
fmnist,iid,43,9,54e96b4282eec79415ab7956efcefe35c45a16d71fbc4dd6c1ae2476fea8d95a,bb35e5a9f79c65101ae30912f85e6ad809167e1d56dec95043ce08d9961d25a1,True,
fmnist,iid,44,0,f28de1179a1d06da03a8dbe93443aada055235ddecf2c69646fccad36f8b3f32,f70cdc1a3c1629fb0a6b6b49c452bbde00e19ed87e87a6f85649441869341182,True,
fmnist,iid,44,1,1fa7f9a03d268b8540e0e01b4b2d1e4536bc6bf1b93826ab95b7e8593be23408,f51ed6c40e9f91ececa35943499f7cd6fea7927a370b34d60ea415421b009619,True,
fmnist,iid,44,2,f985a84801cdbda49b95c8b109248fff4e852971a05ccee15d613333988cdfda,70c4c60bbc019d6ffcc13715b4157d01f7e31a159472ec807eb9c8d7f6327064,True,
fmnist,iid,44,3,a533d33cf882102f2a237354fb8ee8b0fb6c017d3cbcdff980cf1e095e301cb9,e6ea9d3f0d216c123277097e6048d504e0b21fb6f93f5954ce5f4216a46a1dab,True,
fmnist,iid,44,4,b8f0bdbcf6f78d9ba13b60cfc2161d21e622d247130c433e78032de028d9a833,711c78dd04aaaa3d23b501ff92cbe064101e939fae9ccf8e2f3966b0b1445a6c,True,
fmnist,iid,44,5,0d7997dd464ebd499350904ae7142417ed355a50361471fa67bd0b71362119d4,a1ea896cc15fe659df6ae7b17cdbf18faadbbc1d7b26b219c11fe09aad2e7e95,True,
fmnist,iid,44,6,1b8b7c159afcf9a25f89a22800402f9089f3c9ee673c9f8a3197457b4f8fe469,ae946c49c52c7909632eefc5b24c7eaaaf4c1b6d125b93a49321cdf6710caa6c,True,
fmnist,iid,44,7,11f3eaf60c99d89d38233b38d1522cf699bf9acc8336c505fd6ab4633b5bbdd7,f9274ad6a62e1013f9386df7493fbd943955f0a60478e587a8546fad39a74dac,True,
fmnist,iid,44,8,7d7125f896ff102ffec26930731251e7e4b9bbb6eb8d930928cfa91318a89555,741d80cac8c96dded1ad3879674228ca60becdc844fd2a559d020ca9a671864f,True,
fmnist,iid,44,9,9e8c20c022a75ec4230b38ca3b20f05dfd93ca3e40669f6afba42bb993cad3e6,f93bf8da94138fc9c405b96e879ca13d2e546155c75849376c4f86a65fb3b83b,True,
fmnist,alpha1p0,42,0,92c8811c3b31d302dfe3c48d0d2ef3eb5454973d20e84582a43022b66423e48e,f57bfe9337e08c09eba0e8a2a5e03c4cafee7473e91e6142ced9dc00d9cbc7cd,True,
fmnist,alpha1p0,42,1,0cf52e3b07b4b969b3b8d898921234c0fabe30c806d7e5540d9ebab46f12fd0c,4676ea5a8ea5f65e98951f9f49cf8174f63e124df100c8d4711932a1297f3d6c,True,
fmnist,alpha1p0,42,2,e5c0e1b6171ffcb0effd056359fbfcea067eb8be681d662d913029343d1bf8ad,21b2ef16bc8ac53b699dd17eff582fd833c61bfe1dd911b154718e9dedd538cc,True,
fmnist,alpha1p0,42,3,48466e4e144300704e0e2c635b3b6c7d8c4b4e879e6befdd0014ba10c0db4c95,1fa2be97151f2cfc98c2d2af2e927f4f2e5e18e7b5111b9b74fb1c93b3e3822b,True,
fmnist,alpha1p0,42,4,698a58b71215c20548fe7db28a32655099773142e9441802446c49f70e62b548,38d7082a00ff62f5d2d1d220e80e189c8bff97d40461ebbaecaba9bce7744d7c,True,
fmnist,alpha1p0,42,5,0b09b0db8a25721938c4781b417ad9007f02a9b8c1b5d5c87337b3168039590b,7b0ec6405d1a1c18877f8f61b5e0bd5d7b3b9e41098eaf16d36406e697263b70,True,
fmnist,alpha1p0,42,6,2fbea6151a5b275375d713519cb70247219d0297db707d35ea76df8e377328e4,3a3e037550eec7c9b55b3c5827c61578311f61e0f3297b17f894ea4bcda16949,True,
fmnist,alpha1p0,42,7,bf34beb263d981cd05c21b02d4adb29a963411c25837f10ac0ed4e04c2aa81d9,36ade2795d0080ac508480c33bde24e98b8ffac98a2b4f674a1e7f5d09a77292,True,
fmnist,alpha1p0,42,8,a924518a11c52bc4fae03dd1d70839621090d13dba1c873c7db1b530d09b4372,5327c6d91cd089bee62066095a87634c6c35f88ff671abb4e8d5cbaadff7611d,True,
fmnist,alpha1p0,42,9,0bcf4e3d29ae000040630f2841c1ace947dc268e5b351c42044f9d91f4cddfa5,ed931a25e0b09910d546a3a1dcf6e788074cabcb6d30176b91b937549aace818,True,
fmnist,alpha1p0,43,0,919eec817255d666be0b234aa86569cce1f69f1ef91d250d177c77850ca10d93,4d78ca2df677dbf56531c1b84321f3bad77b31a5052ae8cf6e3c656946f82fca,True,
fmnist,alpha1p0,43,1,d9801f408777b881a440f9e7dd52a767b51887f3600b4577f960b30f19c230bb,406f729bdd6c457901c635e461b014f7a1aa7acf7aa22ff0701a34c35966b03e,True,
fmnist,alpha1p0,43,2,561dac423b764b89e5d39404beca1423a5a2476000a1337a7afd32e94dc59fd3,45df24070a1f3264d8fee513f9ddbba09a3e135eecb6b3f946b6554dca4204aa,True,
fmnist,alpha1p0,43,3,5a68eb0f42c58e20d3c765fdc86b549b4dc362e703d3ca5564589c02464b8335,a71da61f66717e49a910856677b3da2c0f3f7ac4078c7eed109e2af5de124c12,True,
fmnist,alpha1p0,43,4,26c7edc30fe113544d7d9d646e0a49dc9244afe4013753f743f3d45db40092cb,03ee91a1198d9980903c5b223629c360d1e793181282d5c40391b9a8f675d03f,True,
fmnist,alpha1p0,43,5,146768ffed88a6dbb6086f64156466eb77ab6e73e84594b30368be21c297cc62,4b5177df5837bf70e518d2a00f2500df8c1d15d35b58fcf04ec86df5bca09d40,True,
fmnist,alpha1p0,43,6,d551fd6ea0eba7378ded33ad8713da5ac233c34d145a532814d7b1db97b21caf,fe5a2837cc5aaf8abc31277610e0c3e85b44aed50744265bf31001886d9950b3,True,
fmnist,alpha1p0,43,7,97fd35b01214a8ecca4f099b5f5b6562ed959df75b75aece79c4542b8cdcf150,52567e2205313dfcb426a7544fb276bf8c443aeaa25bf84c4a21cdcfefb908cd,True,
fmnist,alpha1p0,43,8,ba5f9f04245d0626e27d0a42cb64867684c114fb6096b75364452bc1c9ae377b,de40ec46a1671f0a4b2bf4558da8235dcf9de9ec8bb43bc3721355faecb2013b,True,
fmnist,alpha1p0,43,9,ff6bdec1286bab82aba8ce4f53e91001b157533f739048dcee760c72f6c24bbe,c025e8a2b0b482a7867bf6bb838346e4eb9fd5bc417923fee46ad675d9dbb992,True,
fmnist,alpha1p0,44,0,d38240c091f0c68d22dbc9761d44468cf6ff94ed07fec389d007a778f9346317,13400de7ccd2e9f263c0d65d316b0649ae805bc97e4542fa800312c2d6728ebc,True,
fmnist,alpha1p0,44,1,481e819b6bef3f6746f7d89d86500d4b33427ac3f30db409f50f4d3175191ce0,8c029410a3e3aec666455e58717e9560344cdf131d252096f5726b03db9f1e1a,True,
fmnist,alpha1p0,44,2,0bcd9fe95717718340e6f9cd4f0077079e0c8825e260d5128be5d9a235e7490b,1e63a8505e6a0e712a154944f5f3c74bc6854410b919381cd5d80f6416466910,True,
fmnist,alpha1p0,44,3,2c06115033ab7f3bb6cf9a378ce827796415031961be2c38e92579d4a645af03,0dcbc3999a5a278fe1ed412af2b7c11a1cd75de9db33f93c2ac98846393c8c68,True,
fmnist,alpha1p0,44,4,98a2267d3ead2471e0c9caaccb7e994c6be12331a3cf8191ba1a19ff581d0232,8b7d975ff148fa1bd78ee5346b17b88011b38d19f1c62cf8a13bbe269cc84eab,True,
fmnist,alpha1p0,44,5,189c8327ade4b27ec0dd8a8a951117c1fb228e2eaa0c809592d5bc0f080b1c6c,ecf87c697847dd27b8a4d8c5eed769311e5d882987f921a672dbacc786ef7705,True,
fmnist,alpha1p0,44,6,84770a6cdf3006863e7fc6fedff0a6fd5de259b1199a75020a403bca2ade48e3,edde8e4936a4e86434b558bb3c6373956c68eab0194eaf0b610bf906fb196309,True,
fmnist,alpha1p0,44,7,1e24aea2e7a94ce3caf65b13439b6c1d396f025f491b452f6a4c307ec3bc7234,47a2d2df460fb91b08d0f3fa262a3383143e87389207137314d26d036c2d0963,True,
fmnist,alpha1p0,44,8,5f7ce51f3b9394cea5c28ccdbebf94201079aba0c823aae9b4c03af1f7f3e168,383a9ddf81b1e053b524e2e9d5cbb38d611b27d3f8d15e0a01c19236a80fc58f,True,
fmnist,alpha1p0,44,9,355935498a60e428db0ac3c843957dae0b3c225c329c5b5852f363fea37bdc50,a8b64d36e0dc6bdb119c172b0ac3f18fcacbc04d38db0fe33c3bda5794d16692,True,
fmnist,alpha0p5,42,0,ab496407fad4a7921be032985a366ce3f4ac53156fb2b44cf63c8248f8919d04,d01bec13d0cc0b0ea88d01e48e7a11de327f27e88d1ba00cbe69e845a4bc1dc2,True,
fmnist,alpha0p5,42,1,89b4541ac25c9efb0b84d1ef5a6a983fe400f4467f6adcc18dac0d56990aee90,ae156f230a43d952e7ce65d24ef1e9c62411d2d2060f309730dfdbbe17e20798,True,
fmnist,alpha0p5,42,2,a93db71442ebd98208b24d15d271b618b08f752bad29a2b5863e1b5453b2df09,4da107f0e15b4fdbf855c7cee733225b09da3c94dc614a5c27898b3c02d4c9f4,True,
fmnist,alpha0p5,42,3,9cfb42e9fc2374356a236f9c197f1fd023ae5d71051d94e42d9b50d438253a3d,a7197d71be0e93ca7b3c584e842bb5f8745433b791baf305c04418e88fccdb83,True,
fmnist,alpha0p5,42,4,e9ec6773c90fab0d5656cd774b7abc5ce8e207a07146b06e6d27ad11ea90b303,15dba32eb684d1523a739aa22b60607a9ffa1c7dbb1616eb62d8b52c5879ec8f,True,
fmnist,alpha0p5,42,5,dc39c474187a5627ac3490d3937beffad589fb90fe2533e87a7d67ea8d577976,8dc2a7074d254890559642716de2bd404432a25bfe67fa7325eff66f4818726e,True,
fmnist,alpha0p5,42,6,699b4b1ef6f4fe219549c88bf59677049edc144232a60190794b13ec02ee6bab,bb1af6d8045a21aff1b738fe71ee1795a1ed66208bc84f30f4a56280563c3b23,True,
fmnist,alpha0p5,42,7,b7d7dc9832b9eeba17bf120a85bb061ae82a0be1c510c2ef3b26c553b4084b96,ad93de6d856408e24ef3e452d63a98261f99c6ef0309ce111537fe76520c4ca2,True,
fmnist,alpha0p5,42,8,c7ca976f152beb07317e091f46d3178eacd722c52631320c882d68d9bb93b542,31f28e600a02f7cc16fed6ea197daa17cfa1177474d4c39c1fcbd7c7b64ceb6e,True,
fmnist,alpha0p5,42,9,75c548179978f999bd00ef1e8f168468811adfea5dbfb2f54eaee1c07a6c9ecc,68e684725475e9c37adc191075b8c9ad19eed59f0f4be15b6d7cb25ad70c729f,True,
fmnist,alpha0p5,43,0,5a5babb257b623d230e1ed56d2d3df2b7d0c3aeb5337fd3cd9709e70664c0650,49b7ebc71022a137de383ea0c2b2cb892af1544f33effb06d5d1c8635cd76485,True,
fmnist,alpha0p5,43,1,b65eb833eef0a725a0d4e43f06671b839d3180ff947caf88ac6ac2df797c995c,76b4784863a9d1f3de6888bfd5186e21dadd750dc460e96e507ad5466ec5fd8d,True,
fmnist,alpha0p5,43,2,ff494eb0059ba19eac128112662e26194e07e4d43afdffaa4a817b46b9821869,ae1241f4326970ed9add7619b3eae7a2dff98c7d3f1ecd168c1478ea66ad5659,True,
fmnist,alpha0p5,43,3,7d209f9745fb4dde24e4e66dbdb6b9ad7a06a1ff9645d3e05485e64fd25a8f8e,ec320e3954028ff44cdc5e9794d3d153281153b5bdb68247482db86ce3113848,True,
fmnist,alpha0p5,43,4,cb21e068e9b319f5144dc4795ba7f790f18cba7dd1b5d911b1fd0c5cd6d63acc,632a1f40d8e3b9aa2385a1228a6659af432af673126ac0120da598b532a0a5d9,True,
fmnist,alpha0p5,43,5,a82a9e81f54961bc99d8c0ff762afe33527452c5f04c57574ae1e44d9fd706bc,c8fdfe2fee770ed3122508cf156c444b7368379157453fc09961b9ce6abc2081,True,
fmnist,alpha0p5,43,6,45dacfdab14554e6e3e3fe5df9d826e92f9e1dec7de17a218922afe7a8a340d9,ee8b25d4f91c7a96d1d05ff28d264211b706ad0e98ac2f455f473d2f13798584,True,
fmnist,alpha0p5,43,7,5c2205a297ec521c8ae25f7647f89143836f9382361fe8f8e1faacbe9428e93c,0cd1af89191c391f33fecc60cd059778c62c022e8a148c719b04ac1c17e15727,True,
fmnist,alpha0p5,43,8,ffc50124318e03c1f78d6c86d6d3b9ff58320531ce66dec8119bfff78367ff44,6a0d048e8697e95b3b51ef05c3280da8e9dedc546c42232b81431d6d38b057c4,True,
fmnist,alpha0p5,43,9,f3b86920dd05903df548be78daf3bfaaf1f2a6d7da6abacc699a75d29cd1ef00,873c73899dbd1f0c618c7acb3e4e2c51e77cabf9117ca4990d8f7388a2e3372d,True,
fmnist,alpha0p5,44,0,f6b5a2f7742a7b51114f145353edfa6dc00ca80429e5ec6b2e584aa3054f4daa,b3ec7a705a650a2e9022b2ceb26eb4bd374b0e05e201d1d3f38d94825b097efb,True,
fmnist,alpha0p5,44,1,c9ddcdd86bec5a49f5ea412a7caf82908d76ca302d608908873a5f843e6e10cb,79b88f1d94df57b324ef0d56ae484501baefe579616c66327e4a7574a0cd92f8,True,
fmnist,alpha0p5,44,2,eb51c806886ca54e2b7b2bea61ea4971578f910b5b8e9878a2743b1bfeb87305,b76f323c377e39b2334964fa66925bdd59799949acfddc552f20d0d035948fd2,True,
fmnist,alpha0p5,44,3,8e109cfa5c7d92ab05b5e9f1922074a0b3f7fbc9891cc1a17acc95446186fa10,2c972552dd640e072d6f4b2efad4f67bfcee139f50839dfb96f6e9f8891b5d68,True,
fmnist,alpha0p5,44,4,50c502be4443120fa1b612c52281542ba52b9f6aeb025b11e5f727f1069b00d3,0f908e4328e5a60771e8e13d2b47b2023e034a3ca408b7324db5638d5a90af7e,True,
fmnist,alpha0p5,44,5,eafa228f89c93792e1cf952c31a1b13bffafb6b58d27611947171c33e885df0f,8835053b575787300c925bc9c986693f71cc45f61d8feae9e6a6cd0714c34682,True,
fmnist,alpha0p5,44,6,937c3985dfa074b03d16fd460c379cf0a4484858e2d1d9e131819e474b0e3034,f8812e954dfe725a77a03be9ab49b1d258cff5669825bf406b3d48984236bdfc,True,
fmnist,alpha0p5,44,7,9591a20cc338ccdb72f8aa4d217a333b5738c1027882385578be87be1c2ddeba,86508b1b19fe2335b6d956c466271365930eaae5ae6f3024e246ce36c126b78b,True,
fmnist,alpha0p5,44,8,2fe5a6ac9ced40f381b22b14ed2a9cda66fd6f36e42d5158364f634dcd569b8e,b40aedec420594fbf34f73c3e8d7ec47d139c45d2b9715e53562a31e4ad8a5ca,True,
fmnist,alpha0p5,44,9,abdeeae155c75dd57878f1ad496ef3bb6bc1639e7be526bb7bda66c1a6098615,3807604ced242b5d4419631adb518ab26c23d5f937175dc2ca700deab0897f84,True,
fmnist,alpha0p1,42,0,37cb79e7fa93e55e0758d268f7be902ec9f472f4d2d5ac473d079d9c4fe1f066,9c0f468d9f10342631dc24310cbcf9210b09c44002087905ecfd665b13a95e8d,True,
fmnist,alpha0p1,42,1,794d4fe9a18f7f3cc3fc09b7e9d89f6c6b9c6b584ece7efc39a05edd69f3b92d,4ff7358d85e86f273cddf409598c5be266c6fab90bbf73aed35ec5f231fb15a8,True,
fmnist,alpha0p1,42,2,84ec19951985ba662e724ad5c409fc7cb49d573df3f88db5965da7233aaea411,b5e0851a90fd8e2daec69ad2609926f17fac9c2ec1b38b4feaaf16bcb7821943,True,
fmnist,alpha0p1,42,3,aa4a6d35ae050e141b21212c45c06eed136790f1d369ebf4cba21765f063dd97,104c7a398cf283569a03ba8b56e5a494959393be8bf5ecef389ea87388b06ffb,True,
fmnist,alpha0p1,42,4,d0f03fa2d88830b412339d0e6dea9f84be023af4a643a97c51d8347c558472aa,c9759d0666379f19a9d819e5b102737338744edb6fe54779bfe886f340e13d70,True,
fmnist,alpha0p1,42,5,c1f750d6d66f364b330be3c4cf865a7d81fffefdaccc01a264decc42fe86dd3f,3c8a7e498964ec5041b055cf428d3fda38dbdddb2ff1222cd5a004a7e5f62bbb,True,
fmnist,alpha0p1,42,6,c870953c0eba0fe7860f36f2850108e6e207b06ae7c50be22f4a032313f62a06,160efa24b3074ec5a667405cb3f612dc9c2936ae611eb7f8a38ab694ee5177cd,True,
fmnist,alpha0p1,42,7,4a92a078c9d752a1869fdcfcc8c3830eadcfa7a8461f2b333df13524e6184284,ea5e6425442242b3bad127f686403f384fc89b2f8bea8a8462e64c081e03b8b0,True,
fmnist,alpha0p1,42,8,4261b075a11e7ac2b1feec6297589251bc3e13419351effe0d233be6d3cca112,cb94178ead61c67d5c84f646b2c15a864e227e6e7614d12419d64bcb06845285,True,
fmnist,alpha0p1,42,9,89958f51177e724e3f6b56d9d2c50fde0d8e89efb9ae0b40928da3f7e587c3b6,7e3387b8747a7ff5e00ee7aeb98ccc14d16e158ccdfeae60c3543d05a27111dd,True,
fmnist,alpha0p1,43,0,d768ee817a18c58e0fc528210dc4196b4f9d596359fea0f8cf95f792058f15b4,083a1d1cb1d9607b4cac233f20db2ba813f2fa3171b8ca0d4a7c2ecf07afc2a6,True,
fmnist,alpha0p1,43,1,a8f2a9e5b42f7bb13b5adb52c2aedaf563aa66d52da51cdb1854933152c546bb,fc6617b6fcee9dd394d82655ae6e42097b22b1fe4fd6831ffd3a654c6ff2853c,True,
fmnist,alpha0p1,43,2,40b462bead067f49023e6cc434ed56840e60b0178ac52b49b0ae5a682cfb7f8e,7cf9ac396ce3ffcfc4e6f2afd8cec5e8dfd2077e94ec0c66ce8a918805e9a3e7,True,
fmnist,alpha0p1,43,3,1ade399db4a767f336ee17393cc2f4fac3d150e70fac204c4059f7dd2765c5ec,7c5726b0a04511203715a26a0d4c16b72af8e4a808f5058de25462943c451cd5,True,
fmnist,alpha0p1,43,4,bfdb523e013f0417718082716063be3d505d3653cddfdc3faaeeddf2d4d38eb2,d420617fae7e27d6178ebac66ab2e3c66b3c666c319dcc735460535e98699259,True,
fmnist,alpha0p1,43,5,034e0de19f7aaf68f2cb81f093ec75978f72bd2fee499ab8c9edefc57e6ff5ba,09b29fb5d7e48fc2ad1449b50dcda0cfac4fa4e67bba40ed7c4784d180a41c84,True,
fmnist,alpha0p1,43,6,6738f1a5640bbd492b45a2d38b97db33ded1c66fce52ae49cacb4ebb8f0123c8,4c587133e5bdbf450935f02cd53296852ac9fedcf18f3b949658c0a5bcd7e7bf,True,
fmnist,alpha0p1,43,7,e76eda203dd5fb510f7ce5359ce35038765e230ca0e1c57e36e078aa267dec06,fc89dfb576c3d9326310da1e94a2a83e1bb39f8a256c0874242ca816c359e0b1,True,
fmnist,alpha0p1,43,8,8a428befd17b2252be4a32f4b43d6b914fe23c6641d219f2fb9dc8f3370f04d5,2041f5a41022069c14ef136c2eb53d9ac2c3ac7536d978107f87e239ccca61dc,True,
fmnist,alpha0p1,43,9,f529199d852a88f837c2c329cf8a8d245a3f4ba65de876eedd7ce4d81aa96508,eb818de85137d33738a0ea7da0f9c6d4eb4915b0a81b1395159e235544328e08,True,
fmnist,alpha0p1,44,0,5d651d33625ebc6ecb8a51ed8c6c33e5d8c1864d8e7a6baebf0a789e3f169564,5fc06c92bc9b39e0f87b61830966028689342f179ea0d2cf7c8f1ee6eae78556,True,
fmnist,alpha0p1,44,1,863bc52fda3526eee0a279fce9ab8ee907d4d36cffdfc534bf7e4b367e2e1f51,6402e160b78a3e58d78b5ddb1136728fdc6e6abd30c575ea83f6f73e495e69e8,True,
fmnist,alpha0p1,44,2,bd04cac783b79ff3eae0ea94a12d0524a05a738e8094a2fc78fdbe93bee1b05c,df0c905f47115dcf2600b2ecc146e8ec8a428efb141996c811ae320a6213c1a4,True,
fmnist,alpha0p1,44,3,ac18cc304a244d30ef8939274f3c1372e407bec7f5d085f0a6da7986469bae6f,087e38fca2aad8b2d62066a3a095502947c35900b2328686c60e3dd59932de25,True,
fmnist,alpha0p1,44,4,3a59414134dffcb813d91c3660206582744057cc2e71e48933d06af83c097b5f,17b84136188b59ccd7b163a2dbc0a7b518170a9d9a025e4efd2a5701d630f48a,True,
fmnist,alpha0p1,44,5,620db830f857b9ed36d87404de678e7b05f50911b74b9bc48efc98d961e773b4,6742e9856109ffce4d9bfc932836c37541caae5d3943a0ea9b3f6bd5f8aa510e,True,
fmnist,alpha0p1,44,6,d48bb344fafb7245032f9d30ad1e088c1cbc46c2f9db7bba73c465862d2b6265,b52c02f65e10dca58908c60d74b5676e87ce7d6845c731b7215987f506cfdc32,True,
fmnist,alpha0p1,44,7,ae320b7120756128b13a50c87cc972065266b157e5651c862cf2cb1b60cde311,267c040bb8cce42a7cc60eead256aa727a15b5e64b3f46694e9c303d574a0c8b,True,
fmnist,alpha0p1,44,8,da5670986e152f7f9271a3a5d3356e0e78d6861ba2ed26b0d0ac23ef7135a713,14d44fb06f1545051c13ade07eb660ae99f74e4da11634746b4f11a6ab3d7fe2,True,
fmnist,alpha0p1,44,9,94926ed9e46d87c4fdb970348a9dc31712a1c67fc3c879842db883fff435a9f1,9cba97fa4d059f41f2662ad2823465a47e3fd72f5ef2c8e8f50e3bc8c6e97326,True,
fmnist,multi,42,0,c4459b6fbac706a51afdf46e3bca8e38b577bd321af1c2e95196be659248f132,3eeddd475a62bcc65d527713abde4080b1c958d71d6917273ed36045efcf5a9a,True,
fmnist,multi,42,1,c729e43ae57432f3dc02d98ef6f31ab0e541bcf97b2ae92e31e7b91c7203665c,a129dd2566eccc766c9664a93430ec99ebb85c444d8ea0fdb4db3a23b5aa1090,True,
fmnist,multi,42,2,35ecaab99f1f9871dd3272d35801ec418f7c393521579ad706a075d68373aeec,94eefa0fd8d57d925a50f74415aff2d111792d8b4b2b7dc9b9b3ffa63be80689,True,
fmnist,multi,42,3,6092e81543a7170102f422f748f22067725d0f49357e9e06cdaef9b000b9dd58,d002fca1a9066e2764d2be42cff3f86f4890a34b66d694163be90410d2fa6401,True,
fmnist,multi,42,4,05ff447a13fd761f88b3e4d5bbb70393feb9cb37f650b4b3cfe5899bc3667690,a210d36ed8c59ae45bdabee49193f8e5c85d0b97fb8780bc7cb4699803c872a1,True,
fmnist,multi,42,5,4f44c22b43dd37ba2988626cbddbdfbb39eb4bc17985842945b8017c59b28881,ad8df8e96ea370a83358f80fe82e0a84ea5f41f1eabc419f505015da3a2f6884,True,
fmnist,multi,42,6,766bf18a70fbf97546b999337b7b6bf218a72981c02e2dbc1af12e16f7aeb90a,04e3e871f43288e8b081d2b9e237245d1511b5850c9051920f8032cb60244545,True,
fmnist,multi,42,7,bde320a77f60672c4e334ef286a9993aba6c468ece9f45a54adddf7f10cb0e6d,d805480efe0d2c7a55cad22fabe15632f292359c3c28fad76ee4088bebc0e543,True,
fmnist,multi,42,8,b7529ac33e25047e19d9e021ded3f0b01c1ed3ad7cb46cea7977729a74c2c546,f6ceac5a3ddb88a7703cdafd4aab0144596af706b4d8a426c1c3162c21011eca,True,
fmnist,multi,42,9,a9a8d0df1e0a7911395f86996bca5a03ce10e56b92a5ff8fcf0b53d355cfd459,10c1da95e8e02e346d0d06d506e9f446f8b9ad142d898ed11ba1f6028e5932df,True,
fmnist,multi,43,0,2c60b93a6362075ba710c33cfb7afced4beb8b369e121e4025ebb91e8831dec0,c13b5dad086d0d1b6a3fbb50cf258a97a4cb53558e54c5397b012098a9999cdd,True,
fmnist,multi,43,1,c8853253d0252da853605bc25d96e5571acadfeddc67f51d0a6ed866ea3339e8,051ae6879ddba07d2ad154d45fa9bebce6f7c4ffc067c47aa0d71fb6f69e7a89,True,
fmnist,multi,43,2,1917d22e1159ec762b693805089685ceade6d477eade2bf4e8035d4c5d06df80,4747a5d9f6962131c9cf5935f318027ac9387ee94d4f4de2b9069cec6dbe3062,True,
fmnist,multi,43,3,e33c3ec9fbae3a5b6a9ca6cbfcec49dae65c5b15fd68bed747ec2b3d35e00b5c,f2429704bf609ddddfd04ac6cf1af5d3b896e925f5f97af650a907f345e75645,True,
fmnist,multi,43,4,f17c1ef729e5d5736a68bd102caad1d2d39592126a711d89d4be376a65f3b1bc,9a6bcf7376a50c597659b54b9ab1919b87f17bb3456a3f52e485bf42292f2eb7,True,
fmnist,multi,43,5,f9eb878b332bd0e25ceaab614d9aca7d5de3c3845e079f18c18f0e0c629757d7,b8f941517b6f622e105050f939421e10f8b9b8296282e601375f6e35a563c08b,True,
fmnist,multi,43,6,3fe3107347538bd9607cc19e3cfd4dee04b9a751643ceab90f43da62d1b783fa,448ab250ba0c60dd3b7c1370a408f76d0a9600446a9ad5a2183766e977af51fe,True,
fmnist,multi,43,7,d1d953bbc9f11c0ecbcb77078566305e4264ad93cb76da9c1ec8f5d4196c1575,606594291493292dcf5a357150ffb5072a24db3365f7a216ed1e3615a6c52a21,True,
fmnist,multi,43,8,fb4726e6df0c9cba69ae97d2ef3a6f3ef2f2e83a0057fa7ed878231dcc5d4fa0,93e531cd885e9cf3e91aff38ee497bdcbaf6403d35615909a8c42f326ada8d39,True,
fmnist,multi,43,9,0fbff4b79cee985e24cfda633dc8fcb2dca24b70a4147bea5c362a33ec889401,a95845c4e33068b74d4ef53dcc7257a0bb8a41f8b4bdf884fdcbf97fa8acd6b1,True,
fmnist,multi,44,0,149ed973f2dd5a602715d808dbc858eaf70f4e0fb74caed7a3fac52a61ea145e,60f6517f6aec90bcfc48dd6f0cb695d9fcdc08ba5d4e381c9728cc4c9bc087e1,True,
fmnist,multi,44,1,b218470b81047129bf123b3ad62c359e98dca28c5db63a98c046bc02f10f98c4,5a2d4ea52907ff0c953e6a8ab5903708cd124ea136cb9670d032e51ee72aaedc,True,
fmnist,multi,44,2,f2127c929d9d03abb1826398d5710a109b24b47b20833c1a4c865d929a2a8f11,f37aa29e66a57a61c018d9b34d936105533497938c73ee1d2d0e5ae165f91516,True,
fmnist,multi,44,3,899473e4267cb779e45157c2fb07843c3eedb947eb909b5e535059a3a2165e18,3bc7fca788f014feb7f1e5fc26afacd06954d3d39958ddcf4f0bcf23cbd63c99,True,
fmnist,multi,44,4,d70d12e9788a943d886dda0116acd7f81c302514a41e551df1d911bc296110ed,fba90efcf3eb77a2aed4af0e5dec6c64aca502077fbe7507c0019812a2fdb72c,True,
fmnist,multi,44,5,49d237f002530a60ae28494ddfedaa168dd5f4f43f8f21786f4d3db923ce6c93,b83f6ee7a8e7a53f74b2f617c6a6e097f77d62837d5637809987c89a06901d2e,True,
fmnist,multi,44,6,fc1614723064166cda0c8bb91080937db4bc682171cc7eb0398fe210e15a16c0,8c7c5969848117bc088cd05d88bdc3a13f42f2aedc5b98912de2d19e9dd9abbf,True,
fmnist,multi,44,7,45496c1176069ab66333b0289c13f0867e641df51d267daf78020b431514041d,7b63ecbd9597b77c6fb4331207f47d3f3b4d47ad620f00ab0027021266df6247,True,
fmnist,multi,44,8,f4a38fa731d4554b98ac433c103b8df483771cbc130f5fd31714ea19de0c5cdb,015bae3ad4b02f1a742c9a358823543a6523df955c862602a759bc1afbab5efa,True,
fmnist,multi,44,9,860318e5e1274ef132ff0e945f7f03ed26a0556fcfea1525b8a9d0c8b8eb660f,59fdaa3397d6978140af6097d48a203e752608909ba43f5f6ee618d460e36240,True,
fmnist,single,42,0,4c3a6dba32f76531334ccf2da54b4cfeba0eb93f4cfa29875ec7e4ae825af4d3,417828d7382b9e300f9a26c53819c7da66e35034411b7beeb689e0c184b32d3e,True,
fmnist,single,42,1,baabed9200b8268bc3eef849f0b6f5dc52e61412ea0a9fa2efd29d3469325853,65442320a4e68ba40246e7c2683ec77d46c4b7483dff6f18bdad409ee2074d01,True,
fmnist,single,42,2,6f841c67d9ecc12f2e4faa0e35945a865d77554cd681c84c8e64ff5e0df5ce11,bf62bbe58f5d6eb2f65648201a80b92ba9a669f2c7d5b9ccba9920503626ea66,True,
fmnist,single,42,3,09de9dbf6d634841b9945d5c9f28f06f21a3e5fa192eeff6dc71fbb6ab15da90,336919e5d17acb939f54823eec3406ecdaf19540c71e1a4a8224de6d8d13e8a5,True,
fmnist,single,42,4,b40de7f81997de122ffbb74935aae493d333a91ae91964d2b82e4d43fe178349,f3315366418f82156c8b144823e7984b6016df10351007af17efa6ae91191090,True,
fmnist,single,42,5,e8fab527329546a966a347b8e76883b9c746fe0e69ca6fb7ec83815e17d19e53,ca7d66638c4307acd896edd20f4fad06d7b0013723c50f20711c0e39951755a8,True,
fmnist,single,42,6,036721d5a8c9aaabb3aacb5308676af9909cc38010ef49445ea2b825fb45eac7,4c7a1ffbb97561196f1fa9ab636357cc7a5b0230eadf8d71dbd3ac72e8b009cc,True,
fmnist,single,42,7,6c26f080d12c5c6d723ea179f326ba419d81a6a46880c6bcffe5ca9bc3ec3dc1,b23ccc51c73cc12a86b3a97cbb75c0dab553328562b7b44c8d6ab9021b73a66b,True,
fmnist,single,42,8,561da12f39995adb530322da83dd55125d2caa212bfce80ee8721d15941830b7,082014a934e006bd278530450ad215f9a9315bb9fef848a53d45c447fc4c1e11,True,
fmnist,single,42,9,02a36f05d37ada446949646e5357f0a010c1dc1f70d0e7c88cb9be3d032de2c5,f482286d966ce678a255245802a341acd5107507860b238b79d60f197d46963f,True,
fmnist,single,43,0,0f71c1d59421c1ae3536a88d326520c6fb0156edbf5be081be04bef7e3473afc,46be39492a2a6a6967eabe4c5febece0fadaa49baec013c9938d5d665427bddb,True,
fmnist,single,43,1,26da56d5c1f5adea2fd9c52f5a60b722934530d5e9f9f910f8d97f0d9827100e,a8dbf9c78591fda7d892ff3c5b773a36892a5ee2760d3d0e79757fc71861e3c9,True,
fmnist,single,43,2,6eea2b1f433aa6c1afbe90cd6b765f908addfd2aa47940da6f1ab3c46f8f8789,3125e2b0e61cdcf6d232ae75857cf7688866aa9f1903eda9f6c9d39cc87dd92b,True,
fmnist,single,43,3,7736a04388f5a46fbf9123d1ca620c27e713f6ae062e13a49c94cb0b9c555019,f15e588c5b47af849f336a8b55188340ca612ad47d2b92cbbe66d62c059d0290,True,
fmnist,single,43,4,25f25f9991f71693c1592d73375ecfe7ad026fc050e2162cd4a536e177a429ac,a7d5ccae6fbb5944768f71e6297ee4774a2082c265e21f63025a99c63fb6e908,True,
fmnist,single,43,5,1ea50986c2f2a1f46a7d06d556e18042afe8f6e898142a6b8bae364e01c8cc51,0dca94353df0afd8fd1c6f60c755cf9b6163656674bb11373f9640204c60c2c0,True,
fmnist,single,43,6,7109b4aa6c4038c41a2d10814db7fa3493a85b265aef2ea761d8367b87f26038,fc4b4ac203dd2dc82da9bb98eb7312c47de84f851c10ec56cca529d5d924d4d5,True,
fmnist,single,43,7,cf0d390b586a340af55a10cbbdece3e6224bc37a7158b97d899f3c71b61e0e42,796260b3b9ff608fa987e26e6f628b870a98aee060951a60e6c525012df24ea2,True,
fmnist,single,43,8,5355d65d8a6a027cc881d8fe496910b786fceabf04566775913a79731c3680d9,f6f104a4ace51780d89fe842ca839b6882fa1b2c071800c15835e9d8d2b6885d,True,
fmnist,single,43,9,4a96265eb09f9ebc92eb7db4abfa3a61816525852a595bca7450733a8720ba28,8b8973ee7e644d3f8b2d5d56dccb754c7dc43af3b60b7fa02bef6644d462baee,True,
fmnist,single,44,0,c19ab8f23b9848b49e77928565e0a467d61f9bfcada8a4b53cf4def7d77d76c7,d0210ef98f044ee76d71ddaba74ca293c32aa960149eab56f668b4fa15c118b9,True,
fmnist,single,44,1,8631e3ca075da06de2ae36cbc4051f7d982664c892931c20668b4e730b70cf32,018f19f15cd680e084cccf3e1abbe03feaef5b2bd58347773bc13837d8ab584f,True,
fmnist,single,44,2,38c08957779e0ec67e4fbd5bb9ed8afdd8ab554569e96c79f41945c086488424,cfd13859eebf369bf8cc125b169a3c60b6667a227c252b39c15644549eee5b88,True,
fmnist,single,44,3,d6d77a45e7e067dceca061ea6135873848d64052047013f45dd64567a1fef1dc,55ded6e8423f30900ff941f5a2dbf4585f49d863cdc237147bd3ed8ef8e8957c,True,
fmnist,single,44,4,75ad47918f731dd37128d246bad7fce31dd4f7e6a5ad3c079ad1051f2d260315,9c2d418cf5b3dc638f8708657ff63bc540253180c97e3f146d04876db5ead9b7,True,
fmnist,single,44,5,2b948a899ad9b6792746f5fe291501b71a6b8defc415fae95832e1a9a3f472c7,f54a9f930f2f136d02683bccdc41ba77d213edc2390272b8e1b0d1cbdae2c987,True,
fmnist,single,44,6,754de7b4638d6afe00b08a296fb3a05dfcd2e6662c737d6c34a1ba96bff91e4d,6e97983149f3e41a19581f741ddaccb5d287071c699eaa190f1e2ba9f2f5008f,True,
fmnist,single,44,7,ecf951f281debd15663957206e69111f55b48d09f070d6e5c7cbe2743ad5fe18,18b259b2a3a3f6e6b6f1b6bf83974d64d86bef51fec5216a1acc5ab47fd95795,True,
fmnist,single,44,8,a061ed1c1937ee440877c831fdc203e0185122207bd9c6f8d35b00ffcc442ff8,c690e78bf95ba93301f6094da5b6bffe6c233dc548cc235a7b7f4a2709b9d520,True,
fmnist,single,44,9,516f43b20823d6e390f95ed094b86ce7a98f76061729833bb006226d0865b76b,2ecbc528b1c779263641e6f28dff66371c646bc6f188d825ee94f3c332122c24,True,
cifar,iid,42,0,f28bcca89a3f724f292ee869442d2f1bcabd96f82486761346450a36c9a1cb33,ea9799b5d448e75f02e65e6c109424757b31746ed7c02c5ceed3de58a36c6b13,True,
cifar,iid,42,1,11bc24a37c69a76951d89221217865e84f7c0e8384d988a52081e7ab57cf1c52,968eed2a586c2773920893299212326951cddc1a358129acc68a8523930758d1,True,
cifar,iid,42,2,4778071df2159ccf1b18408c103d84218863e966e2a5d8c8636dedc81a225ce0,ae4c7e8e04b8be8ae68ecc097a80c2916606bf17913c551ca749f82a9e1864e2,True,
cifar,iid,42,3,4ab55abfb269e93900e2fde9ac145ec59a31c82ed77248c778835fab9177420f,2fa7b74830a0aa69de16076c91b5b8db931856d1f0c38ddb6f2b6a9788680781,True,
cifar,iid,42,4,87fdfffc014a49e4f4a4753780ea8320b636bd4f7c45a0874d2a6739c767369d,930c30a57403847367baff6c0361855a1bd64a812cd5cc69b4d274e2d8993ac8,True,
cifar,iid,42,5,118c4f724b8b67c8e002fd085e91e30f984c4aa029216c3f2c84a2f7900ceb1a,043b8285a7fb9e2d54de619d58dbeec5722be2460fcbebbbc9a78757b40ebaca,True,
cifar,iid,42,6,062c66cd3579a9b15ba6d90d7f6759db9f83a67aec546a61b436c94167f6be2f,82cd1f0dd87f08260caa2574d3d23676cb3102074a0b8e39298363d767fcc3ba,True,
cifar,iid,42,7,85889c3cf1ec97b8c4c9471172dbc14a6eae0e90ca3a5214bc6f4c11ce6d3e07,a0452bc2ff374bd51be5d30ad5dfd3de5a220840c792b3e675695fb99b8eb7db,True,
cifar,iid,42,8,b20f9ac0cb781a0b6c7e4cd17dd11dc3e5959917dc6a6a2b2fbad0544167dce2,a81827dd8b9a1824149b4f193ff3f3ad6246aa4221e22e00c7832d086688ac27,True,
cifar,iid,42,9,32b0c174a89a49dd361ff354842e6c8c439f31e9c0dd13447516573ebb59806f,ad352a754b135fdba981a3186244c7ea1848c81aaffbea92de31cf3d7feea9d9,True,
cifar,iid,43,0,5428c063818d4406fba264f5f7b54fc47f036037c713970cb2cb19befb2f8dcb,cb3092811b368611981d273b928ef9e4562d89233d68c2b769ce2ab643240cb6,True,
cifar,iid,43,1,f1aa5ff74c72a0f1436b36c73b38ea3996b51727bf4af1f13d42a668c712b7e3,bbc8ee6cbc595042c616a6889d0bfcc6fe8abce7c3e5250b711e5f1b13f3f1aa,True,
cifar,iid,43,2,736e6596c53fde04efd0cae814e8dc7f84b127080964f1ca213bed7a81d9a187,1fe3150a3a646f3c0f7101d777f460d94b7707df0e4d3939f6f11ccc90acbdf2,True,
cifar,iid,43,3,88f77bfa693e10f9479db74b2b320619e9cf286c7a92eecb5a7b5c946cde9556,1656328dd1b555f4a440dc0aa7ee623cbbc547cf925e568c59b992f60351ea8f,True,
cifar,iid,43,4,a7296b83007f6f8a2e5bf9268feadc6e83604b1ddbf030eef658394eb8a8f8ee,5f92abcd1e9bae3b6fd730bcfd27a113308122703a3f8badfe05c5c638b1ea87,True,
cifar,iid,43,5,60945e25a8caeb535de6e722399c211dedb7f1924ff3e77aec229fd252d53a6b,309e29e35c796b8a356f18c7b8220fe365c906a288a68bba59fe5504aafcc5c0,True,
cifar,iid,43,6,250978f96748113e42808ae0f63082691125199cdff069791f78066cac364e61,50cd384f8cab05be9256d55eafdc8ba3f4a7fc2a97911289cb1a584b3843f9b9,True,
cifar,iid,43,7,6404e2c494a184be9f477373a96df92edf93b1bbb6c46dda093a5fa8da175efb,ef3523bb83b42cf249fc0fb07de962f6140337211f2f403cb849ece85affc079,True,
cifar,iid,43,8,9cedca6019927d988f57fb54d2d7b805b12ca1305caebe833c082d09a4286b84,061b57b735864c2c015fe21d717448c817dda02b4763419524011762d5ccb3c1,True,
cifar,iid,43,9,69c07ac1d8b238dc8de6eae4e4a535f19d44ffb33f829f256a1df763bdf2ba66,e8ea998ef5cea95630a9258f89992510e2f35b32b2008604b7f6851adc987176,True,
cifar,iid,44,0,015c6644ce0a48872ecbbbca00017820e2d9b079bce984beef149d7b370365e5,0ff10949761ae3dff6f923fc6347175a8f7c15841ed3ca9678b0fd42af88ab44,True,
cifar,iid,44,1,7a27f342a75857dacaca9c229a99db5ca411c25c72cc540673834083758445e8,15da52fca89fd288d6976bbe91e24441bb028fc21893ee20ac587a95e34f7036,True,
cifar,iid,44,2,e326dffa3249d7ce00afb20c5271a2d96c24052ba9b41406b05bc46b36697e15,ce8fe6f6e9f37a032b9a8d00210a4a05459cf3eb153c6ac1d928af83bfc65e25,True,
cifar,iid,44,3,d183e66a19a49bf1f07f2846210d67a2873de7c050876562a9e86521c2295860,e4d94e37c9635ca733269a56c1a6d7ac5ff81b268462f94471c0e3b77414b03e,True,
cifar,iid,44,4,49dd385a04a19639e7539c3c83a63af1e2694b6cf4e1989afa394423f1712c3c,e2c14a1cbd687c9b82a26bac04dd0227facfc4a18ab73e2d565c2d065c95cf55,True,
cifar,iid,44,5,4ae29bd0328345aaa0c1ce8373e779af45875e88b1f81e29b3d6e1c16240b9ff,e7e904cdc23c876f38d037a9ef7cb7d599b9f9c773005437ab3944d3e195c5d6,True,
cifar,iid,44,6,0887cd6b39b063e74ca406ecdab571bb493cb7d937467aea7ac0ace1a7c6fe80,e323943bf8c7697e81d1ff7832c9880ce2e97829437e0d886dff720ed8fe509d,True,
cifar,iid,44,7,451a7a20847d70cd37c0c337f3e45116518c458fd77495348403ba05c2926eff,27d30ed6daefbbcd2da6b6c1933815ba11e58abd00841016e0ea4d567593d68f,True,
cifar,iid,44,8,8057d1262dd42ea3965cda371892427251c6a827a4ff1d566f5717e0316050ee,083922a95f84d64d06ca80b03db1cfb3e8196170ec40a97d333064ef672850af,True,
cifar,iid,44,9,af683e94a6089771566d3e82698560ac1c24f8ada8c8fe6f506d3f115da9da08,af49bac51337240164834814a03536aff337abfffc5c2a6ba3b8ca84da24f95a,True,
cifar,alpha1p0,42,0,07f6d8d92f6b1e1915ccbc7cc90e3b36eef3aa4f370bdec47a52c0efc336fa7b,7eba1f2f3610128224d6794d03a1352e8a947d2ac48434408f167d105d110bcf,True,
cifar,alpha1p0,42,1,e4fcf990dcb26d99520e02ac43f3bf2443418a32e4136e0653c59a4da6970b19,323ff4c7339a30ec47fff03ff6118b81068b15433efddba2a8232d4091daff19,True,
cifar,alpha1p0,42,2,6591569ddf211f861ca1b8215feb9f8ca52156e017a1a7bd7dd342c563905841,fa6e95b5a7a26561f89b1276f41eea0db1e90b33ce83fca9f8ddb04765133c8a,True,
cifar,alpha1p0,42,3,45dda14f86f6550ffe903daa67d76fbb4b2ea37a6162306ab646786b320af44c,92cf2cb4fc20dc16f1aab7d5f27e19de719a9bcb9c5939f9b3e5d9955d0cb0a5,True,
cifar,alpha1p0,42,4,8f964be2621c8d135d77ce255939905eceb716f34f4cd833a03d1b416cc338f5,2205bc5d0b155e71c664b2635a7d66239f223a74a9192f270fccc2f437a6a0a5,True,
cifar,alpha1p0,42,5,dcb6f16f7597db7a0e5cc74df5de4efe05cbc8908194623bf395d45687bdabc9,2cd868130f1e25ead0afbd4a33cbbd453645bab8457009f10c12dff05b53555f,True,
cifar,alpha1p0,42,6,5fa2e8deac0d36ada878faf8f50950d9a82be665e013072b0d49854575edab10,7ce3134a9550073a7a6105742aa1a5eb0f60890554dbeb8c2c21090f30e4d610,True,
cifar,alpha1p0,42,7,a2d0216596992489dcb94e218c96f336efe96a8722e3e3f061c255693dc18bdd,7e5ad8e1f0ed4d6d52e0e42e39246686666bb4519896dad19b05dc51f8ea15bd,True,
cifar,alpha1p0,42,8,a9f3c65c570ecf96cc94e90be1263a7dc020c0833ef400a2c9cba864bef38ce2,b9a4b4b41872d0eeb9d6e7ac1ebb5733088b133529859db6868939c906a75775,True,
cifar,alpha1p0,42,9,d5cb96f65632a6b85a3f2ac6ca41258783de2e5322bccf895f3fcbe7a4aa6d4a,b40ae8e83a80f5257c56ef2bdff93e62a78dbdb7f982251eefc78cb448f3dec6,True,
cifar,alpha1p0,43,0,211ee94c718d74c30a83a9e62de814da0e6ef9b952b43a010c836ef270332002,721ce831ff6fa6dc6b33a13d633d2b96385f89e9355a8f9364d211da62a7dd6a,True,
cifar,alpha1p0,43,1,e65ee1f5d787be31f24e9278d971fc0c6bd3f01e67ca2c43e4842802a17829a5,c6a9e61e6528856a0c2bf967c245f920d788dcbaa42372286c028ef8cf9a49ba,True,
cifar,alpha1p0,43,2,1acf8f2624efcd41aa2592b653b919ec9f6d2cfb479ae02e40d8d1a9279d2bff,df99ec708a5186f3f91b314d8d4379adb0985f8fa8ec615b502bd39d711510a7,True,
cifar,alpha1p0,43,3,f724c46f71d449ddc93552d5c24756d83d443d7c7bc7af5495bfe5a6137fefd9,cd913287719902ce333ef53c2345819c14b10e3352b831f7fb58ad97311c39ed,True,
cifar,alpha1p0,43,4,2fdcf7e4aa566d93446907dfefc2437fb21944c0b5f99de4d2ea8190701ae158,ac23ab3515e0d7b045c29bfdac863340ae0599ee92170d68d87c13ca0ae0e78b,True,
cifar,alpha1p0,43,5,eaad9e05e5bf1c223c4ef106890bed1e0f59d1237dfc3e7c65e587a5481915d5,7ef7854197fee603b2162f907377afb806f36cd5e9acbb33716933ad18150ef4,True,
cifar,alpha1p0,43,6,30457c315106aa0eb1a79859328ca1dd0f37693ffb3fbeb2583f8840903f3bf0,fdb1a25aa1b47440a117e790aef4c3e7b20746d1a46b306dad4c63913190ee59,True,
cifar,alpha1p0,43,7,296b8e2ceb59b3c51a9d6eb7aac93101e0c0769aa7698b86e848dba6460b4c26,eb11099b1ae427efd9f5b09a482e3f17821b1ca81c9cdfa724ce579698345cc6,True,
cifar,alpha1p0,43,8,a5f6690bd49c1c8e468ae7f3e972bccf431013d32ff2a3663414d38c3aa8aa20,74ef4b0f3e4af3a45cff2a0a6f91820ae0d6b854ce62c54e3a1bfac7e14c3a22,True,
cifar,alpha1p0,43,9,a46c18a206448b695a88fa68812f7a31b6f439601772d5e7d5708853f3f934ff,93db92ad86d35747a2fd10db1b8b637cc8569ed4a3e84470aa1448b29478aa32,True,
cifar,alpha1p0,44,0,29ada5a678e6190edee7ae83725e6570ab0421e71d05047e3220c4b48310d4f4,e4cd79e90291ca3e289219efa51370cdfc76279fa838bb85a44ffc3be8b73e60,True,
cifar,alpha1p0,44,1,779ee2c02225edd8d7c4cddd4da75ae862f1248753bac5376cf3045a348eadaa,90d266492ae2ed697b973e6e65875a0591c4ea3fd2a29ed115b785493c92f9b0,True,
cifar,alpha1p0,44,2,a666b861194f379d88457308e89845aee518033213118ecbbecb91c96317e832,a952704d67d5b05d23cc598a9673aea1f0c14759b6b2fb6c6e4a8ced501496c0,True,
cifar,alpha1p0,44,3,0cc309d636b40039655f5594317e331c0ce533192a81f3fb7b02c01dd3560850,cf6bf79b67279d685c64b9b487ae30b4029e30d91be85c869421ae68767e3f62,True,
cifar,alpha1p0,44,4,d2898ee628428871b89c84843edef1a8fe9023e15d58ddfdd19b9d0156bbec64,d39fb498a590b5686c3bfc8f432ecae0ae73eaa25210eda57bf8b1af4f4d8790,True,
cifar,alpha1p0,44,5,bfa29c19b3bd655feb46508aa56ea4a483449c3ab0b7f5b9cdbf662ed92fe42b,e2f88ba888e5d5b3a391e48f9f39045c7d60e517965a8a4011d5ff757292e999,True,
cifar,alpha1p0,44,6,59353f96244c9eefc6affe20208a8b04e7cfb5060a583d01bca74f6b4c55a333,bc6ba856e72a700748216a8f81d49045ed6984211b8532843858e870ca552928,True,
cifar,alpha1p0,44,7,05e3e0d380c6d53a4dd5fb7bc73085234015cc5e5e49ab71d6afd620a17b439b,eb4bf5631c9b4b2428d9f5c01759a7cc923eaddc0ce4f7f1bd0402e0f6b4a194,True,
cifar,alpha1p0,44,8,3ad2b92e662bbd7524b3f4fd49a6a09b09524bf0a1d48a1493082d91ea01689d,f99ecbc71e46a85b4fd802a1f4a121129839a2b365ef9f29e015b83729945c7d,True,
cifar,alpha1p0,44,9,7fb4688963c218921902bdbef0f40017f4ee2b68889e2bf3ef47aaab2e688fe5,72312e0acdabba4bc6f348ccfbd889ea6ad532f51a74f0515653329b2b6932f1,True,
cifar,alpha0p5,42,0,4f4feaeb54bb80b96f1aa68cfc22e4630ae4c57025f38cf470e849d1d335a243,47500a60953eee2c373b434fd6e58ebe7f102ed7f4802fd7ec354436a0fe1b73,True,
cifar,alpha0p5,42,1,c1c0e4764fdd09349bf80ef4b603f3a51b0842945fe376f4f82d750f93d6f394,e393cedb7aca314389dc5707eee106891e0e3ea97a8cd3c6751568eb56696d1c,True,
cifar,alpha0p5,42,2,bd3b41871e51e3025a51369a22d6fde7fcb20bf487b77ee5ee838aed13d98437,2141ef8c3c35de6d6119180402e1e7d9a222a6fc0a25de375ab8323f69fdc0f1,True,
cifar,alpha0p5,42,3,bb5b7883f4b8b2329c87e87f8b999f8aa55c0161a52296e39697bfb068b64303,850a9712a03ab6b2a4f4edaa79c0115a8309f5553d31c108c4c53a6642f5ed0f,True,
cifar,alpha0p5,42,4,c6ca11fb4f7da425e1aed8d018475aba8566b66f61515a9f1a56cdf6d262371f,4f4ca1e1243ea8c4b6e43fc6492fa9f7c4403e95ff7b68a39200bd2522d4f362,True,
cifar,alpha0p5,42,5,7fe3a85c4883a8ef72cd9f6af9d857cdc74608afed83c4db67f74f49cee0c14d,985c38e6aff98ab8fe73b00882d45e01e0c4476e80c162912ec860deefbacc6b,True,
cifar,alpha0p5,42,6,e0d1c7a5eb9d573ac804e8b679e18b142f76f05d6ebe6b837dc1fd4e5d2578c3,04319ce0f3420b4c9a8a8dcf67e28262b7a495628f9883c4a4ef30002fa33ead,True,
cifar,alpha0p5,42,7,67bc805380829601379d7edb5b72c0a4d181f74538acc9c736a82ff5c0b418da,e331ec8b353f50f43d3ac0d0b733b99cbac104c569949256b2ccb46e80d0668d,True,
cifar,alpha0p5,42,8,d799281d47419129fee49dc8cb7db53689e1f924b6f7de77808094b42b44c44e,3c67cc29e9779b0a847eaecc7135807e0bdbcb306a91eb5767f8f3ca3d8214e5,True,
cifar,alpha0p5,42,9,3a20b16431fd22f8c8de4541c537b2cada2075410ee18dc200eaa183a7e6eb51,6823bb71f08e195e593f00a0de623f93c743f3f1c1d85a14a193e89cbb6cff16,True,
cifar,alpha0p5,43,0,d7834e5137b52e14fc5b088631baf1be5247769b5895ec440e2f860120f7c1ac,ab6c96c53e6c2ffa2879f06cf867162f2f44362acb51a69c1fd1114236b40a3c,True,
cifar,alpha0p5,43,1,6786d84694e0211d2d3616df44b58042cfe7ff5e09b881b270ba1085ac989d83,f3cad539c875215c39b67816de148ee7fd16b301cbbb4013d41b365c8ebf0e65,True,
cifar,alpha0p5,43,2,bcc901a6af9de285780e021368a1f9462dcfd66e89b60cea7e220f2739eb3a4a,1bf442d3d8578f122d03aaf810e7a3144050fff7182504dae872e378e6dc7afe,True,
cifar,alpha0p5,43,3,af4585bc96786f5c3a0b9f0ae4305d9d1b6b740a40c39d9935cbc74b19b9c703,b6ba16654e16955065b96e1f5ea2cc3f4f2381308211e36f67a51a9afff0d25c,True,
cifar,alpha0p5,43,4,72b680b8876d8a6fa47f24fd1c85cf4b563dbd4e12694532b41a550df308c8db,45f20e7255042858ae079688a82c099722a6bf0c8bad59ecdec0977373f8ca0a,True,
cifar,alpha0p5,43,5,eb8dbe94ff8ede72bd3b390d81c28ffc2e7c4d8de9e4e3588e65291f32459b05,e1b15f72f0fe2d51ae7f86d38c337a798664b3cce7984a99ed046a14a55ede79,True,
cifar,alpha0p5,43,6,b5ea8782ae62840229d46da23ca96ebefc75521ecc45f9b69019b3673cd6eefc,cdb23ddd66b7fd97408eb28c5de124b8302796111f6082afb3433462d9e1bc74,True,
cifar,alpha0p5,43,7,7d62b443a7cf328ee3915f618418c3f79563fdaeec483222849178eb8e5d7155,c5d9d4218036ee1b62094be5d0a39f7fcce2353897527f227ee9065dd040d520,True,
cifar,alpha0p5,43,8,6281579c8c06cd20b5a5ee703bf6814bc4bc441f7002c31d02052059c5f9ddfe,4af0cca94f44760926dee9c042b0946e241f3019b2c7a4d5b13232e638b74771,True,
cifar,alpha0p5,43,9,6c77006e4028d83ceffbf3f07f01ae0cc1fb8a0c3757ff5fbfa953d5ebdf2026,fd74025841383719264a42fa678c93d0642a443e27f74a913aad2d582e9b714c,True,
cifar,alpha0p5,44,0,7ef668c937d5ee4192128431c14d125c39f3c33c97f389b2f5c7123d84b2c1ad,26c91c290ecded3e7f88e76d100d977f2e51a29ea48a0e7b850d6ed2e9bf0fc6,True,
cifar,alpha0p5,44,1,85d7317bc63b0b4a52e2a152484f6c2a830772a58bb8e08edd0188ff82a43b4e,774b152f03bf74eb8298cb5f73fa14d69b0032b8fba39f9bf6fb4931a1474de7,True,
cifar,alpha0p5,44,2,c0a8f6e131ca5ddd903642673f43553bc5d55ab115ca7d7c0f2de30fc6702bfd,1cac944ff7e8add20baa5ff127567cb716eb1dc54d0db58e5a702b573166995e,True,
cifar,alpha0p5,44,3,914297a146b01eaf74a79c1e9afa3038bbed6af9dc9a07c9488bd720d1a6fac7,c82c382466025030501c477779da928bd64a8981749961dc8cb0c0326cd04c04,True,
cifar,alpha0p5,44,4,97ed76e2969234a2db69f19444a3dae18d37c2b8870eb76dc1f8fb44c9c7507d,cd848c3c4905cab56c140384fa8c0dca700749b15c5bff2e417dea6eced2bd0b,True,
cifar,alpha0p5,44,5,3853bf6562c55fc359b652cac106b72628179ec85348c35758db6205b6153548,af5c4bc02659ebbff798435f73049e170adc8bec27e41a83cfec2bef3aa13902,True,
cifar,alpha0p5,44,6,474335749a04c1d5ee810c46158f39ce027d78fc80a16dbdddfb919674cd3d42,f61b3ccab8dff3fced415286e53a75ed7ee7d87901b23ae97e5948131ba3dc98,True,
cifar,alpha0p5,44,7,3a7a917e4489f4036ea1763a64279948cba5dbb7d41f9da8f9129dc2fab78c42,27c05b775def2f03026f94a0457576517387c82aa8a5e0167bd8b37f45eefee7,True,
cifar,alpha0p5,44,8,ec3d2419678661441c721adf82cc108d6cdd32fae90726d7c646d25629411582,c5782fab5ae6b5e3f7e7b87c21469e67ba028a0f1da6460bb4c6d1404cc3dc44,True,
cifar,alpha0p5,44,9,51d831d9e155973e341358d3a6063a6330086be39237336d473fd769b4ff3f51,e43a76729e5267b19a3bf80b6523bc170689acf614831e5775b017d321660ee8,True,
cifar,alpha0p1,42,0,5736bec99d86805f233f82034212e9e35957e2178a9de8fbb5647af05f2bebe2,1e45497971a5f414219067336f3c4cb1a6291088406b1618ef0235918d871da3,True,
cifar,alpha0p1,42,1,e34d3045b667e24f73cfbbcf19bae350e1a25c4a9cbcc8856cacae6f8fd54ace,84a3106039c325545c8585087a4b9f7a3a5003557c231e11e3fd3e760dac3206,True,
cifar,alpha0p1,42,2,869ae12f2f80f78de97b82f3e1e416040616dcb4ceae446861b5260b010127f8,f89965ebc2fb70e74f223c1cd72e80e2f4b964c039eee3b7315dabbbe59f033d,True,
cifar,alpha0p1,42,3,65140b5964de3b8470d596ceeeb1b44df1cfc1186912ab289df7f4a95cdc4425,97d4fd95f59c623df0e10bb01a293fc00799a5cea665d272a5c223d98dd50a36,True,
cifar,alpha0p1,42,4,1b0dc86714496a893ce149b863714806c4094ec5494a8383a72cd5f2211801db,4625297f6421e5673ee1c6a3d0ce7a82beb696ada61c3015edd4906b536518ed,True,
cifar,alpha0p1,42,5,aea3c07f0e29e09fb93cbd8d02d99aa1e10b98ee992d37472eb867110a29d803,4571ef41038c0bb88a8209422b69ec0d42c385de44078ace33d5da31e8f6cab8,True,
cifar,alpha0p1,42,6,b3e8163c5bdb0234742f8bda4bb2d1edc1840bad1d99452b5980c352d7f341df,78ec71b316140fa508a32121abea737e635be042b6d9d3acc4f4427acb52840a,True,
cifar,alpha0p1,42,7,4dec711c2ed44487034d9503402addc58cd49a0516a147f5fdc4e301525f3ae3,38133efb8570da456e2237cb3a648a46194ee050163be0e876611d4b3b6435f0,True,
cifar,alpha0p1,42,8,30753a6809a191d12a17804a4840ca20c389ab685b4291f5629e7f5a28a3420b,7ef8bda0327363dade9f62b47e7ef41783b57ddcf5c42899ca397cf5a3ca9f5f,True,
cifar,alpha0p1,42,9,94e3695ab0b44bf79a28d631636d1c59fbba038219569569f220c35358f5de05,ff9a4a816823bd59caee419333135cc1146a7d14266c4e5306c4a93f92e562cf,True,
cifar,alpha0p1,43,0,9c11d8aac486af7042ea5b3e15b2fb2cde5a24a94a966a431ad9e900739f8c55,7b2bf7c65ea5f9669b0ab46755ec5dff23f96a89c3fbee1a235638a30a9d55b7,True,
cifar,alpha0p1,43,1,1550b5b958ba9eda9bcb83aabfe108a0af5c07e40416087aca73135d69e9237c,ef98c9aa2b76c997ea49c92c5e47e046360b1f590c11cdcd1ff4e5ef3540a831,True,
cifar,alpha0p1,43,2,74ee55250426bedcbd1ed5d3c780c884f7ac9d0d036d34fe206ea300e8238ef6,6e6fcf4c90e617fc13d2c9dc9df71be22d8c2abc79118be0beafc8a8cb9d33af,True,
cifar,alpha0p1,43,3,da4461f404aa3dd65b6c66a056e06169c3f0ecc3bbeb5ef04102c22a3ab67ac2,6f4194307ef71dcd559174105e3178ea646b8650b080e06e89dcb773a04bcf60,True,
cifar,alpha0p1,43,4,8d03b80a6faaee8d327def1c1575dfcb148a6540ad0b296258886c2ce0894489,a0790ee8f9143d33cba503653cc5fb0b19cbdf60ebd7ad99a3fc0ec301534fe9,True,
cifar,alpha0p1,43,5,05bada0b9176c2a777808a2ab83b79a505e44a3a897ff656c93ac878ba393eac,d49deee94ddde5e575ae22908187167b37fbf24d5dd294d1bbb36217a5e25bcc,True,
cifar,alpha0p1,43,6,20e31643a6a54f87a62ac0c739c8fe2ef6b04e1d7eb3d982918e020769c38412,b380fe3fe7eeaa6260576c3fa6ff9bf0a5121195ed3f7732b9e792d59fb08757,True,
cifar,alpha0p1,43,7,b409d98d4bbdf314c209218a9735ca273c46b252bf01246bcd041a9cfcc61429,36b78601862796d788a56ff63ee9c696772788de60136f7f81dc24a4636930ed,True,
cifar,alpha0p1,43,8,a4e47cc6fb4f4b08d289d1888134597d134322e3dd6cf78d2dcafe26dc1bbc4b,9e95868745ae264154c54a718bf9af610897a8cadbb3fad4db5d3c5c920244e2,True,
cifar,alpha0p1,43,9,40b3feb7ef37f593990016e67f89a96fac358616b5cd0f99c90e3e9bf49ecbd8,c423aa2ec88b2404b5cf70ef2aea22d4a89fe4f52def0dea82e2ab493f0e4068,True,
cifar,alpha0p1,44,0,c432f3be7cecb52c34dd9b207b46e1e1873695ee1c611b8858a815020f22b73c,2159d56dfab78d87a9fe8da567a93e76e423b4cf44c85feabc7404d4bc519fd6,True,
cifar,alpha0p1,44,1,ba14498aa53baf3d62254d5d0ab72314431d447e1d76bdb72d7b06f872527db0,b73436bb07488f98a0c5d6546160ac2e30e5f4dd422b8db99f32791450139d87,True,
cifar,alpha0p1,44,2,3168a608c1172d2c9626ee5f06d4f063a63ece661619177b5c00209e4e1bc4c1,27bfe40265b6f8a52a8cae0932215a36f25ffebb8ea745400cbab424d458a658,True,
cifar,alpha0p1,44,3,a65b0df2e3d671c81ebee41b1fce8a729e5f5bf8cc90aed028818215d2b44788,3d2195b2d437de9898154e441d575c3cb6e3566adef34dbc8b0e68c830815242,True,
cifar,alpha0p1,44,4,edeb11dda0ae5459ccb8635221fdee2c251db10a46e74a5cf4595ad6fb5fac25,b28d284d68f2f3ed5e5bdc51d384e15f2cb62e1a835f6569481fdfe2a706ba60,True,
cifar,alpha0p1,44,5,78a8553565f9108b38f7b2d25fd760b1b507bec13962004e7ffe2101229a6fa8,ea2da2af34ca6824298806c3d71d33f02f66dfc3386779c8e5d9bfbb629229fa,True,
cifar,alpha0p1,44,6,ae85df964287facd1bf595ba28e222aa8a1bb8a9ed63d8f5aabb4677f77d8fec,58615a59d2d2315a8759604cb24f2522f5a8bd3040ae2954fe6cc8f328dc62de,True,
cifar,alpha0p1,44,7,0dbf6701527929af07913b9cca456e27fb00deceeaa21ab5966cc862bdceb585,8f82d17224713507ab90a2c1ab60617335cd88e603cdab5ac7f6b3dd8dbb0dbb,True,
cifar,alpha0p1,44,8,9c5097dd683c329d6ff39f821f89455c0115ad4f4ba0dc9c4aa0a6d20c6627bb,fe13a1602cc36503a35567f009f3a37bc9fd8ce4e694d320f37f6f6778456c43,True,
cifar,alpha0p1,44,9,2cbe8d91d0305d3854514b42f7fcb6713fafbe7ff28f3317becaae54b17b4ec4,49acac7288ccf900fd6d99882a178ce416d66ba2c6dd890cec40743a0aff21b2,True,
cifar,multi,42,0,a176bcc924983ed4c44c5a9e68610418332895a7ebc53307d8a504d036419d59,89f66b18bf65d9f69861d880ec4207312918b3bee87c7fdd4123faa1b402109c,True,
cifar,multi,42,1,081d8184bb66f7c231c7bf649a7a4a4eab0410c05e4227df4a06108f711d30f2,63cce5da15ec60585eb93c145fddfd5ee8333a7cfacf652f5d3aabc6ccd37198,True,
cifar,multi,42,2,c300774a7c742300604b29422fbb24af5b2c51f85405b0bfad3e8be8da7768f4,9a4b3c8212197efb95b3a29df3da2103a487e15455a84c4fb4cc00c3eecf56eb,True,
cifar,multi,42,3,b8eb8dbafc472e6b55429f5e61c4dc154c6432f9c7464eb08a897275aae33ae0,cffb168ed557fa2136f0c0003d233600a4a0c3b6bf687c4e2f2ff8160dc1e290,True,
cifar,multi,42,4,a203c515ad9b8178bfa04cbf7edeecd0e53a77d57e3a84fd5dc021bc8e6cf60b,c0184ececb83b7e3d2e51e88e81ab19c5b85e29a7f0d431b6326d18c1fbb99e7,True,
cifar,multi,42,5,a8b50bdd91ff7a4319688c65281b12a4da8ae849b2f2d98a1b9f14e46a05fc07,eb9d238cc327753e1e5add5d6eff25251483eb9187dc08ea1c71f010e0a3a8d8,True,
cifar,multi,42,6,fc28de7a908d9defb0b4b1bfdd1c4a6d29cf13fe2a06713faaa575f37f03b84d,440c978984832cb6ea5443d6133ee5cf465b5df4e9d2f0d7d74d32fbe9d0e111,True,
cifar,multi,42,7,14866edcd303e878d90c4af4fc356c3cd3c17382c9eb7c29c2d11a51152142f1,513b56359211f01aa85bcd410a696a0016b233582d0dec3eb418cf4e9425b12c,True,
cifar,multi,42,8,b9b3d1851e304671fa7c438e728f3a2803ff22975029ba10eacbf40c438d9b99,8b9ed18a6bdac1c23114958651cb50308af5fa2d98fbad4fef582fb27e043c69,True,
cifar,multi,42,9,b2f9a9e08dfd5682e16fde5b3fc3329241c6e324f5bf0ea2014abc0a2ffa2af9,e4fe793d29e6feff2fbb4af531c9c11feb3e2dcb26b03defe1aff9400410a1e1,True,
cifar,multi,43,0,b9411025f29d36eebaab9db5978ef4615ef8238ea332078f5d452327c8ed8229,4bc6545b163f52134f126c95e8e9706bbe0be1da1bbb805ed1ab1f44a59e4c00,True,
cifar,multi,43,1,1ecf1e97268d0205444b9a60032b469b65a0ca419daf1c3f18b001dd64824bce,7400708303bc035458b107bad77091bae62aa7a769e1c15dfa00393cc705dfbb,True,
cifar,multi,43,2,0e38b3cd9c0ced00ff011e37c3dbe2dc6174bb55150dcaf7fbe8b7e75319890a,a1167332b6611980ca753304c3124ac85a0a5352ebbf1dcda81dbc2efcb3c5f2,True,
cifar,multi,43,3,2957941fe0cc18f93c3fb0b2d12360d143b812b349c357a3e7fbbe6392dce5dc,2ddfc58411090eb729634fa8d45f32eeea2d805a8f891b791120dff3720c3793,True,
cifar,multi,43,4,a168d9cc7d9d1f3b6ec757d0c9488f0d10fa1228b071a08080598efd19e2b7e6,9f488c3d3ed5bc43c3d4426b3094b986a3f4da910a8c388fa5fd8c3ed1120e3f,True,
cifar,multi,43,5,45c98785f41828fda2f7efb7f84d28c26829ebc7251b5bbd9eb63785b3e49cb8,74419268f64872cceb131db5a76b0063f7ad504cb21cb8a3c469fc05d097f081,True,
cifar,multi,43,6,9c5f97d7e1d6095730c94b9515979ae28d56cbff1a758996c14d76cde325ac4b,634aef119eaa618791d3397198ccb81c1657615bfae3d782b7abd7e7f5f65782,True,
cifar,multi,43,7,430bd045a23ea20787ff59ad541ddef2ceacb5ad54cdf9b527d03b4e3b0fa490,e5b9acb5244fe080fb50b9603b14277cf2912a765e8be2434ef2aacfb26e5686,True,
cifar,multi,43,8,0d76278ba6a0399edb02a39ea4c36fdd09570d4e24bab4003b6915209da95242,944060694ae57310fac7f3cb301d270587dc670036f5f78a599d22ad6c797888,True,
cifar,multi,43,9,270bbe7fc0340138b1327393bb2e679129840b62039d01065b04bd3ab4ad8d18,0ad45592c611ceb612b1967de7ac8eb578a31b9b0328c4c1a89e00c5aa924542,True,
cifar,multi,44,0,f823d785ae0a7b68e17d11af91c7920db211f1ca7e977e4139d03820828d98a3,f78bc9b353458d1870b664c00929c9390af589d447d5136028a06f520313b58a,True,
cifar,multi,44,1,a5dce479a2f56b8b3468c22d1c299c0baf94b65da9f5ce8e2df9e964d604c352,870e56ce07509b17c11d9b7004b04e4f13cfb8ac63ea4ac0a700566231add59f,True,
cifar,multi,44,2,c3f639ef2f98e166e75da8bf171f037eb6d326eafb601614c3de603dce223c37,2fe3428ae263eb3529e3ea6d7496d8a46282c3742839c17931c00f43b37d98af,True,
cifar,multi,44,3,2c88c7312769553c0c7af19d5ff92996663e3e4bbd27b9c2a2772587ac1a0d85,d4cf3bb67371f30af754c508a27bda39b7c256dbbb207bd7016ca85ad9a5bbd5,True,
cifar,multi,44,4,4cf6d99de39be5c5ed88a6c29a1034e451d27ece49447985df47d83dfb786f5e,6a42a3cb0f044f0dc2a6030724e791144f10c2a2361943fa608c9a09d4587b11,True,
cifar,multi,44,5,12b76a96b560912ad7806c9270847c59c6da4b25074fdce86fde5306ace81939,26f70fb9a5057ebe5dfd08dea601f37a29437a885079e60d1323167e8fff971d,True,
cifar,multi,44,6,ddaaa28af6ded78a0dd78350311aaa046229529cd3526dc21e4ca557e5fc6b08,98d272ec4878bcc15cd956bdfd7789874f1b60391a0c4f3f73ab49d01c2925ed,True,
cifar,multi,44,7,3b8f25fcc18d463888a9eac73e231961e4a872c5167b0b98df6fa2f2982826a2,f1988e93118b94f6406ef5295b00a235ad6a947d85c697da8b64c0fe5e3053b0,True,
cifar,multi,44,8,87fe997a2a1df12934385a0e38c8a81ff742766f3b2a19976a5ba52087958acb,01c6c449fe1a4a48f38947ee988074ff0e6111c7759b95de7d54c2459cc6c945,True,
cifar,multi,44,9,f8c86666d4e49d90a9e66bc67bd92769cd40c3847710596da4de439d705e3baa,43c8617bde2bd58a5f40f573934764deb5fc03dd4584523829e87c74e53870d9,True,
cifar,single,42,0,8de6efd1219af26022077c60460b924f2f3703ae8d3d0096d060601348e17c1b,9fe4e48d9459a39caa986a26c2375249e0612043e49827d4253e8a86fa95c19f,True,
cifar,single,42,1,4fdc6d8811d8ce848386e5669153de90fc42f9c02edd69c227492bf6e5fe8b41,f91acc286e226af15230bad4bd4255bc71b9da7678992e533befadfc90fadbe0,True,
cifar,single,42,2,3d73352d1e156f04780a032ccd32df5d8e49bd309219bff0ad8b72a5708e8704,1ee21c12fe59c3e66b3453e22306217d72f6718abc1f8991388b46316bff0ad3,True,
cifar,single,42,3,b5191060d25b6d02473c84c6c66a84585fd515aefc5166e8a2d5adcccdbd7a58,ff5cbca870d12f9b62262ab8bfa1aab1b846a4a0391a6ed3090cfe458675e533,True,
cifar,single,42,4,83f90b3bcb0e0671033c47845058cec665bd0a975242651d381e66ef08412989,e5bb6dca666ec99bd38eb7e809dbf114cb2dd49abaca55584412c9d3b02d1035,True,
cifar,single,42,5,d9e6b9c86548def08173a5a6d5bebe87a73e5cadfe552a07ad62e992e210c74d,c7f6863573eba46a5f7e4c94eb856770be9345dc5ac13e63cd6cb51a09f7f054,True,
cifar,single,42,6,dcfad6e0732c3032369e4ece4f60ab9a4b3f67cc4911f54144af9bfd606138ae,3ab95ceaac89402629737a147807216a4a8af06c51a2191a192d28109bce73cf,True,
cifar,single,42,7,57dd3e6508707c974b4bb46896fdd9140ed7600136f79858666903d694eaf664,1fea814aa82ca30d9cec24c5daa55078ff8e1d3040fddea4563a7d8681b389c6,True,
cifar,single,42,8,1d69e6fecce9399f80632c58b1e2ab134c5831471fd25575eb74c6f1b6647fb7,cc8a776bd8eaa1cfa4b56a1cd92ee59574617aacf9c77b2c72c3b13b951b8330,True,
cifar,single,42,9,c60dd8ebf943e3200a7b6c2863b2b7b2423ead7abfecd0e677d01414810bcca8,f7ef19d715220efc2fbb4d7e9ad18104703de880015b52cca8aa1749bc404956,True,
cifar,single,43,0,f1b88cb8768eeec0d5735bab92966b666b02664a429866f99bf184c363d4ebb3,9c01e997b952afbc5ed450e52db3f879eff45c8fa6d69f195a728085a96bbe65,True,
cifar,single,43,1,64d44181d3b9b1feba9af2a206bce517f536391a37062f230015a1d439affb0d,a329782e26bfc6315a2edaf0a90f058643923f39342c3e07ab181cc7ec10b7d0,True,
cifar,single,43,2,bb8c415d02641a2b2ca335274a8a2998f4011f85fd0dced4093c593ecf6e1d59,c90bf8342b8c21c29800bd4ecece9cd4db0427b64fcedc3e6d357cbd4808486e,True,
cifar,single,43,3,9dab77dbcee6458567e0660669386813526c302ba82c1aba01322c699ec729d7,03e6c54ab4e2a389b47f02c4b747e37ae0407f05523221b70974d3080af7035a,True,
cifar,single,43,4,8421eef2560da5384c8966e59b76b50a0d02144effc117467a854c2706f6bee2,c6fd2b3c3ce04c7c973854b41de3099baacda1b3b407af68e7280bfd6d04ec89,True,
cifar,single,43,5,76e97a0b426f2d4154127c98f678ecde53fdd4e926cce920ec5b93e2fc0c578f,e805508d3a794f4848e8b93ac46914e025573f9b626ec5a1e62c095a571155d5,True,
cifar,single,43,6,a810a11565df8c141f02ad180f4a3d3bb8a97f6cf919a90e0f92748803ff0024,6f83c1310ed72cbfc7f0d0b4208cbcad270c5b038e2875e62ce5f11f5a994fd1,True,
cifar,single,43,7,84c9057745cecc7c53aff60c2ee621119ef8ec2d66170ed40266433494371228,6e27aa542c4ddcf4e13f9a92f3db3e94112a566957be52e5150781d56d406c2d,True,
cifar,single,43,8,c46e3b9c12ff9b2a9902bc2f3f3afc7ec0d695cf5a7788426939c22d5dd63e3a,3b4fc5f6adeb782bbb40aec6da854bb727f0ff0c8a2e3b7dcb204d3a55503e38,True,
cifar,single,43,9,3b7ba50bfdf490c7727b866be88b628598fc24c58c8940afb78079a3054f5030,ea61f60de1f1b00f74b680ac953dd7681a4541d89f6c05498e2bae5f1a2a21f5,True,
cifar,single,44,0,1c7232bede6b8ae2139a417debc0185835aa90b72ae97579da99f26fff4527ce,cd9672724527e7ebd60f0dfb6169c52a40a591237b62a2449378d96497756feb,True,
cifar,single,44,1,123b963115208eec4e1bfd709e4c44fd25e328bf47e49778c875b3ef06e82e80,f7f8772f6c5b261c5f973197ef9f7e3da4e47c2c96f32c73619fa40ba1227fb8,True,
cifar,single,44,2,1c6319054226e36c2025bcc1ea0d76598c38c7e76e8f83ef261b99bfabcb5709,84b898a4a37472e6db6917fde5ce3cf5e59dde94d991c2468d3309a03c53ede3,True,
cifar,single,44,3,e115b5fd1554dedb0372c03df2723c6b5c4eaa5bfd7b3edb72bc9834f06c2673,616395bcbdce9340fed6f47b5916915fe1cf9384ac840f14c868188f7efc3c99,True,
cifar,single,44,4,6dc50671be3cd1a8cc1113abde1588e22ab21b7c31f4352909f6254044630a0f,200f8ce3b3d6da861c7a5150300163f6a5942cb65bc582c8c9ab7b6fb5e318c4,True,
cifar,single,44,5,7afe69994a5c423967484f77ef8c65ed606eb0f7b8e91e4f9c4099f6e1033b2b,572ef2a9938048c644736f3c0d9b3195e69de2535277bba34f26153d5e158361,True,
cifar,single,44,6,c22a440d73a3588d869636c6c9c8f8e12f3abaf56349fb1811ea89796abd1dc1,93ff2240b58729834fb0951e6ffacc2a09633669a7390b9cecc346005c488055,True,
cifar,single,44,7,5c806beedb1c9e7873d2961e7b65fc81776531d8bc9f75848b1a43e60afc057d,29ff2725cfc3cdef94680f48db99d538f8ea59cfa8d70f2cbc3ad92f11d0e476,True,
cifar,single,44,8,2f75c010bc3d18dd38383de57adb988767a64ad2d348dcf0a6226498f2ee93c8,0bf5a9d9d6085d18ea51673e6606d444d5dc7b4d395584c20aab30ae70000ea2,True,
cifar,single,44,9,b3f0cd68815423e23362ae11ea54c4fd87ab4e7b00be791ce907e44b149a68f4,805f407606e7e2843d49c1745ea87d34ff98369a84f7d1ce76d93f4c040c132d,True,
