dataset,regime,method,metric,mean,n,seeds,source
mnist,iid,feddf_logit,student_test_accuracy,0.9837666666666668,3,"42,43,44",absolute anchor plus paired mean differences
mnist,iid,feddf_prob,student_test_accuracy,0.9842333333333334,3,"42,43,44",absolute anchor plus paired mean differences
mnist,iid,oracle_logit,student_test_accuracy,0.9849666666666668,3,"42,43,44",absolute anchor plus paired mean differences
mnist,iid,oracle_prob,student_test_accuracy,0.9854333333333334,3,"42,43,44",absolute anchor plus paired mean differences
mnist,iid,expert_prob,student_test_accuracy,0.9842333333333334,3,"42,43,44",published absolute anchor
mnist,iid,expert_prob_sr,student_test_accuracy,0.9842333333333334,3,"42,43,44",absolute anchor plus paired mean differences
mnist,iid,supervised_proxy_ce,student_test_accuracy,0.9862333333333334,3,"42,43,44",published absolute anchor
mnist,iid,feddf_logit,student_test_nll,0.050916794972882096,3,"42,43,44",absolute anchor plus paired mean differences
mnist,iid,feddf_prob,student_test_nll,0.0500574582820292,3,"42,43,44",absolute anchor plus paired mean differences
mnist,iid,oracle_logit,student_test_nll,0.046603294265658304,3,"42,43,44",absolute anchor plus paired mean differences
mnist,iid,oracle_prob,student_test_nll,0.0457631576729939,3,"42,43,44",absolute anchor plus paired mean differences
mnist,iid,expert_prob,student_test_nll,0.049895311253999,3,"42,43,44",published absolute anchor
mnist,iid,expert_prob_sr,student_test_nll,0.049839644681553635,3,"42,43,44",absolute anchor plus paired mean differences
mnist,iid,supervised_proxy_ce,student_test_nll,0.049376982656603,3,"42,43,44",published absolute anchor
mnist,alpha1p0,feddf_logit,student_test_accuracy,0.9801333333333335,3,"42,43,44",absolute anchor plus paired mean differences
mnist,alpha1p0,feddf_prob,student_test_accuracy,0.9810333333333335,3,"42,43,44",absolute anchor plus paired mean differences
mnist,alpha1p0,oracle_logit,student_test_accuracy,0.9846000000000001,3,"42,43,44",absolute anchor plus paired mean differences
mnist,alpha1p0,oracle_prob,student_test_accuracy,0.9845333333333335,3,"42,43,44",absolute anchor plus paired mean differences
mnist,alpha1p0,expert_prob,student_test_accuracy,0.9822666666666668,3,"42,43,44",published absolute anchor
mnist,alpha1p0,expert_prob_sr,student_test_accuracy,0.9844666666666668,3,"42,43,44",absolute anchor plus paired mean differences
mnist,alpha1p0,supervised_proxy_ce,student_test_accuracy,0.9862333333333334,3,"42,43,44",published absolute anchor
mnist,alpha1p0,feddf_logit,student_test_nll,0.061984914291192,3,"42,43,44",absolute anchor plus paired mean differences
mnist,alpha1p0,feddf_prob,student_test_nll,0.058774169929178,3,"42,43,44",absolute anchor plus paired mean differences
mnist,alpha1p0,oracle_logit,student_test_nll,0.0463516517691857,3,"42,43,44",absolute anchor plus paired mean differences
mnist,alpha1p0,oracle_prob,student_test_nll,0.0462183477407477,3,"42,43,44",absolute anchor plus paired mean differences
mnist,alpha1p0,expert_prob,student_test_nll,0.0540278255437267,3,"42,43,44",published absolute anchor
mnist,alpha1p0,expert_prob_sr,student_test_nll,0.0504750843995522,3,"42,43,44",absolute anchor plus paired mean differences
mnist,alpha1p0,supervised_proxy_ce,student_test_nll,0.049376982656603,3,"42,43,44",published absolute anchor
mnist,alpha0p5,feddf_logit,student_test_accuracy,0.9617666666666668,3,"42,43,44",absolute anchor plus paired mean differences
mnist,alpha0p5,feddf_prob,student_test_accuracy,0.9717666666666668,3,"42,43,44",absolute anchor plus paired mean differences
mnist,alpha0p5,oracle_logit,student_test_accuracy,0.9839000000000001,3,"42,43,44",absolute anchor plus paired mean differences
mnist,alpha0p5,oracle_prob,student_test_accuracy,0.9839666666666668,3,"42,43,44",absolute anchor plus paired mean differences
mnist,alpha0p5,expert_prob,student_test_accuracy,0.9806,3,"42,43,44",published absolute anchor
mnist,alpha0p5,expert_prob_sr,student_test_accuracy,0.9814,3,"42,43,44",absolute anchor plus paired mean differences
mnist,alpha0p5,supervised_proxy_ce,student_test_accuracy,0.9862333333333334,3,"42,43,44",published absolute anchor
mnist,alpha0p5,feddf_logit,student_test_nll,0.1198859174162148,3,"42,43,44",absolute anchor plus paired mean differences
mnist,alpha0p5,feddf_prob,student_test_nll,0.08804589462094,3,"42,43,44",absolute anchor plus paired mean differences
mnist,alpha0p5,oracle_logit,student_test_nll,0.0518939258455298,3,"42,43,44",absolute anchor plus paired mean differences
mnist,alpha0p5,oracle_prob,student_test_nll,0.0493083113932827,3,"42,43,44",absolute anchor plus paired mean differences
mnist,alpha0p5,expert_prob,student_test_nll,0.0636483787110579,3,"42,43,44",published absolute anchor
mnist,alpha0p5,expert_prob_sr,student_test_nll,0.0644857894928591,3,"42,43,44",absolute anchor plus paired mean differences
mnist,alpha0p5,supervised_proxy_ce,student_test_nll,0.049376982656603,3,"42,43,44",published absolute anchor
mnist,alpha0p1,feddf_logit,student_test_accuracy,0.6966666666666668,3,"42,43,44",absolute anchor plus paired mean differences
mnist,alpha0p1,feddf_prob,student_test_accuracy,0.8336000000000001,3,"42,43,44",absolute anchor plus paired mean differences
mnist,alpha0p1,oracle_logit,student_test_accuracy,0.9890666666666666,3,"42,43,44",absolute anchor plus paired mean differences
mnist,alpha0p1,oracle_prob,student_test_accuracy,0.9891666666666666,3,"42,43,44",absolute anchor plus paired mean differences
mnist,alpha0p1,expert_prob,student_test_accuracy,0.9869666666666668,3,"42,43,44",published absolute anchor
mnist,alpha0p1,expert_prob_sr,student_test_accuracy,0.9851333333333334,3,"42,43,44",absolute anchor plus paired mean differences
mnist,alpha0p1,supervised_proxy_ce,student_test_accuracy,0.9862333333333334,3,"42,43,44",published absolute anchor
mnist,alpha0p1,feddf_logit,student_test_nll,1.0905456695159277,3,"42,43,44",absolute anchor plus paired mean differences
mnist,alpha0p1,feddf_prob,student_test_nll,0.44973878995180117,3,"42,43,44",absolute anchor plus paired mean differences
mnist,alpha0p1,oracle_logit,student_test_nll,0.042505558071487703,3,"42,43,44",absolute anchor plus paired mean differences
mnist,alpha0p1,oracle_prob,student_test_nll,0.0414845752281427,3,"42,43,44",absolute anchor plus paired mean differences
mnist,alpha0p1,expert_prob,student_test_nll,0.0494929705703708,3,"42,43,44",published absolute anchor
mnist,alpha0p1,expert_prob_sr,student_test_nll,0.083788246935243,3,"42,43,44",absolute anchor plus paired mean differences
mnist,alpha0p1,supervised_proxy_ce,student_test_nll,0.049376982656603,3,"42,43,44",published absolute anchor
mnist,multi,feddf_logit,student_test_accuracy,0.39953333333333335,3,"42,43,44",absolute anchor plus paired mean differences
mnist,multi,feddf_prob,student_test_accuracy,0.5532333333333332,3,"42,43,44",absolute anchor plus paired mean differences
mnist,multi,oracle_logit,student_test_accuracy,0.9880333333333334,3,"42,43,44",absolute anchor plus paired mean differences
mnist,multi,oracle_prob,student_test_accuracy,0.9881666666666666,3,"42,43,44",absolute anchor plus paired mean differences
mnist,multi,expert_prob,student_test_accuracy,0.988,3,"42,43,44",published absolute anchor
mnist,multi,expert_prob_sr,student_test_accuracy,0.9845333333333334,3,"42,43,44",absolute anchor plus paired mean differences
mnist,multi,supervised_proxy_ce,student_test_accuracy,0.9862333333333334,3,"42,43,44",published absolute anchor
mnist,multi,feddf_logit,student_test_nll,3.491889717992146,3,"42,43,44",absolute anchor plus paired mean differences
mnist,multi,feddf_prob,student_test_nll,1.1688975114504494,3,"42,43,44",absolute anchor plus paired mean differences
mnist,multi,oracle_logit,student_test_nll,0.1213341123546512,3,"42,43,44",absolute anchor plus paired mean differences
mnist,multi,oracle_prob,student_test_nll,0.11062492334099461,3,"42,43,44",absolute anchor plus paired mean differences
mnist,multi,expert_prob,student_test_nll,0.1157144559480948,3,"42,43,44",published absolute anchor
mnist,multi,expert_prob_sr,student_test_nll,0.2932440236808071,3,"42,43,44",absolute anchor plus paired mean differences
mnist,multi,supervised_proxy_ce,student_test_nll,0.049376982656603,3,"42,43,44",published absolute anchor
mnist,single,feddf_logit,student_test_accuracy,0.10216666666666642,3,"42,43,44",absolute anchor plus paired mean differences
mnist,single,feddf_prob,student_test_accuracy,0.09973333333333312,3,"42,43,44",absolute anchor plus paired mean differences
mnist,single,oracle_logit,student_test_accuracy,0.9870333333333332,3,"42,43,44",absolute anchor plus paired mean differences
mnist,single,oracle_prob,student_test_accuracy,0.9870333333333332,3,"42,43,44",absolute anchor plus paired mean differences
mnist,single,expert_prob,student_test_accuracy,0.9870333333333332,3,"42,43,44",published absolute anchor
mnist,single,expert_prob_sr,student_test_accuracy,0.9876333333333331,3,"42,43,44",absolute anchor plus paired mean differences
mnist,single,supervised_proxy_ce,student_test_accuracy,0.9862333333333334,3,"42,43,44",published absolute anchor
mnist,single,feddf_logit,student_test_nll,6.214551177215576,3,"42,43,44",absolute anchor plus paired mean differences
mnist,single,feddf_prob,student_test_nll,2.3025853771209714,3,"42,43,44",absolute anchor plus paired mean differences
mnist,single,oracle_logit,student_test_nll,0.3036641684653819,3,"42,43,44",absolute anchor plus paired mean differences
mnist,single,oracle_prob,student_test_nll,0.3036641684653819,3,"42,43,44",absolute anchor plus paired mean differences
mnist,single,expert_prob,student_test_nll,0.3036641684653819,3,"42,43,44",published absolute anchor
mnist,single,expert_prob_sr,student_test_nll,0.28395770688857613,3,"42,43,44",absolute anchor plus paired mean differences
mnist,single,supervised_proxy_ce,student_test_nll,0.049376982656603,3,"42,43,44",published absolute anchor
fmnist,iid,feddf_logit,student_test_accuracy,0.8877,3,"42,43,44",absolute anchor plus paired mean differences
fmnist,iid,feddf_prob,student_test_accuracy,0.8874000000000001,3,"42,43,44",absolute anchor plus paired mean differences
fmnist,iid,oracle_logit,student_test_accuracy,0.8934,3,"42,43,44",absolute anchor plus paired mean differences
fmnist,iid,oracle_prob,student_test_accuracy,0.8940666666666667,3,"42,43,44",absolute anchor plus paired mean differences
fmnist,iid,expert_prob,student_test_accuracy,0.8880666666666667,3,"42,43,44",published absolute anchor
fmnist,iid,expert_prob_sr,student_test_accuracy,0.8754333333333334,3,"42,43,44",absolute anchor plus paired mean differences
fmnist,iid,supervised_proxy_ce,student_test_accuracy,0.8977333333333334,3,"42,43,44",published absolute anchor
fmnist,iid,feddf_logit,student_test_nll,0.3465636831323305,3,"42,43,44",absolute anchor plus paired mean differences
fmnist,iid,feddf_prob,student_test_nll,0.3466545186241467,3,"42,43,44",absolute anchor plus paired mean differences
fmnist,iid,oracle_logit,student_test_nll,0.3267429481903712,3,"42,43,44",absolute anchor plus paired mean differences
fmnist,iid,oracle_prob,student_test_nll,0.3278566673437754,3,"42,43,44",absolute anchor plus paired mean differences
fmnist,iid,expert_prob,student_test_nll,0.3470316455006599,3,"42,43,44",published absolute anchor
fmnist,iid,expert_prob_sr,student_test_nll,1.4266179936726888,3,"42,43,44",absolute anchor plus paired mean differences
fmnist,iid,supervised_proxy_ce,student_test_nll,0.3962733708858489,3,"42,43,44",published absolute anchor
fmnist,alpha1p0,feddf_logit,student_test_accuracy,0.8687666666666668,3,"42,43,44",absolute anchor plus paired mean differences
fmnist,alpha1p0,feddf_prob,student_test_accuracy,0.8776333333333334,3,"42,43,44",absolute anchor plus paired mean differences
fmnist,alpha1p0,oracle_logit,student_test_accuracy,0.8955,3,"42,43,44",absolute anchor plus paired mean differences
fmnist,alpha1p0,oracle_prob,student_test_accuracy,0.8962333333333332,3,"42,43,44",absolute anchor plus paired mean differences
fmnist,alpha1p0,expert_prob,student_test_accuracy,0.8874666666666666,3,"42,43,44",published absolute anchor
fmnist,alpha1p0,expert_prob_sr,student_test_accuracy,0.8846,3,"42,43,44",absolute anchor plus paired mean differences
fmnist,alpha1p0,supervised_proxy_ce,student_test_accuracy,0.8977333333333334,3,"42,43,44",published absolute anchor
fmnist,alpha1p0,feddf_logit,student_test_nll,0.37857936595280967,3,"42,43,44",absolute anchor plus paired mean differences
fmnist,alpha1p0,feddf_prob,student_test_nll,0.3531983311573665,3,"42,43,44",absolute anchor plus paired mean differences
fmnist,alpha1p0,oracle_logit,student_test_nll,0.3169430905063947,3,"42,43,44",absolute anchor plus paired mean differences
fmnist,alpha1p0,oracle_prob,student_test_nll,0.3097270888090134,3,"42,43,44",absolute anchor plus paired mean differences
fmnist,alpha1p0,expert_prob,student_test_nll,0.3773205910523732,3,"42,43,44",published absolute anchor
fmnist,alpha1p0,expert_prob_sr,student_test_nll,1.0259948998769124,3,"42,43,44",absolute anchor plus paired mean differences
fmnist,alpha1p0,supervised_proxy_ce,student_test_nll,0.3962733708858489,3,"42,43,44",published absolute anchor
fmnist,alpha0p5,feddf_logit,student_test_accuracy,0.8493,3,"42,43,44",absolute anchor plus paired mean differences
fmnist,alpha0p5,feddf_prob,student_test_accuracy,0.8574999999999999,3,"42,43,44",absolute anchor plus paired mean differences
fmnist,alpha0p5,oracle_logit,student_test_accuracy,0.8923,3,"42,43,44",absolute anchor plus paired mean differences
fmnist,alpha0p5,oracle_prob,student_test_accuracy,0.8951666666666666,3,"42,43,44",absolute anchor plus paired mean differences
fmnist,alpha0p5,expert_prob,student_test_accuracy,0.8889666666666667,3,"42,43,44",published absolute anchor
fmnist,alpha0p5,expert_prob_sr,student_test_accuracy,0.8806,3,"42,43,44",absolute anchor plus paired mean differences
fmnist,alpha0p5,supervised_proxy_ce,student_test_accuracy,0.8977333333333334,3,"42,43,44",published absolute anchor
fmnist,alpha0p5,feddf_logit,student_test_nll,0.4258972787221272,3,"42,43,44",absolute anchor plus paired mean differences
fmnist,alpha0p5,feddf_prob,student_test_nll,0.3983179651578267,3,"42,43,44",absolute anchor plus paired mean differences
fmnist,alpha0p5,oracle_logit,student_test_nll,0.33966936367352807,3,"42,43,44",absolute anchor plus paired mean differences
fmnist,alpha0p5,oracle_prob,student_test_nll,0.323915734187762,3,"42,43,44",absolute anchor plus paired mean differences
fmnist,alpha0p5,expert_prob,student_test_nll,0.3847650167544683,3,"42,43,44",published absolute anchor
fmnist,alpha0p5,expert_prob_sr,student_test_nll,0.9665811054229737,3,"42,43,44",absolute anchor plus paired mean differences
fmnist,alpha0p5,supervised_proxy_ce,student_test_nll,0.3962733708858489,3,"42,43,44",published absolute anchor
fmnist,alpha0p1,feddf_logit,student_test_accuracy,0.5510999999999999,3,"42,43,44",absolute anchor plus paired mean differences
fmnist,alpha0p1,feddf_prob,student_test_accuracy,0.6471333333333332,3,"42,43,44",absolute anchor plus paired mean differences
fmnist,alpha0p1,oracle_logit,student_test_accuracy,0.8973666666666666,3,"42,43,44",absolute anchor plus paired mean differences
fmnist,alpha0p1,oracle_prob,student_test_accuracy,0.8988999999999999,3,"42,43,44",absolute anchor plus paired mean differences
fmnist,alpha0p1,expert_prob,student_test_accuracy,0.8952666666666667,3,"42,43,44",published absolute anchor
fmnist,alpha0p1,expert_prob_sr,student_test_accuracy,0.8852,3,"42,43,44",absolute anchor plus paired mean differences
fmnist,alpha0p1,supervised_proxy_ce,student_test_accuracy,0.8977333333333334,3,"42,43,44",published absolute anchor
fmnist,alpha0p1,feddf_logit,student_test_nll,1.7942257780710853,3,"42,43,44",absolute anchor plus paired mean differences
fmnist,alpha0p1,feddf_prob,student_test_nll,0.9242388205210368,3,"42,43,44",absolute anchor plus paired mean differences
fmnist,alpha0p1,oracle_logit,student_test_nll,0.5622648254553477,3,"42,43,44",absolute anchor plus paired mean differences
fmnist,alpha0p1,oracle_prob,student_test_nll,0.4440753270546596,3,"42,43,44",absolute anchor plus paired mean differences
fmnist,alpha0p1,expert_prob,student_test_nll,0.5095045478343964,3,"42,43,44",published absolute anchor
fmnist,alpha0p1,expert_prob_sr,student_test_nll,1.2382448227087657,3,"42,43,44",absolute anchor plus paired mean differences
fmnist,alpha0p1,supervised_proxy_ce,student_test_nll,0.3962733708858489,3,"42,43,44",published absolute anchor
fmnist,multi,feddf_logit,student_test_accuracy,0.20513333333333328,3,"42,43,44",absolute anchor plus paired mean differences
fmnist,multi,feddf_prob,student_test_accuracy,0.3906333333333333,3,"42,43,44",absolute anchor plus paired mean differences
fmnist,multi,oracle_logit,student_test_accuracy,0.8973000000000001,3,"42,43,44",absolute anchor plus paired mean differences
fmnist,multi,oracle_prob,student_test_accuracy,0.8996999999999999,3,"42,43,44",absolute anchor plus paired mean differences
fmnist,multi,expert_prob,student_test_accuracy,0.9003,3,"42,43,44",published absolute anchor
fmnist,multi,expert_prob_sr,student_test_accuracy,0.8997666666666667,3,"42,43,44",absolute anchor plus paired mean differences
fmnist,multi,supervised_proxy_ce,student_test_accuracy,0.8977333333333334,3,"42,43,44",published absolute anchor
fmnist,multi,feddf_logit,student_test_nll,7.166186055501302,3,"42,43,44",absolute anchor plus paired mean differences
fmnist,multi,feddf_prob,student_test_nll,1.8870329577763878,3,"42,43,44",absolute anchor plus paired mean differences
fmnist,multi,oracle_logit,student_test_nll,1.830913273239136,3,"42,43,44",absolute anchor plus paired mean differences
fmnist,multi,oracle_prob,student_test_nll,1.742487085405986,3,"42,43,44",absolute anchor plus paired mean differences
fmnist,multi,expert_prob,student_test_nll,1.7003504521687829,3,"42,43,44",published absolute anchor
fmnist,multi,expert_prob_sr,student_test_nll,2.6100218962987265,3,"42,43,44",absolute anchor plus paired mean differences
fmnist,multi,supervised_proxy_ce,student_test_nll,0.3962733708858489,3,"42,43,44",published absolute anchor
fmnist,single,feddf_logit,student_test_accuracy,0.10346666666666647,3,"42,43,44",absolute anchor plus paired mean differences
fmnist,single,feddf_prob,student_test_accuracy,0.09999999999999987,3,"42,43,44",absolute anchor plus paired mean differences
fmnist,single,oracle_logit,student_test_accuracy,0.9029666666666666,3,"42,43,44",absolute anchor plus paired mean differences
fmnist,single,oracle_prob,student_test_accuracy,0.9029666666666666,3,"42,43,44",absolute anchor plus paired mean differences
fmnist,single,expert_prob,student_test_accuracy,0.9029666666666666,3,"42,43,44",published absolute anchor
fmnist,single,expert_prob_sr,student_test_accuracy,0.9045333333333332,3,"42,43,44",absolute anchor plus paired mean differences
fmnist,single,supervised_proxy_ce,student_test_accuracy,0.8977333333333334,3,"42,43,44",published absolute anchor
fmnist,single,feddf_logit,student_test_nll,8.374461071777343,3,"42,43,44",absolute anchor plus paired mean differences
fmnist,single,feddf_prob,student_test_nll,2.3025855813344323,3,"42,43,44",absolute anchor plus paired mean differences
fmnist,single,oracle_logit,student_test_nll,2.937379565684001,3,"42,43,44",absolute anchor plus paired mean differences
fmnist,single,oracle_prob,student_test_nll,2.937379565684001,3,"42,43,44",absolute anchor plus paired mean differences
fmnist,single,expert_prob,student_test_nll,2.937379565684001,3,"42,43,44",published absolute anchor
fmnist,single,expert_prob_sr,student_test_nll,2.7409651731155815,3,"42,43,44",absolute anchor plus paired mean differences
fmnist,single,supervised_proxy_ce,student_test_nll,0.3962733708858489,3,"42,43,44",published absolute anchor
cifar,iid,feddf_logit,student_test_accuracy,0.7521,3,"42,43,44",absolute anchor plus paired mean differences
cifar,iid,feddf_prob,student_test_accuracy,0.7535999999999999,3,"42,43,44",absolute anchor plus paired mean differences
cifar,iid,oracle_logit,student_test_accuracy,0.7655666666666665,3,"42,43,44",absolute anchor plus paired mean differences
cifar,iid,oracle_prob,student_test_accuracy,0.7636999999999999,3,"42,43,44",absolute anchor plus paired mean differences
cifar,iid,expert_prob,student_test_accuracy,0.7528333333333334,3,"42,43,44",published absolute anchor
cifar,iid,expert_prob_sr,student_test_accuracy,0.6875,3,"42,43,44",absolute anchor plus paired mean differences
cifar,iid,supervised_proxy_ce,student_test_accuracy,0.7901333333333334,3,"42,43,44",published absolute anchor
cifar,iid,feddf_logit,student_test_nll,0.7328482512633007,3,"42,43,44",absolute anchor plus paired mean differences
cifar,iid,feddf_prob,student_test_nll,0.7335223841985067,3,"42,43,44",absolute anchor plus paired mean differences
cifar,iid,oracle_logit,student_test_nll,0.7002397745291393,3,"42,43,44",absolute anchor plus paired mean differences
cifar,iid,oracle_prob,student_test_nll,0.7053761709054311,3,"42,43,44",absolute anchor plus paired mean differences
cifar,iid,expert_prob,student_test_nll,0.7622028363068899,3,"42,43,44",published absolute anchor
cifar,iid,expert_prob_sr,student_test_nll,3.532494650650024,3,"42,43,44",absolute anchor plus paired mean differences
cifar,iid,supervised_proxy_ce,student_test_nll,0.8753860672314961,3,"42,43,44",published absolute anchor
cifar,alpha1p0,feddf_logit,student_test_accuracy,0.7282333333333335,3,"42,43,44",absolute anchor plus paired mean differences
cifar,alpha1p0,feddf_prob,student_test_accuracy,0.7418000000000001,3,"42,43,44",absolute anchor plus paired mean differences
cifar,alpha1p0,oracle_logit,student_test_accuracy,0.7646333333333334,3,"42,43,44",absolute anchor plus paired mean differences
cifar,alpha1p0,oracle_prob,student_test_accuracy,0.7660666666666667,3,"42,43,44",absolute anchor plus paired mean differences
cifar,alpha1p0,expert_prob,student_test_accuracy,0.7555666666666667,3,"42,43,44",published absolute anchor
cifar,alpha1p0,expert_prob_sr,student_test_accuracy,0.7277666666666668,3,"42,43,44",absolute anchor plus paired mean differences
cifar,alpha1p0,supervised_proxy_ce,student_test_accuracy,0.7901333333333334,3,"42,43,44",published absolute anchor
cifar,alpha1p0,feddf_logit,student_test_nll,0.7783066122214,3,"42,43,44",absolute anchor plus paired mean differences
cifar,alpha1p0,feddf_prob,student_test_nll,0.7435420334339142,3,"42,43,44",absolute anchor plus paired mean differences
cifar,alpha1p0,oracle_logit,student_test_nll,0.7045426039377849,3,"42,43,44",absolute anchor plus paired mean differences
cifar,alpha1p0,oracle_prob,student_test_nll,0.6968602845509848,3,"42,43,44",absolute anchor plus paired mean differences
cifar,alpha1p0,expert_prob,student_test_nll,0.7653777619361878,3,"42,43,44",published absolute anchor
cifar,alpha1p0,expert_prob_sr,student_test_nll,2.465846400197347,3,"42,43,44",absolute anchor plus paired mean differences
cifar,alpha1p0,supervised_proxy_ce,student_test_nll,0.8753860672314961,3,"42,43,44",published absolute anchor
cifar,alpha0p5,feddf_logit,student_test_accuracy,0.6529666666666668,3,"42,43,44",absolute anchor plus paired mean differences
cifar,alpha0p5,feddf_prob,student_test_accuracy,0.6883666666666667,3,"42,43,44",absolute anchor plus paired mean differences
cifar,alpha0p5,oracle_logit,student_test_accuracy,0.7515666666666667,3,"42,43,44",absolute anchor plus paired mean differences
cifar,alpha0p5,oracle_prob,student_test_accuracy,0.7589333333333333,3,"42,43,44",absolute anchor plus paired mean differences
cifar,alpha0p5,expert_prob,student_test_accuracy,0.7538,3,"42,43,44",published absolute anchor
cifar,alpha0p5,expert_prob_sr,student_test_accuracy,0.7137333333333334,3,"42,43,44",absolute anchor plus paired mean differences
cifar,alpha0p5,supervised_proxy_ce,student_test_accuracy,0.7901333333333334,3,"42,43,44",published absolute anchor
cifar,alpha0p5,feddf_logit,student_test_nll,1.008356170018514,3,"42,43,44",absolute anchor plus paired mean differences
cifar,alpha0p5,feddf_prob,student_test_nll,0.8881402170817058,3,"42,43,44",absolute anchor plus paired mean differences
cifar,alpha0p5,oracle_logit,student_test_nll,0.7860764590899151,3,"42,43,44",absolute anchor plus paired mean differences
cifar,alpha0p5,oracle_prob,student_test_nll,0.7388271567344666,3,"42,43,44",absolute anchor plus paired mean differences
cifar,alpha0p5,expert_prob,student_test_nll,0.7905251474380494,3,"42,43,44",published absolute anchor
cifar,alpha0p5,expert_prob_sr,student_test_nll,2.7135889925638836,3,"42,43,44",absolute anchor plus paired mean differences
cifar,alpha0p5,supervised_proxy_ce,student_test_nll,0.8753860672314961,3,"42,43,44",published absolute anchor
cifar,alpha0p1,feddf_logit,student_test_accuracy,0.3527,3,"42,43,44",absolute anchor plus paired mean differences
cifar,alpha0p1,feddf_prob,student_test_accuracy,0.47813333333333335,3,"42,43,44",absolute anchor plus paired mean differences
cifar,alpha0p1,oracle_logit,student_test_accuracy,0.7420333333333333,3,"42,43,44",absolute anchor plus paired mean differences
cifar,alpha0p1,oracle_prob,student_test_accuracy,0.7231333333333334,3,"42,43,44",absolute anchor plus paired mean differences
cifar,alpha0p1,expert_prob,student_test_accuracy,0.7637,3,"42,43,44",published absolute anchor
cifar,alpha0p1,expert_prob_sr,student_test_accuracy,0.6962666666666667,3,"42,43,44",absolute anchor plus paired mean differences
cifar,alpha0p1,supervised_proxy_ce,student_test_accuracy,0.7901333333333334,3,"42,43,44",published absolute anchor
cifar,alpha0p1,feddf_logit,student_test_nll,2.0619527886708577,3,"42,43,44",absolute anchor plus paired mean differences
cifar,alpha0p1,feddf_prob,student_test_nll,1.469691698773702,3,"42,43,44",absolute anchor plus paired mean differences
cifar,alpha0p1,oracle_logit,student_test_nll,1.1708802766799928,3,"42,43,44",absolute anchor plus paired mean differences
cifar,alpha0p1,oracle_prob,student_test_nll,1.2107145736694336,3,"42,43,44",absolute anchor plus paired mean differences
cifar,alpha0p1,expert_prob,student_test_nll,1.0287244489034018,3,"42,43,44",published absolute anchor
cifar,alpha0p1,expert_prob_sr,student_test_nll,3.6734299149831138,3,"42,43,44",absolute anchor plus paired mean differences
cifar,alpha0p1,supervised_proxy_ce,student_test_nll,0.8753860672314961,3,"42,43,44",published absolute anchor
cifar,multi,feddf_logit,student_test_accuracy,0.36836666666666684,3,"42,43,44",absolute anchor plus paired mean differences
cifar,multi,feddf_prob,student_test_accuracy,0.4823000000000002,3,"42,43,44",absolute anchor plus paired mean differences
cifar,multi,oracle_logit,student_test_accuracy,0.7516666666666666,3,"42,43,44",absolute anchor plus paired mean differences
cifar,multi,oracle_prob,student_test_accuracy,0.7511666666666666,3,"42,43,44",absolute anchor plus paired mean differences
cifar,multi,expert_prob,student_test_accuracy,0.7509666666666668,3,"42,43,44",published absolute anchor
cifar,multi,expert_prob_sr,student_test_accuracy,0.7378333333333335,3,"42,43,44",absolute anchor plus paired mean differences
cifar,multi,supervised_proxy_ce,student_test_accuracy,0.7901333333333334,3,"42,43,44",published absolute anchor
cifar,multi,feddf_logit,student_test_nll,1.8996747895558677,3,"42,43,44",absolute anchor plus paired mean differences
cifar,multi,feddf_prob,student_test_nll,1.501498905436198,3,"42,43,44",absolute anchor plus paired mean differences
cifar,multi,oracle_logit,student_test_nll,1.5216600765228272,3,"42,43,44",absolute anchor plus paired mean differences
cifar,multi,oracle_prob,student_test_nll,1.5118693726857504,3,"42,43,44",absolute anchor plus paired mean differences
cifar,multi,expert_prob,student_test_nll,1.5757289653778077,3,"42,43,44",published absolute anchor
cifar,multi,expert_prob_sr,student_test_nll,5.723361262003581,3,"42,43,44",absolute anchor plus paired mean differences
cifar,multi,supervised_proxy_ce,student_test_nll,0.8753860672314961,3,"42,43,44",published absolute anchor
cifar,single,feddf_logit,student_test_accuracy,0.09873333333333334,3,"42,43,44",absolute anchor plus paired mean differences
cifar,single,feddf_prob,student_test_accuracy,0.09473333333333334,3,"42,43,44",absolute anchor plus paired mean differences
cifar,single,oracle_logit,student_test_accuracy,0.7876,3,"42,43,44",absolute anchor plus paired mean differences
cifar,single,oracle_prob,student_test_accuracy,0.7876,3,"42,43,44",absolute anchor plus paired mean differences
cifar,single,expert_prob,student_test_accuracy,0.7876,3,"42,43,44",published absolute anchor
cifar,single,expert_prob_sr,student_test_accuracy,0.7933333333333332,3,"42,43,44",absolute anchor plus paired mean differences
cifar,single,supervised_proxy_ce,student_test_accuracy,0.7901333333333334,3,"42,43,44",published absolute anchor
cifar,single,feddf_logit,student_test_nll,2.685259525426229,3,"42,43,44",absolute anchor plus paired mean differences
cifar,single,feddf_prob,student_test_nll,2.6126453875223796,3,"42,43,44",absolute anchor plus paired mean differences
cifar,single,oracle_logit,student_test_nll,1.7122937920888266,3,"42,43,44",absolute anchor plus paired mean differences
cifar,single,oracle_prob,student_test_nll,1.7122937920888266,3,"42,43,44",absolute anchor plus paired mean differences
cifar,single,expert_prob,student_test_nll,1.7122937920888266,3,"42,43,44",published absolute anchor
cifar,single,expert_prob_sr,student_test_nll,5.327596418253581,3,"42,43,44",absolute anchor plus paired mean differences
cifar,single,supervised_proxy_ce,student_test_nll,0.8753860672314961,3,"42,43,44",published absolute anchor
